video1.webm,0.85131794,0
video1000.webm,0.9039682,0
video1002.webm,0.8351432,0
video1008.webm,0.92382044,0
video1010.webm,0.814796,0
video1011.webm,0.90179366,0
video1013.webm,0.9118128,0
video1016.webm,0.8404434,0
video1018.webm,0.876474,0
video1026.webm,0.91439223,0
video1029.webm,0.8747939,0
video103.webm,0.8530705,0
video1034.webm,0.83436763,0
video1037.webm,0.8988322,0
video1058.webm,0.9143028,0
video1059.webm,0.84552634,0
video1062.webm,0.81200266,0
video1068.webm,0.93503654,0
video1072.webm,0.85554683,0
video1082.webm,0.85419846,0
video1087.webm,0.8225558,0
video109.webm,0.8511028,0
video1092.webm,0.9197891,0
video1094.webm,0.91599274,0
video1096.webm,0.85999334,0
video1098.webm,0.7564312,0
video11.webm,0.83323693,0
video1101.webm,0.86295,0
video1108.webm,0.85599506,0
video111.webm,0.7598062,0
video1113.webm,0.8518492,0
video1120.webm,0.88660866,0
video1123.webm,0.8778255,0
video1126.webm,0.8136487,0
video1130.webm,0.8318634,0
video1138.webm,0.89364004,0
video1140.webm,0.8801611,0
video1141.webm,0.8057317,0
video1142.webm,0.9044305,0
video1151.webm,0.8579525,0
video1155.webm,0.80770373,0
video1157.webm,0.8869842,0
video1158.webm,0.8717469,0
video116.webm,0.8321326,0
video1169.webm,0.8620255,0
video117.webm,0.82197976,0
video1172.webm,0.850184,0
video1179.webm,0.789942,0
video118.webm,0.897424,0
video1180.webm,0.8653774,0
video1187.webm,0.88491756,0
video1206.webm,0.84837765,0
video1209.webm,0.8006055,0
video1218.webm,0.87223166,0
video1226.webm,0.8195728,0
video1227.webm,0.85180867,0
video1232.webm,0.92859924,0
video1237.webm,0.8969474,0
video1240.webm,0.8387604,0
video1248.webm,0.8521137,0
video1252.webm,0.8728453,0
video1262.webm,0.86589676,0
video1268.webm,0.9115784,0
video1269.webm,0.8655971,0
video127.webm,0.7807375,0
video1271.webm,0.74942005,0
video1276.webm,0.89759284,0
video1279.webm,0.83457947,0
video1287.webm,0.85717833,0
video1292.webm,0.87271565,0
video1302.webm,0.89835966,0
video1303.webm,0.84471035,0
video1304.webm,0.8614706,0
video1306.webm,0.7414882,0
video1308.webm,0.82159716,0
video1313.webm,0.837027,0
video1314.webm,0.9097329,0
video1316.webm,0.8526305,0
video1318.webm,0.837531,0
video1320.webm,0.74835366,0
video1323.webm,0.8472433,0
video1326.webm,0.7582313,0
video1327.webm,0.8983065,0
video1331.webm,0.8469236,0
video1334.webm,0.87906504,0
video1339.webm,0.8692324,0
video134.webm,0.7810877,0
video1344.webm,0.8345045,0
video1349.webm,0.86529946,0
video135.webm,0.84884423,0
video1350.webm,0.88296604,0
video1360.webm,0.85760725,0
video1361.webm,0.81792474,0
video1362.webm,0.92295146,0
video1370.webm,0.86476564,0
video1372.webm,0.8966304,0
video1374.webm,0.8775311,0
video1376.webm,0.87155426,0
video1379.webm,0.9320208,0
video1381.webm,0.7172751,0
video1384.webm,0.8520668,0
video139.webm,0.8759368,0
video1390.webm,0.9276476,0
video1391.webm,0.8893019,0
video1396.webm,0.8128922,0
video14.webm,0.88249624,0
video1400.webm,0.8966272,0
video1418.webm,0.86921823,0
video1424.webm,0.85689956,0
video1425.webm,0.8614382,0
video144.webm,0.8720151,0
video1442.webm,0.8045684,0
video1448.webm,0.85063255,0
video1450.webm,0.83560926,0
video1468.webm,0.8685172,0
video1469.webm,0.8603686,0
video147.webm,0.9206983,0
video1475.webm,0.8892921,0
video148.webm,0.90798545,0
video1495.webm,0.8625612,0
video15.webm,0.89203787,0
video1500.webm,0.87291414,0
video1501.webm,0.917014,0
video1512.webm,0.89551026,0
video152.webm,0.85454845,0
video1520.webm,0.86799836,0
video1521.webm,0.8528662,0
video1523.webm,0.87563664,0
video1532.webm,0.8764441,0
video1545.webm,0.7936898,0
video1552.webm,0.908537,0
video1557.webm,0.8029063,0
video1566.webm,0.7824431,0
video1567.webm,0.83192515,0
video1568.webm,0.86201924,0
video1577.webm,0.8536966,0
video1578.webm,0.8896729,0
video1579.webm,0.754658,0
video1582.webm,0.8935156,0
video1585.webm,0.93290377,0
video1587.webm,0.82478464,0
video1588.webm,0.78875333,0
video1589.webm,0.87260354,0
video1616.webm,0.8490327,0
video1617.webm,0.8377672,0
video1620.webm,0.85717833,0
video1621.webm,0.829047,0
video1622.webm,0.8734919,0
video1623.webm,0.87291414,0
video1624.webm,0.85049963,0
video1626.webm,0.8886924,0
video1635.webm,0.7624823,0
video1641.webm,0.8601187,0
video1650.webm,0.8898939,0
video1651.webm,0.86055666,0
video1653.webm,0.88769037,0
video1659.webm,0.9109285,0
video1666.webm,0.7860385,0
video1668.webm,0.90495235,0
video1671.webm,0.8866519,0
video169.webm,0.7597148,0
video1692.webm,0.9134854,0
video1706.webm,0.8528526,0
video1710.webm,0.8055413,0
video1712.webm,0.9168217,0
video1713.webm,0.7658225,0
video1720.webm,0.880249,0
video1723.webm,0.86269057,0
video1726.webm,0.9051559,0
video1728.webm,0.9099739,0
video174.webm,0.85595024,0
video1752.webm,0.8297441,0
video1754.webm,0.8289812,0
video1773.webm,0.8642762,0
video1775.webm,0.83762646,0
video1776.webm,0.83063805,0
video1783.webm,0.88737375,0
video1787.webm,0.8996763,0
video1788.webm,0.75527096,0
video1791.webm,0.87525403,0
video1792.webm,0.8652714,0
video1796.webm,0.84876204,0
video1798.webm,0.8791459,0
video1808.webm,0.8518492,0
video181.webm,0.89471155,0
video1816.webm,0.8831416,0
video1820.webm,0.84274745,0
video1831.webm,0.87978995,0
video1836.webm,0.938148,0
video1840.webm,0.91726357,0
video1842.webm,0.8013643,0
video1845.webm,0.86506927,0
video1853.webm,0.82451606,0
video1856.webm,0.816617,0
video1870.webm,0.85093355,0
video1875.webm,0.91046834,0
video1876.webm,0.86856186,0
video1890.webm,0.8838109,0
video1892.webm,0.8451251,0
video1902.webm,0.85856616,0
video1910.webm,0.7963207,0
video1917.webm,0.68953,0
video1925.webm,0.8449851,0
video1927.webm,0.9093114,0
video1930.webm,0.8648561,0
video1932.webm,0.8170682,0
video1935.webm,0.8807132,0
video194.webm,0.8921835,0
video1945.webm,0.8248403,0
video1949.webm,0.87419665,0
video1959.webm,0.9571055,0
video197.webm,0.8234867,0
video1970.webm,0.85263836,0
video1972.webm,0.75788486,0
video1978.webm,0.8379034,0
video1987.webm,0.8839203,0
video1992.webm,0.8223053,0
video1994.webm,0.80863214,0
video2.webm,0.80085546,0
video2000.webm,0.890921,0
video2006.webm,0.80498135,0
video2007.webm,0.7591059,0
video2010.webm,0.8655971,0
video2015.webm,0.75117487,0
video2017.webm,0.8589088,0
video202.webm,0.84518236,0
video2021.webm,0.82006043,0
video2023.webm,0.85226685,0
video2039.webm,0.8551431,0
video204.webm,0.76419914,0
video2040.webm,0.9371147,0
video2043.webm,0.84852046,0
video2047.webm,0.7324456,0
video2048.webm,0.7860476,0
video2053.webm,0.9436311,0
video2056.webm,0.8765794,0
video2057.webm,0.8333704,0
video2067.webm,0.8527928,0
video2080.webm,0.8978354,0
video2081.webm,0.88609636,0
video2083.webm,0.86474425,0
video2084.webm,0.87867075,0
video2085.webm,0.82710236,0
video2090.webm,0.82694626,0
video2092.webm,0.8530227,0
video2094.webm,0.9336836,0
video2096.webm,0.8274259,0
video2099.webm,0.8921131,0
video2102.webm,0.8220928,0
video2109.webm,0.90381026,0
video2110.webm,0.88459855,0
video2113.webm,0.6948405,0
video2123.webm,0.8522857,0
video213.webm,0.8193661,0
video2134.webm,0.8455523,0
video2139.webm,0.88932335,0
video2142.webm,0.87388515,0
video2154.webm,0.8316449,0
video2158.webm,0.8994861,0
video2160.webm,0.8473847,0
video2161.webm,0.87729853,0
video2164.webm,0.8603876,0
video2167.webm,0.8745036,0
video2170.webm,0.8775848,0
video2174.webm,0.8107303,0
video219.webm,0.88467836,0
video2194.webm,0.8717072,0
video2195.webm,0.83788,0
video2196.webm,0.86225295,0
video2198.webm,0.8347622,0
video2204.webm,0.7861457,0
video2216.webm,0.8446066,0
video2219.webm,0.87078327,0
video2225.webm,0.86805916,0
video2229.webm,0.8471482,0
video2230.webm,0.8884281,0
video2231.webm,0.8988426,0
video2241.webm,0.8649398,0
video2243.webm,0.8739079,0
video2247.webm,0.832024,0
video226.webm,0.831969,0
video2265.webm,0.870004,0
video2269.webm,0.9018806,0
video2271.webm,0.8738214,0
video2277.webm,0.85313416,0
video2279.webm,0.80436575,0
video2281.webm,0.8613002,0
video2287.webm,0.85402286,0
video2288.webm,0.8714025,0
video229.webm,0.9261079,0
video2294.webm,0.90099466,0
video2299.webm,0.81703484,0
video230.webm,0.8753358,0
video2305.webm,0.87555444,0
video2307.webm,0.844653,0
video2313.webm,0.87214744,0
video232.webm,0.9245047,0
video2320.webm,0.89135635,0
video2331.webm,0.82176626,0
video2333.webm,0.83342534,0
video2338.webm,0.82338697,0
video2346.webm,0.84016395,0
video235.webm,0.8037996,0
video2350.webm,0.7775156,0
video2366.webm,0.8094226,0
video2368.webm,0.8946761,0
video2371.webm,0.7786777,0
video2378.webm,0.886436,0
video2384.webm,0.88829005,0
video2390.webm,0.8610915,0
video2392.webm,0.88264537,0
video24.webm,0.77895486,0
video2401.webm,0.88122153,0
video2407.webm,0.8782194,0
video2409.webm,0.8772655,0
video2415.webm,0.792348,0
video2416.webm,0.87681186,0
video2417.webm,0.7687794,0
video242.webm,0.84536576,0
video2427.webm,0.87113726,0
video2428.webm,0.87608755,0
video2439.webm,0.80963063,0
video2442.webm,0.86606026,0
video2451.webm,0.8277992,0
video2452.webm,0.88229495,0
video246.webm,0.8938851,0
video2462.webm,0.885903,0
video2465.webm,0.90591836,0
video2468.webm,0.8507655,0
video2481.webm,0.8111306,0
video2487.webm,0.8598914,0
video2493.webm,0.88937265,0
video2503.webm,0.87905407,0
video2504.webm,0.89124453,0
video2506.webm,0.8015684,0
video2510.webm,0.80550885,0
video2511.webm,0.77299464,0
video2518.webm,0.8497366,0
video252.webm,0.82877433,0
video2521.webm,0.80175483,0
video2522.webm,0.8313119,0
video2526.webm,0.8481982,0
video2534.webm,0.86195624,0
video2537.webm,0.8427168,0
video2544.webm,0.90896356,0
video2560.webm,0.8338224,0
video2563.webm,0.90591836,0
video2565.webm,0.8607734,0
video2572.webm,0.80986255,0
video2577.webm,0.80431074,0
video2578.webm,0.9093487,0
video2579.webm,0.7638124,0
video2590.webm,0.82638276,0
video2595.webm,0.81098014,0
video2606.webm,0.937207,0
video2611.webm,0.87194866,0
video2612.webm,0.8980173,0
video2617.webm,0.87629867,0
video262.webm,0.817106,0
video2624.webm,0.8775347,0
video2626.webm,0.7935257,0
video263.webm,0.8955335,0
video2631.webm,0.87817276,0
video2633.webm,0.90857214,0
video264.webm,0.8761674,0
video2644.webm,0.89559853,0
video2648.webm,0.8359707,0
video2657.webm,0.8508495,0
video266.webm,0.8541848,0
video2661.webm,0.8814483,0
video2662.webm,0.8868575,0
video2675.webm,0.7833195,0
video2676.webm,0.90994453,0
video2679.webm,0.91305256,0
video268.webm,0.85938764,0
video2683.webm,0.89963365,0
video2692.webm,0.8201771,0
video2697.webm,0.86002296,0
video2698.webm,0.8632087,0
video2699.webm,0.89542127,0
video270.webm,0.8585844,0
video2716.webm,0.9118128,0
video2720.webm,0.9207392,0
video2721.webm,0.8721055,0
video2723.webm,0.8969618,0
video2725.webm,0.8990845,0
video2730.webm,0.9364057,0
video2735.webm,0.82772017,0
video2746.webm,0.91712594,0
video2751.webm,0.8521048,0
video2752.webm,0.8195908,0
video2753.webm,0.8550118,0
video2754.webm,0.89145285,0
video2766.webm,0.88912296,0
video2768.webm,0.8640608,0
video2776.webm,0.867375,0
video2778.webm,0.8527207,0
video2783.webm,0.81193674,0
video2790.webm,0.8477164,0
video2795.webm,0.8375118,0
video2806.webm,0.88324237,0
video2810.webm,0.8591449,0
video2814.webm,0.89483356,0
video2815.webm,0.83918166,0
video2818.webm,0.8436396,0
video2820.webm,0.8793725,0
video2822.webm,0.8727804,0
video2824.webm,0.871106,0
video2837.webm,0.91814566,0
video2842.webm,0.88559246,0
video2847.webm,0.85022956,0
video285.webm,0.8380757,0
video2851.webm,0.91211903,0
video2852.webm,0.8811213,0
video2854.webm,0.7402215,0
video2856.webm,0.8274958,0
video2858.webm,0.73742706,0
video286.webm,0.7731717,0
video2864.webm,0.8600966,0
video2870.webm,0.93295354,0
video2872.webm,0.8615222,0
video2873.webm,0.8301505,0
video2877.webm,0.874256,0
video2885.webm,0.881117,0
video289.webm,0.9135386,0
video2890.webm,0.8574948,0
video2905.webm,0.89440024,0
video2912.webm,0.9030467,0
video2918.webm,0.8803811,0
video2926.webm,0.8682667,0
video2940.webm,0.88166714,0
video2950.webm,0.75768656,0
video2957.webm,0.7676266,0
video2966.webm,0.8628099,0
video2969.webm,0.8655971,0
video2975.webm,0.85800326,0
video2976.webm,0.80657816,0
video2980.webm,0.8751368,0
video2989.webm,0.8625507,0
video2993.webm,0.89834934,0
video2995.webm,0.700872,0
video3008.webm,0.9310434,0
video3011.webm,0.865232,0
video3013.webm,0.8651215,0
video3016.webm,0.86954117,0
video3017.webm,0.7566907,0
video3027.webm,0.87060165,0
video3033.webm,0.82479244,0
video3034.webm,0.8487943,0
video3038.webm,0.8919904,0
video3045.webm,0.89442456,0
video3052.webm,0.80779064,0
video3064.webm,0.8923805,0
video307.webm,0.8497992,0
video3070.webm,0.8894087,0
video3071.webm,0.7832805,0
video3075.webm,0.8656693,0
video3081.webm,0.8638884,0
video3083.webm,0.8497329,0
video3085.webm,0.83585894,0
video3088.webm,0.85441935,0
video309.webm,0.9480145,0
video3108.webm,0.94899064,0
video3110.webm,0.8719077,0
video3115.webm,0.8554692,0
video312.webm,0.8823117,0
video314.webm,0.8115714,0
video3140.webm,0.8515034,0
video3141.webm,0.8873458,0
video3143.webm,0.813792,0
video3148.webm,0.87305605,0
video3156.webm,0.89150727,0
video3157.webm,0.87724376,0
video3164.webm,0.82600623,0
video3166.webm,0.88009846,0
video3170.webm,0.92687654,0
video3174.webm,0.9107125,0
video3198.webm,0.8452331,0
video320.webm,0.8015671,0
video3203.webm,0.8228637,0
video3209.webm,0.840658,0
video3210.webm,0.86606055,0
video3219.webm,0.8569263,0
video3222.webm,0.8226856,0
video3226.webm,0.86897945,0
video3228.webm,0.7962804,0
video3229.webm,0.9245047,0
video3233.webm,0.8516811,0
video3234.webm,0.77576226,0
video3240.webm,0.8142284,0
video3241.webm,0.8627846,0
video3253.webm,0.8674309,0
video3257.webm,0.8317877,0
video3260.webm,0.880121,0
video3267.webm,0.9042207,0
video3272.webm,0.8045689,0
video3274.webm,0.90228415,0
video3279.webm,0.83645827,0
video328.webm,0.9240324,0
video3289.webm,0.8389674,0
video3290.webm,0.8496474,0
video3293.webm,0.9021597,0
video3295.webm,0.9056412,0
video3296.webm,0.84933734,0
video3298.webm,0.8721422,0
video3300.webm,0.90627855,0
video3302.webm,0.8773813,0
video3303.webm,0.93295604,0
video3306.webm,0.91285306,0
video3310.webm,0.8318256,0
video3312.webm,0.8450074,0
video3320.webm,0.8343923,0
video3326.webm,0.8870263,0
video3332.webm,0.8721889,0
video3336.webm,0.9103439,0
video3337.webm,0.8674335,0
video3342.webm,0.9103204,0
video3345.webm,0.8478519,0
video3347.webm,0.827216,0
video3349.webm,0.81856495,0
video3350.webm,0.8423935,0
video3355.webm,0.8494551,0
video3356.webm,0.8580971,0
video3360.webm,0.8716687,0
video3364.webm,0.7836511,0
video3366.webm,0.8105727,0
video3369.webm,0.8362845,0
video337.webm,0.89135605,0
video3372.webm,0.8382259,0
video3374.webm,0.84643567,0
video3378.webm,0.8786294,0
video3381.webm,0.81961226,0
video3383.webm,0.86049706,0
video3385.webm,0.8447581,0
video3413.webm,0.855757,0
video3419.webm,0.8227209,0
video3422.webm,0.8812939,0
video3424.webm,0.84888303,0
video3429.webm,0.80866516,0
video343.webm,0.8577366,0
video3432.webm,0.8502027,0
video3437.webm,0.82213926,0
video3438.webm,0.85861385,0
video3443.webm,0.74906075,0
video3445.webm,0.8415363,0
video3446.webm,0.7977047,0
video3458.webm,0.7841927,0
video3461.webm,0.9032874,0
video3464.webm,0.8733628,0
video3467.webm,0.91173005,0
video3469.webm,0.8477557,0
video3473.webm,0.8223616,0
video3475.webm,0.87570006,0
video3483.webm,0.878346,0
video3484.webm,0.8230823,0
video3485.webm,0.9241668,0
video3486.webm,0.82147825,0
video3494.webm,0.90588105,0
video350.webm,0.9183878,0
video3502.webm,0.88070214,0
video3514.webm,0.8847438,0
video3520.webm,0.89887214,0
video3521.webm,0.7767581,0
video3522.webm,0.78675854,0
video3531.webm,0.6883087,0
video3541.webm,0.89626175,0
video3542.webm,0.8426081,0
video3544.webm,0.78039473,0
video3548.webm,0.8433608,0
video3549.webm,0.9016168,0
video3550.webm,0.84316766,0
video3552.webm,0.88729274,0
video3559.webm,0.8161656,0
video3562.webm,0.85961425,0
video3565.webm,0.8874363,0
video3566.webm,0.79895735,0
video3568.webm,0.88587123,0
video3573.webm,0.83753055,0
video3581.webm,0.8362149,0
video3586.webm,0.7670817,0
video3587.webm,0.8633174,0
video3589.webm,0.7859751,0
video3594.webm,0.79893243,0
video360.webm,0.856238,0
video3600.webm,0.8809457,0
video3609.webm,0.78862214,0
video3615.webm,0.86605,0
video3621.webm,0.87716556,0
video3623.webm,0.8485683,0
video3625.webm,0.90002835,0
video363.webm,0.8912598,0
video3630.webm,0.8936199,0
video3633.webm,0.8461902,0
video3638.webm,0.8086222,0
video3640.webm,0.87125087,0
video3644.webm,0.8525267,0
video3645.webm,0.7801549,0
video3646.webm,0.86718297,0
video3648.webm,0.8652781,0
video3651.webm,0.76934165,0
video3658.webm,0.9201846,0
video3660.webm,0.720716,0
video3661.webm,0.88257587,0
video3670.webm,0.87758374,0
video3671.webm,0.8237562,0
video3674.webm,0.8256445,0
video3678.webm,0.87914205,0
video3681.webm,0.9120219,0
video3684.webm,0.80440664,0
video3687.webm,0.8653774,0
video3689.webm,0.86787367,0
video3695.webm,0.76772964,0
video3703.webm,0.8306615,0
video3706.webm,0.8626022,0
video3708.webm,0.8467698,0
video3709.webm,0.901752,0
video3716.webm,0.83675456,0
video3722.webm,0.8150478,0
video3725.webm,0.8726754,0
video3729.webm,0.848532,0
video374.webm,0.9132385,0
video3743.webm,0.80516917,0
video3744.webm,0.8643924,0
video3753.webm,0.9153038,0
video376.webm,0.84803975,0
video3774.webm,0.8858882,0
video3775.webm,0.8912338,0
video3781.webm,0.78532386,0
video3782.webm,0.86020243,0
video3796.webm,0.8284941,0
video380.webm,0.89796734,0
video3805.webm,0.85157174,0
video3806.webm,0.75158316,0
video3808.webm,0.87827957,0
video3823.webm,0.8893127,0
video3826.webm,0.80021167,0
video3827.webm,0.7906615,0
video383.webm,0.86250114,0
video3830.webm,0.79487103,0
video3841.webm,0.82657313,0
video3848.webm,0.8917426,0
video3856.webm,0.8655971,0
video3865.webm,0.80440664,0
video3870.webm,0.7814327,0
video3875.webm,0.8546529,0
video3876.webm,0.88845384,0
video3878.webm,0.89298666,0
video3879.webm,0.935864,0
video388.webm,0.82949215,0
video3883.webm,0.9143566,0
video3888.webm,0.8691144,0
video3900.webm,0.86869866,0
video3902.webm,0.87218106,0
video3906.webm,0.828474,0
video3911.webm,0.83282936,0
video3915.webm,0.76883435,0
video3916.webm,0.80543077,0
video3920.webm,0.83748925,0
video3921.webm,0.8460397,0
video3930.webm,0.8712648,0
video3934.webm,0.901181,0
video3935.webm,0.90827984,0
video3939.webm,0.9126171,0
video3945.webm,0.86597234,0
video3947.webm,0.8828856,0
video3948.webm,0.82846737,0
video3950.webm,0.89958364,0
video3951.webm,0.8659729,0
video3954.webm,0.85454845,0
video3958.webm,0.890991,0
video3959.webm,0.87934995,0
video3963.webm,0.9118281,0
video3966.webm,0.81944555,0
video397.webm,0.858152,0
video3973.webm,0.8313753,0
video3978.webm,0.87358165,0
video3987.webm,0.8389968,0
video3990.webm,0.8302151,0
video3992.webm,0.85133636,0
video3996.webm,0.85175264,0
video3998.webm,0.84911335,0
video3999.webm,0.87900054,0
video4001.webm,0.84442306,0
video4002.webm,0.87447953,0
video4013.webm,0.9389671,0
video4019.webm,0.92567754,0
video4021.webm,0.884925,0
video4023.webm,0.91778284,0
video4025.webm,0.80128753,0
video4027.webm,0.8875103,0
video4034.webm,0.8927524,0
video4036.webm,0.831917,0
video4037.webm,0.8454943,0
video4038.webm,0.86362356,0
video4041.webm,0.8652508,0
video4042.webm,0.83229387,0
video4048.webm,0.80505764,0
video4053.webm,0.83133996,0
video406.webm,0.8988322,0
video4072.webm,0.8471482,0
video4073.webm,0.82346153,0
video4076.webm,0.8811381,0
video4084.webm,0.87387323,0
video4090.webm,0.85506845,0
video4093.webm,0.83873457,0
video4096.webm,0.8520831,0
video4102.webm,0.92793006,0
video4105.webm,0.83302045,0
video4112.webm,0.8134942,0
video4114.webm,0.8621939,0
video4115.webm,0.9003378,0
video4126.webm,0.86386836,0
video4127.webm,0.85830814,0
video4132.webm,0.9210265,0
video4133.webm,0.889091,0
video4134.webm,0.84939814,0
video4137.webm,0.83928674,0
video414.webm,0.88252926,0
video4146.webm,0.87235,0
video415.webm,0.8576894,0
video4151.webm,0.8652445,0
video4166.webm,0.8470531,0
video4167.webm,0.8781885,0
video4176.webm,0.79296887,0
video4177.webm,0.81631577,0
video4181.webm,0.8692,0
video4188.webm,0.8496474,0
video4197.webm,0.8806027,0
video4199.webm,0.83730006,0
video42.webm,0.8433373,0
video420.webm,0.8208505,0
video4201.webm,0.91169894,0
video4215.webm,0.844753,0
video422.webm,0.8745209,0
video4221.webm,0.94801676,0
video4222.webm,0.862859,0
video4225.webm,0.89729214,0
video4232.webm,0.85684806,0
video4234.webm,0.84638655,0
video4244.webm,0.92051584,0
video4248.webm,0.84930515,0
video4253.webm,0.77772355,0
video4259.webm,0.8605478,0
video426.webm,0.8742085,0
video4267.webm,0.86345214,0
video4268.webm,0.87672627,0
video427.webm,0.839501,0
video4270.webm,0.8628099,0
video4271.webm,0.8061815,0
video4289.webm,0.9309099,0
video429.webm,0.8605327,0
video4290.webm,0.9118128,0
video4300.webm,0.8191271,0
video4301.webm,0.89091355,0
video4304.webm,0.84651756,0
video4311.webm,0.91341186,0
video4313.webm,0.82349944,0
video4317.webm,0.8882804,0
video432.webm,0.829393,0
video4320.webm,0.8565664,0
video4326.webm,0.89892226,0
video4330.webm,0.9135681,0
video4333.webm,0.86814344,0
video4346.webm,0.8740629,0
video4351.webm,0.87829155,0
video436.webm,0.9135412,0
video4361.webm,0.88304174,0
video4362.webm,0.6948405,0
video4364.webm,0.8760494,0
video4366.webm,0.7602163,0
video4367.webm,0.8079748,0
video4372.webm,0.8052978,0
video4377.webm,0.8484694,0
video4383.webm,0.88381255,0
video4384.webm,0.9381891,0
video4395.webm,0.90477705,0
video4398.webm,0.89550745,0
video4401.webm,0.80440664,0
video4414.webm,0.850716,0
video4415.webm,0.8757609,0
video4417.webm,0.9267081,0
video4421.webm,0.88312006,0
video4426.webm,0.7526927,0
video4436.webm,0.9153476,0
video4437.webm,0.8725884,0
video4438.webm,0.87047887,0
video4445.webm,0.87660086,0
video445.webm,0.7969792,0
video4454.webm,0.85916346,0
video4457.webm,0.8811875,0
video4466.webm,0.88318163,0
video4489.webm,0.875524,0
video4490.webm,0.8116081,0
video450.webm,0.90934527,0
video4502.webm,0.90523094,0
video4509.webm,0.9141555,0
video4514.webm,0.77550256,0
video4517.webm,0.856755,0
video4521.webm,0.83130884,0
video4532.webm,0.8156584,0
video4535.webm,0.8760289,0
video4541.webm,0.82232904,0
video4551.webm,0.87149507,0
video4555.webm,0.8946997,0
video4556.webm,0.868541,0
video4560.webm,0.8280332,0
video4561.webm,0.8464536,0
video457.webm,0.8681232,0
video4572.webm,0.788657,0
video4574.webm,0.8967451,0
video4579.webm,0.86370885,0
video4584.webm,0.7884998,0
video4586.webm,0.9463723,0
video4588.webm,0.8461163,0
video4589.webm,0.78949684,0
video459.webm,0.8503486,0
video4591.webm,0.84759754,0
video4592.webm,0.89073074,0
video4593.webm,0.85970515,0
video4596.webm,0.80430984,0
video4600.webm,0.8841019,0
video4603.webm,0.866554,0
video4608.webm,0.8015671,0
video4616.webm,0.8604699,0
video4624.webm,0.8887356,0
video4633.webm,0.8193592,0
video4636.webm,0.8610915,0
video4638.webm,0.8208096,0
video4641.webm,0.91724664,0
video4650.webm,0.8654207,0
video4656.webm,0.8686676,0
video4659.webm,0.8734209,0
video466.webm,0.9282373,0
video4665.webm,0.89041257,0
video4669.webm,0.88456213,0
video4672.webm,0.8801044,0
video4673.webm,0.8088758,0
video4675.webm,0.85124433,0
video4676.webm,0.8908725,0
video468.webm,0.87193406,0
video4682.webm,0.83323693,0
video4683.webm,0.8367468,0
video469.webm,0.8542657,0
video4691.webm,0.8336328,0
video4693.webm,0.87276566,0
video4694.webm,0.8371318,0
video4696.webm,0.9117561,0
video4698.webm,0.86002135,0
video4705.webm,0.87148356,0
video471.webm,0.8355696,0
video4711.webm,0.9291707,0
video4713.webm,0.77755314,0
video4724.webm,0.8483361,0
video4727.webm,0.8391111,0
video4728.webm,0.8614098,0
video474.webm,0.81071985,0
video4744.webm,0.87684083,0
video4748.webm,0.82752603,0
video4755.webm,0.8688557,0
video4757.webm,0.7833282,0
video4762.webm,0.8456979,0
video4767.webm,0.9118128,0
video4778.webm,0.887235,0
video4784.webm,0.8734253,0
video4785.webm,0.88742113,0
video4786.webm,0.9023762,0
video4789.webm,0.82172674,0
video4792.webm,0.8601773,0
video4806.webm,0.8292748,0
video482.webm,0.8717969,0
video4847.webm,0.87361026,0
video4849.webm,0.8674637,0
video4856.webm,0.79440475,0
video4859.webm,0.8469268,0
video4861.webm,0.8506757,0
video4875.webm,0.8470994,0
video4880.webm,0.88621986,0
video4883.webm,0.8813206,0
video4887.webm,0.9040493,0
video4888.webm,0.84039116,0
video4889.webm,0.85468996,0
video4895.webm,0.86219263,0
video4898.webm,0.8520326,0
video4899.webm,0.8062867,0
video490.webm,0.85746604,0
video4905.webm,0.8184376,0
video4908.webm,0.87784576,0
video4913.webm,0.8627602,0
video4915.webm,0.8531336,0
video4919.webm,0.8831786,0
video493.webm,0.8913996,0
video4937.webm,0.8178097,0
video4939.webm,0.7345004,0
video4942.webm,0.8313606,0
video4945.webm,0.8949042,0
video4947.webm,0.8828585,0
video4952.webm,0.8880943,0
video4953.webm,0.8635273,0
video4955.webm,0.8116348,0
video4957.webm,0.9186082,0
video4958.webm,0.8281969,0
video4969.webm,0.93503886,0
video4981.webm,0.8881433,0
video4982.webm,0.8955469,0
video4985.webm,0.8811381,0
video4988.webm,0.88351774,0
video5.webm,0.71545,0
video50.webm,0.82408607,0
video5003.webm,0.8223661,0
video5005.webm,0.873742,0
video5009.webm,0.92875874,0
video5011.webm,0.86312616,0
video5014.webm,0.7801181,0
video5021.webm,0.8362429,0
video5027.webm,0.88932335,0
video5035.webm,0.90688324,0
video5040.webm,0.8648561,0
video5046.webm,0.7571579,0
video5052.webm,0.7691691,0
video5053.webm,0.8117626,0
video5054.webm,0.84217936,0
video5057.webm,0.8296149,0
video5065.webm,0.8619716,0
video5067.webm,0.8311355,0
video507.webm,0.8497888,0
video5071.webm,0.8558434,0
video5073.webm,0.8793297,0
video5077.webm,0.87984693,0
video5079.webm,0.87103516,0
video5092.webm,0.85999334,0
video5094.webm,0.82205564,0
video5096.webm,0.90355694,0
video5098.webm,0.9123119,0
video5102.webm,0.9047951,0
video5116.webm,0.871106,0
video5118.webm,0.840701,0
video5119.webm,0.89529884,0
video5125.webm,0.8141938,0
video5139.webm,0.867434,0
video514.webm,0.89171803,0
video5148.webm,0.88728535,0
video5149.webm,0.8756093,0
video5152.webm,0.9240217,0
video5175.webm,0.85677457,0
video5180.webm,0.85290086,0
video5188.webm,0.90701276,0
video5190.webm,0.90975857,0
video5191.webm,0.8902905,0
video520.webm,0.892627,0
video5209.webm,0.83865416,0
video5210.webm,0.84543765,0
video5216.webm,0.78161794,0
video5217.webm,0.8680353,0
video523.webm,0.9016694,0
video5236.webm,0.8516729,0
video5256.webm,0.8884097,0
video526.webm,0.88467896,0
video5261.webm,0.85311985,0
video5267.webm,0.8610593,0
video527.webm,0.8371787,0
video5273.webm,0.8367468,0
video5276.webm,0.88970286,0
video5277.webm,0.8438345,0
video5278.webm,0.9019149,0
video528.webm,0.85943305,0
video5288.webm,0.825966,0
video5294.webm,0.84800124,0
video5295.webm,0.88768244,0
video5297.webm,0.87105227,0
video5299.webm,0.83919,0
video5307.webm,0.7163632,0
video5308.webm,0.79610634,0
video5313.webm,0.874689,0
video5315.webm,0.82292104,0
video5322.webm,0.8875103,0
video5324.webm,0.8421447,0
video5325.webm,0.754658,0
video5333.webm,0.9089101,0
video5335.webm,0.84536576,0
video5347.webm,0.85993195,0
video5353.webm,0.91778284,0
video5356.webm,0.87294096,0
video5366.webm,0.7397543,0
video5370.webm,0.85135406,0
video5374.webm,0.8981128,0
video5378.webm,0.8587727,0
video5380.webm,0.7756698,0
video5385.webm,0.9038583,0
video5393.webm,0.86013937,0
video5399.webm,0.86942804,0
video5402.webm,0.83504736,0
video5412.webm,0.839736,0
video5415.webm,0.84760314,0
video5416.webm,0.8813264,0
video5423.webm,0.8954923,0
video5428.webm,0.83502054,0
video5430.webm,0.88257587,0
video5431.webm,0.8867238,0
video5449.webm,0.8518492,0
video5463.webm,0.7846765,0
video5464.webm,0.84664667,0
video5468.webm,0.8674368,0
video5469.webm,0.8756382,0
video5471.webm,0.8792144,0
video5473.webm,0.8969325,0
video5475.webm,0.860115,0
video5485.webm,0.78974605,0
video5492.webm,0.8791995,0
video5493.webm,0.85092354,0
video5499.webm,0.9152231,0
video551.webm,0.87071645,0
video5515.webm,0.754658,0
video5517.webm,0.9076284,0
video5523.webm,0.90595084,0
video5527.webm,0.8264215,0
video5529.webm,0.84536576,0
video5531.webm,0.79945165,0
video5532.webm,0.84976864,0
video5534.webm,0.88125926,0
video5537.webm,0.7929428,0
video5540.webm,0.8718648,0
video5549.webm,0.9161418,0
video5556.webm,0.8214053,0
video5557.webm,0.857237,0
video5558.webm,0.86802995,0
video5572.webm,0.81309754,0
video5574.webm,0.8231466,0
video5583.webm,0.82338834,0
video5586.webm,0.8349528,0
video5599.webm,0.8325124,0
video5603.webm,0.78609,0
video5613.webm,0.8454039,0
video5631.webm,0.91012216,0
video5632.webm,0.7449658,0
video5633.webm,0.77769876,0
video5634.webm,0.86728805,0
video5635.webm,0.8259609,0
video5636.webm,0.81063884,0
video5642.webm,0.7896396,0
video5647.webm,0.78205556,0
video5652.webm,0.8506369,0
video5659.webm,0.7797073,0
video5672.webm,0.8889347,0
video5680.webm,0.85193545,0
video5683.webm,0.78918844,0
video5690.webm,0.85298073,0
video5692.webm,0.9071242,0
video5695.webm,0.8175235,0
video570.webm,0.889367,0
video5708.webm,0.7327446,0
video5714.webm,0.89440125,0
video572.webm,0.8514155,0
video5726.webm,0.8556036,0
video5727.webm,0.8696594,0
video5728.webm,0.8427812,0
video5732.webm,0.8547151,0
video5735.webm,0.8652714,0
video5738.webm,0.8369763,0
video5741.webm,0.87914205,0
video5744.webm,0.82346153,0
video5749.webm,0.8853505,0
video575.webm,0.88036233,0
video5752.webm,0.938586,0
video5774.webm,0.8453508,0
video5782.webm,0.87353194,0
video5787.webm,0.85546374,0
video5789.webm,0.87109363,0
video5792.webm,0.8751732,0
video5795.webm,0.9014467,0
video5796.webm,0.8825646,0
video5798.webm,0.9123024,0
video5803.webm,0.87705356,0
video5814.webm,0.8102562,0
video5820.webm,0.88112056,0
video5827.webm,0.8117373,0
video5830.webm,0.8767587,0
video5834.webm,0.85654116,0
video5836.webm,0.83732045,0
video5839.webm,0.8355696,0
video5844.webm,0.6948405,0
video5847.webm,0.9384649,0
video5855.webm,0.85095376,0
video5857.webm,0.76154816,0
video5858.webm,0.81217945,0
video5868.webm,0.79799956,0
video5870.webm,0.86666656,0
video5878.webm,0.8119322,0
video588.webm,0.88119304,0
video5882.webm,0.8746698,0
video5885.webm,0.86830944,0
video5894.webm,0.87514234,0
video59.webm,0.86062264,0
video5905.webm,0.85744476,0
video5908.webm,0.83125824,0
video5915.webm,0.8466995,0
video5916.webm,0.836712,0
video5917.webm,0.80758035,0
video5923.webm,0.7955731,0
video5928.webm,0.79546833,0
video5933.webm,0.8847358,0
video5946.webm,0.88968027,0
video595.webm,0.8533249,0
video596.webm,0.8447887,0
video597.webm,0.79353863,0
video5971.webm,0.9163452,0
video5973.webm,0.87867075,0
video5982.webm,0.82574064,0
video5983.webm,0.8270216,0
video5985.webm,0.81295526,0
video5987.webm,0.85819596,0
video5988.webm,0.8102562,0
video5996.webm,0.8910016,0
video5997.webm,0.90953374,0
video5999.webm,0.8643385,0
video6008.webm,0.93606335,0
video601.webm,0.87721384,0
video6014.webm,0.86195624,0
video6020.webm,0.8951769,0
video6023.webm,0.8275126,0
video6025.webm,0.84517014,0
video6029.webm,0.82016605,0
video6035.webm,0.89803493,0
video6045.webm,0.8739109,0
video6046.webm,0.8723537,0
video6053.webm,0.86804855,0
video6066.webm,0.87564135,0
video6070.webm,0.81916076,0
video6078.webm,0.79781234,0
video6082.webm,0.68777746,0
video6083.webm,0.85751945,0
video6085.webm,0.8215455,0
video6090.webm,0.8363375,0
video6101.webm,0.8904213,0
video6108.webm,0.9518124,0
video6113.webm,0.8630301,0
video6118.webm,0.8594218,0
video6124.webm,0.836805,0
video6125.webm,0.85280764,0
video613.webm,0.9154016,0
video6130.webm,0.8564744,0
video6137.webm,0.73657864,0
video6144.webm,0.7994323,0
video6147.webm,0.8110508,0
video6153.webm,0.8705022,0
video6159.webm,0.8546709,0
video6176.webm,0.84669733,0
video6180.webm,0.8744434,0
video6181.webm,0.8962533,0
video6193.webm,0.87398684,0
video6197.webm,0.8519883,0
video6200.webm,0.8355696,0
video6202.webm,0.8166026,0
video6211.webm,0.8639338,0
video6217.webm,0.8943158,0
video6220.webm,0.8090903,0
video6222.webm,0.7612764,0
video6223.webm,0.8945247,0
video6226.webm,0.8352292,0
video6228.webm,0.8606398,0
video6229.webm,0.8448538,0
video6238.webm,0.8727299,0
video6241.webm,0.9242898,0
video6242.webm,0.8193747,0
video6249.webm,0.8701874,0
video6251.webm,0.903967,0
video6253.webm,0.814911,0
video6259.webm,0.81210285,0
video6263.webm,0.8040172,0
video6267.webm,0.8579408,0
video6273.webm,0.91729736,0
video6274.webm,0.8665017,0
video6282.webm,0.87744105,0
video6283.webm,0.88035715,0
video6287.webm,0.8831977,0
video6292.webm,0.92382044,0
video630.webm,0.8949212,0
video6300.webm,0.7495686,0
video6301.webm,0.89057696,0
video6302.webm,0.85999334,0
video6308.webm,0.88910633,0
video6314.webm,0.81992733,0
video6327.webm,0.8865719,0
video6334.webm,0.8523902,0
video6341.webm,0.85373795,0
video6345.webm,0.87867075,0
video6355.webm,0.87087786,0
video6360.webm,0.81689656,0
video6364.webm,0.857276,0
video6365.webm,0.8551922,0
video6367.webm,0.88742113,0
video6369.webm,0.8385029,0
video637.webm,0.8172796,0
video6371.webm,0.90609974,0
video6372.webm,0.8585223,0
video6374.webm,0.9123689,0
video6375.webm,0.83669657,0
video6383.webm,0.8757581,0
video6384.webm,0.8420216,0
video6389.webm,0.84475935,0
video6394.webm,0.8528958,0
video64.webm,0.7866776,0
video6405.webm,0.8964268,0
video6411.webm,0.8744526,0
video6414.webm,0.83724535,0
video6417.webm,0.8282725,0
video6424.webm,0.8787514,0
video6428.webm,0.7903902,0
video6430.webm,0.9419441,0
video6435.webm,0.7515585,0
video6443.webm,0.8488343,0
video6445.webm,0.9532174,0
video6449.webm,0.91778284,0
video645.webm,0.8240074,0
video6451.webm,0.9058646,0
video6455.webm,0.8184916,0
video6459.webm,0.7229685,0
video6464.webm,0.82017475,0
video6468.webm,0.8799089,0
video6469.webm,0.8065267,0
video6471.webm,0.80973816,0
video6472.webm,0.9273889,0
video6482.webm,0.8500837,0
video6487.webm,0.8886657,0
video6490.webm,0.8964013,0
video6495.webm,0.86080825,0
video6497.webm,0.77970505,0
video6500.webm,0.85847604,0
video6511.webm,0.82125086,0
video6513.webm,0.94092864,0
video6514.webm,0.85578763,0
video6520.webm,0.86085653,0
video6522.webm,0.8875903,0
video6529.webm,0.93295354,0
video653.webm,0.86265117,0
video6548.webm,0.85845184,0
video6549.webm,0.84649646,0
video655.webm,0.8743803,0
video6553.webm,0.75788486,0
video6571.webm,0.85501504,0
video6575.webm,0.9227393,0
video658.webm,0.75478077,0
video6580.webm,0.86444306,0
video659.webm,0.8762326,0
video6597.webm,0.8893127,0
video6603.webm,0.8047025,0
video6605.webm,0.745888,0
video6606.webm,0.8864731,0
video6612.webm,0.8672241,0
video6614.webm,0.8580827,0
video6615.webm,0.8323966,0
video6620.webm,0.8000248,0
video6631.webm,0.9046873,0
video6636.webm,0.8799329,0
video6638.webm,0.82182467,0
video6642.webm,0.8366226,0
video6644.webm,0.85115135,0
video6653.webm,0.90668297,0
video6657.webm,0.84536576,0
video666.webm,0.8805281,0
video6665.webm,0.80117,0
video6666.webm,0.8855455,0
video6679.webm,0.92950934,0
video6685.webm,0.78038883,0
video6693.webm,0.89624095,0
video6697.webm,0.91046834,0
video6698.webm,0.8198674,0
video670.webm,0.84289813,0
video6701.webm,0.80026925,0
video6705.webm,0.81241894,0
video6709.webm,0.8710395,0
video6715.webm,0.77785844,0
video6720.webm,0.8573816,0
video6723.webm,0.8499464,0
video6724.webm,0.8593346,0
video6729.webm,0.86576664,0
video673.webm,0.86830544,0
video6732.webm,0.856177,0
video6738.webm,0.7827961,0
video6739.webm,0.881637,0
video6744.webm,0.8749808,0
video6750.webm,0.82846737,0
video6758.webm,0.8850837,0
video6761.webm,0.8061327,0
video6768.webm,0.8731938,0
video6770.webm,0.9123092,0
video6774.webm,0.7903367,0
video6775.webm,0.8386433,0
video6778.webm,0.9096283,0
video6787.webm,0.9310453,0
video6805.webm,0.9398914,0
video6818.webm,0.8460865,0
video6821.webm,0.89283514,0
video6824.webm,0.8295636,0
video6827.webm,0.90549815,0
video6835.webm,0.8264272,0
video6837.webm,0.8307763,0
video6838.webm,0.8375847,0
video6840.webm,0.880194,0
video6843.webm,0.8157116,0
video6848.webm,0.89395213,0
video685.webm,0.7693038,0
video6855.webm,0.8919904,0
video6857.webm,0.8535372,0
video6867.webm,0.87817276,0
video6868.webm,0.8625163,0
video6874.webm,0.88725257,0
video6881.webm,0.87148356,0
video6884.webm,0.74662733,0
video6892.webm,0.90462863,0
video6902.webm,0.8649722,0
video6906.webm,0.9030862,0
video691.webm,0.89686894,0
video6916.webm,0.770563,0
video693.webm,0.91794896,0
video6930.webm,0.914737,0
video6938.webm,0.8569091,0
video694.webm,0.8738493,0
video6943.webm,0.8529922,0
video6944.webm,0.75367415,0
video6957.webm,0.8665794,0
video6963.webm,0.91415095,0
video6967.webm,0.8864021,0
video6969.webm,0.8871966,0
video6971.webm,0.8794416,0
video6972.webm,0.8853932,0
video698.webm,0.8478118,0
video6980.webm,0.87148875,0
video6982.webm,0.8255938,0
video6986.webm,0.8583957,0
video6987.webm,0.8851285,0
video6995.webm,0.916005,0
video6997.webm,0.8145592,0
video7.webm,0.89678335,0
video70.webm,0.8733194,0
video700.webm,0.8609593,0
video7000.webm,0.84753215,0
video7014.webm,0.8484062,0
video7019.webm,0.89190507,0
video702.webm,0.8632087,0
video7020.webm,0.88906944,0
video7032.webm,0.83616865,0
video7035.webm,0.91081524,0
video7036.webm,0.8153987,0
video7039.webm,0.8842957,0
video7049.webm,0.8795134,0
video7053.webm,0.90339434,0
video7054.webm,0.83371526,0
video7055.webm,0.92413497,0
video706.webm,0.8965727,0
video7062.webm,0.869733,0
video7068.webm,0.87749505,0
video707.webm,0.89014596,0
video7075.webm,0.8801162,0
video7076.webm,0.89137495,0
video7092.webm,0.8868575,0
video71.webm,0.9243455,0
video710.webm,0.90345323,0
video7107.webm,0.86958265,0
video7111.webm,0.91279936,0
video7120.webm,0.9270082,0
video7123.webm,0.87413776,0
video7124.webm,0.8970716,0
video7130.webm,0.8539051,0
video7137.webm,0.8400562,0
video7139.webm,0.84906125,0
video714.webm,0.9291589,0
video7158.webm,0.8464118,0
video7169.webm,0.83837664,0
video7171.webm,0.9122936,0
video7178.webm,0.9118128,0
video7182.webm,0.78621745,0
video7186.webm,0.88230443,0
video7187.webm,0.85259974,0
video7190.webm,0.88475883,0
video7212.webm,0.87534344,0
video7228.webm,0.9432136,0
video7232.webm,0.86196876,0
video7234.webm,0.9118128,0
video7236.webm,0.8234992,0
video7247.webm,0.92962384,0
video7252.webm,0.82046247,0
video7254.webm,0.8230625,0
video7268.webm,0.9016999,0
video7272.webm,0.8243745,0
video7277.webm,0.919025,0
video7280.webm,0.832024,0
video7282.webm,0.81916076,0
video7284.webm,0.8320315,0
video7294.webm,0.9149735,0
video7316.webm,0.8659986,0
video7323.webm,0.85798633,0
video7326.webm,0.884856,0
video7327.webm,0.82928884,0
video7330.webm,0.9087011,0
video7332.webm,0.8732879,0
video7340.webm,0.8224894,0
video7353.webm,0.883332,0
video7354.webm,0.9013163,0
video7356.webm,0.8508278,0
video7357.webm,0.8686676,0
video7366.webm,0.8521118,0
video7368.webm,0.8047928,0
video7369.webm,0.8177616,0
video7371.webm,0.8526356,0
video7379.webm,0.8616929,0
video7384.webm,0.85994005,0
video739.webm,0.88358486,0
video7393.webm,0.8177616,0
video7395.webm,0.92973113,0
video7403.webm,0.86511254,0
video7412.webm,0.8973601,0
video7413.webm,0.8751074,0
video7418.webm,0.875697,0
video7420.webm,0.9045756,0
video7425.webm,0.8674065,0
video7430.webm,0.8452377,0
video7440.webm,0.87985337,0
video7441.webm,0.87664914,0
video7449.webm,0.8546406,0
video7450.webm,0.8617066,0
video7455.webm,0.8076042,0
video7459.webm,0.8352039,0
video7460.webm,0.81349945,0
video7464.webm,0.7817847,0
video7467.webm,0.9076444,0
video7476.webm,0.8655971,0
video748.webm,0.8592262,0
video7482.webm,0.8718592,0
video7484.webm,0.82797444,0
video7487.webm,0.87683666,0
video7490.webm,0.9104749,0
video7501.webm,0.8286112,0
video7509.webm,0.8862161,0
video7512.webm,0.9043144,0
video7514.webm,0.8485756,0
video7529.webm,0.84359676,0
video7537.webm,0.9086412,0
video7547.webm,0.84207106,0
video7551.webm,0.80011714,0
video7553.webm,0.8518492,0
video7557.webm,0.849921,0
video7559.webm,0.7811216,0
video756.webm,0.868992,0
video7561.webm,0.8773434,0
video7564.webm,0.8774425,0
video7570.webm,0.887874,0
video7577.webm,0.8440895,0
video7583.webm,0.8633683,0
video7586.webm,0.91189754,0
video7594.webm,0.8743224,0
video7595.webm,0.90041876,0
video7601.webm,0.93665224,0
video7620.webm,0.87672627,0
video7622.webm,0.8300957,0
video7623.webm,0.9336569,0
video7630.webm,0.91891813,0
video7639.webm,0.8700954,0
video7645.webm,0.79988927,0
video7653.webm,0.7616226,0
video7658.webm,0.8880328,0
video766.webm,0.85811555,0
video7663.webm,0.8958272,0
video7666.webm,0.8878648,0
video7668.webm,0.8010181,0
video768.webm,0.8995781,0
video7684.webm,0.82533276,0
video7685.webm,0.8493675,0
video7693.webm,0.80657816,0
video7695.webm,0.85390544,0
video7700.webm,0.89744717,0
video7708.webm,0.85272866,0
video7709.webm,0.86349976,0
video7712.webm,0.8601965,0
video772.webm,0.8437997,0
video7727.webm,0.87397665,0
video7730.webm,0.94521964,0
video7733.webm,0.8588228,0
video7734.webm,0.8053967,0
video7735.webm,0.7605665,0
video774.webm,0.8015671,0
video7744.webm,0.78173405,0
video7747.webm,0.90985274,0
video7750.webm,0.81234235,0
video7755.webm,0.8375536,0
video7764.webm,0.84616315,0
video7765.webm,0.8651215,0
video7766.webm,0.8703474,0
video7767.webm,0.93548155,0
video7768.webm,0.83880275,0
video7776.webm,0.9026429,0
video7778.webm,0.8767849,0
video7779.webm,0.85268176,0
video7781.webm,0.7903946,0
video7790.webm,0.89296436,0
video7791.webm,0.85354954,0
video7794.webm,0.87486017,0
video7796.webm,0.86553186,0
video7797.webm,0.8810363,0
video7798.webm,0.88477176,0
video780.webm,0.87559104,0
video7810.webm,0.8956454,0
video7814.webm,0.8691988,0
video7827.webm,0.90458333,0
video7829.webm,0.8738493,0
video7836.webm,0.8550154,0
video784.webm,0.83650625,0
video7843.webm,0.9225347,0
video7845.webm,0.8001987,0
video7847.webm,0.859348,0
video7850.webm,0.88480425,0
video7855.webm,0.8562949,0
video7857.webm,0.89141655,0
video7859.webm,0.8879056,0
video7860.webm,0.8863394,0
video7864.webm,0.7549779,0
video7866.webm,0.88017875,0
video7870.webm,0.84184086,0
video7871.webm,0.7986901,0
video7876.webm,0.8241954,0
video7877.webm,0.8495192,0
video7881.webm,0.8772817,0
video7882.webm,0.8645311,0
video7900.webm,0.827117,0
video7905.webm,0.8475308,0
video7911.webm,0.88349533,0
video7914.webm,0.8518384,0
video7922.webm,0.9157673,0
video7924.webm,0.9276476,0
video7932.webm,0.8312764,0
video7934.webm,0.8784872,0
video7937.webm,0.8838112,0
video7938.webm,0.9013355,0
video7943.webm,0.879542,0
video7949.webm,0.9327344,0
video7950.webm,0.84810054,0
video7960.webm,0.84772253,0
video7965.webm,0.85961425,0
video7966.webm,0.716323,0
video7968.webm,0.8335436,0
video7971.webm,0.7988737,0
video7974.webm,0.84582174,0
video7978.webm,0.9048893,0
video7979.webm,0.9177464,0
video7982.webm,0.8554692,0
video7989.webm,0.77389276,0
video8003.webm,0.7438374,0
video8005.webm,0.912693,0
video8006.webm,0.9085406,0
video8007.webm,0.8912598,0
video8011.webm,0.8402612,0
video8017.webm,0.86605525,0
video802.webm,0.92802155,0
video8020.webm,0.9068471,0
video8025.webm,0.7944001,0
video8031.webm,0.89222085,0
video8034.webm,0.8512957,0
video8039.webm,0.89493716,0
video804.webm,0.89729387,0
video8046.webm,0.8112526,0
video8053.webm,0.8140259,0
video8055.webm,0.8792751,0
video8070.webm,0.8068019,0
video8083.webm,0.6948405,0
video8093.webm,0.8675659,0
video8094.webm,0.83629954,0
video8099.webm,0.88138855,0
video810.webm,0.8258164,0
video8106.webm,0.8541841,0
video8107.webm,0.8912783,0
video8116.webm,0.8347442,0
video8117.webm,0.86181885,0
video8119.webm,0.8746835,0
video8125.webm,0.88835967,0
video8129.webm,0.87826824,0
video8130.webm,0.87088054,0
video8133.webm,0.8774737,0
video8135.webm,0.88478315,0
video8139.webm,0.93684876,0
video8141.webm,0.889541,0
video8143.webm,0.8111306,0
video8144.webm,0.87247545,0
video8148.webm,0.8654759,0
video815.webm,0.7967889,0
video8154.webm,0.9084725,0
video8160.webm,0.67778796,0
video8164.webm,0.84229606,0
video8173.webm,0.880378,0
video8176.webm,0.8926554,0
video8177.webm,0.8636682,0
video8183.webm,0.90634346,0
video8203.webm,0.8762946,0
video8204.webm,0.90432,0
video8212.webm,0.84047735,0
video8213.webm,0.91212034,0
video822.webm,0.9040098,0
video8223.webm,0.91390646,0
video8232.webm,0.82657313,0
video8237.webm,0.87054366,0
video8242.webm,0.8919309,0
video8244.webm,0.8509183,0
video8248.webm,0.8775848,0
video8250.webm,0.82474875,0
video8255.webm,0.75299203,0
video8257.webm,0.89928293,0
video8258.webm,0.8612531,0
video826.webm,0.8432627,0
video8262.webm,0.82278043,0
video8264.webm,0.81961006,0
video8270.webm,0.8324376,0
video8273.webm,0.8051522,0
video8278.webm,0.8497658,0
video8281.webm,0.90137684,0
video8285.webm,0.85153663,0
video8298.webm,0.9196177,0
video8302.webm,0.877998,0
video8307.webm,0.8493533,0
video8312.webm,0.7802621,0
video8315.webm,0.8578063,0
video832.webm,0.7875408,0
video8320.webm,0.7575494,0
video8321.webm,0.882245,0
video8332.webm,0.8515012,0
video8340.webm,0.8953204,0
video8342.webm,0.7911993,0
video8343.webm,0.8448102,0
video836.webm,0.86050117,0
video8362.webm,0.8693331,0
video8370.webm,0.8035982,0
video8372.webm,0.87019384,0
video8373.webm,0.8577523,0
video8376.webm,0.8332536,0
video8388.webm,0.87063634,0
video8391.webm,0.8724338,0
video8392.webm,0.91818815,0
video8393.webm,0.8660393,0
video8404.webm,0.8607898,0
video8408.webm,0.8700113,0
video841.webm,0.8423308,0
video8411.webm,0.8103953,0
video8412.webm,0.86609364,0
video8413.webm,0.85839134,0
video8416.webm,0.8995646,0
video8417.webm,0.86542207,0
video8418.webm,0.8528958,0
video8419.webm,0.8664073,0
video8424.webm,0.88742787,0
video8431.webm,0.84033513,0
video8432.webm,0.8622023,0
video8440.webm,0.87914205,0
video8445.webm,0.92247725,0
video845.webm,0.9012363,0
video8450.webm,0.8581831,0
video8457.webm,0.86208844,0
video8460.webm,0.8693284,0
video8462.webm,0.8343108,0
video8463.webm,0.82293403,0
video8467.webm,0.7229685,0
video8469.webm,0.7780193,0
video8483.webm,0.81602687,0
video8484.webm,0.76986223,0
video8486.webm,0.844492,0
video8490.webm,0.838568,0
video8501.webm,0.8346777,0
video8502.webm,0.8682474,0
video8511.webm,0.8745036,0
video8519.webm,0.8362169,0
video8523.webm,0.8489002,0
video8527.webm,0.8424419,0
video8528.webm,0.896386,0
video8533.webm,0.8835988,0
video8534.webm,0.83922374,0
video8536.webm,0.8923805,0
video8537.webm,0.8449366,0
video8539.webm,0.8842175,0
video854.webm,0.8751368,0
video8540.webm,0.832024,0
video8541.webm,0.85841393,0
video8548.webm,0.856872,0
video8555.webm,0.880967,0
video8559.webm,0.87893665,0
video856.webm,0.874256,0
video8564.webm,0.8786294,0
video8567.webm,0.9053914,0
video8569.webm,0.9174886,0
video8570.webm,0.89791954,0
video8571.webm,0.86716807,0
video8574.webm,0.87302434,0
video8589.webm,0.77755314,0
video8599.webm,0.9187534,0
video8608.webm,0.81098014,0
video8610.webm,0.9276476,0
video8612.webm,0.8881905,0
video8617.webm,0.9477524,0
video8620.webm,0.85313946,0
video8626.webm,0.8562344,0
video8627.webm,0.8899104,0
video863.webm,0.8860337,0
video8634.webm,0.81734586,0
video8639.webm,0.84064865,0
video8645.webm,0.92329955,0
video8651.webm,0.8231573,0
video8656.webm,0.8710387,0
video8662.webm,0.8904972,0
video8666.webm,0.8634673,0
video8675.webm,0.88330746,0
video8681.webm,0.8344896,0
video8682.webm,0.8543229,0
video8686.webm,0.89114946,0
video8688.webm,0.88350534,0
video8690.webm,0.92320603,0
video8697.webm,0.82921135,0
video8699.webm,0.8716557,0
video8703.webm,0.81773317,0
video8706.webm,0.91071105,0
video8707.webm,0.94402355,0
video8712.webm,0.89201045,0
video8715.webm,0.87413436,0
video8716.webm,0.9330618,0
video8721.webm,0.8680602,0
video8728.webm,0.85416627,0
video873.webm,0.8313606,0
video8737.webm,0.81578016,0
video8745.webm,0.8499766,0
video8747.webm,0.84264004,0
video875.webm,0.8140629,0
video876.webm,0.8594747,0
video8761.webm,0.86626315,0
video8767.webm,0.8061327,0
video8769.webm,0.87625074,0
video8773.webm,0.8289812,0
video8777.webm,0.8388713,0
video8787.webm,0.89500177,0
video8793.webm,0.8764828,0
video8798.webm,0.8628902,0
video8801.webm,0.82423604,0
video8809.webm,0.9137223,0
video8812.webm,0.91735494,0
video882.webm,0.8483363,0
video8823.webm,0.856128,0
video8824.webm,0.8115882,0
video8831.webm,0.83975303,0
video8832.webm,0.9235865,0
video8836.webm,0.8678007,0
video8839.webm,0.7730629,0
video8841.webm,0.8618854,0
video8844.webm,0.74060154,0
video8847.webm,0.9330618,0
video8848.webm,0.7830665,0
video8850.webm,0.894165,0
video8854.webm,0.8792974,0
video8857.webm,0.7457788,0
video8864.webm,0.9062024,0
video8867.webm,0.83275336,0
video888.webm,0.83063805,0
video8880.webm,0.8825797,0
video8882.webm,0.9055692,0
video8884.webm,0.84362376,0
video8886.webm,0.8896557,0
video8898.webm,0.8422326,0
video8899.webm,0.8178209,0
video890.webm,0.78437114,0
video8901.webm,0.8518492,0
video8908.webm,0.8466831,0
video8917.webm,0.90971977,0
video8919.webm,0.8974838,0
video8921.webm,0.8543229,0
video8922.webm,0.844653,0
video8925.webm,0.8797598,0
video8927.webm,0.8355696,0
video893.webm,0.80625975,0
video8936.webm,0.8873656,0
video8939.webm,0.9078975,0
video894.webm,0.81336385,0
video8941.webm,0.8174882,0
video8943.webm,0.8979115,0
video8947.webm,0.85300523,0
video8951.webm,0.87114525,0
video8958.webm,0.83941805,0
video8966.webm,0.82490164,0
video897.webm,0.9215212,0
video8971.webm,0.8784667,0
video8975.webm,0.86804855,0
video8982.webm,0.89784205,0
video8991.webm,0.8018708,0
video8993.webm,0.84221244,0
video8996.webm,0.8662503,0
video9.webm,0.79192936,0
video9002.webm,0.88437563,0
video9015.webm,0.8368379,0
video9019.webm,0.88671947,0
video9021.webm,0.86519766,0
video9023.webm,0.9433174,0
video9024.webm,0.874419,0
video9029.webm,0.85845596,0
video903.webm,0.94237304,0
video9030.webm,0.81396616,0
video9036.webm,0.8319881,0
video904.webm,0.87890375,0
video9040.webm,0.86218154,0
video9043.webm,0.7631884,0
video9046.webm,0.7712442,0
video9049.webm,0.9074766,0
video9051.webm,0.88475895,0
video9054.webm,0.8041569,0
video9062.webm,0.8273209,0
video9077.webm,0.8534173,0
video9080.webm,0.9186082,0
video9081.webm,0.8296971,0
video9085.webm,0.8279907,0
video9087.webm,0.8565165,0
video9099.webm,0.8253429,0
video91.webm,0.79005694,0
video910.webm,0.880842,0
video9104.webm,0.85938764,0
video911.webm,0.8655971,0
video9111.webm,0.8689984,0
video9122.webm,0.9063642,0
video9124.webm,0.8744197,0
video9126.webm,0.79862356,0
video9129.webm,0.89077806,0
video913.webm,0.8268244,0
video9136.webm,0.91534936,0
video9144.webm,0.92599714,0
video9146.webm,0.8813206,0
video9148.webm,0.8549776,0
video9149.webm,0.8579525,0
video9154.webm,0.8355017,0
video9156.webm,0.7933564,0
video9161.webm,0.9186107,0
video9164.webm,0.8320609,0
video9173.webm,0.85378873,0
video9178.webm,0.8352386,0
video9182.webm,0.8125272,0
video9189.webm,0.87914205,0
video9195.webm,0.840701,0
video9196.webm,0.8580372,0
video9199.webm,0.89850974,0
video9200.webm,0.8270389,0
video9201.webm,0.8696034,0
video9233.webm,0.8896993,0
video9237.webm,0.84100556,0
video9238.webm,0.89903235,0
video9244.webm,0.87625074,0
video9264.webm,0.8395462,0
video9265.webm,0.86648655,0
video9267.webm,0.8033725,0
video9272.webm,0.89581406,0
video9274.webm,0.87408686,0
video9279.webm,0.870172,0
video9281.webm,0.88322985,0
video9285.webm,0.8475659,0
video9286.webm,0.81220067,0
video9287.webm,0.8855455,0
video9306.webm,0.8799851,0
video9308.webm,0.824752,0
video9314.webm,0.856115,0
video9320.webm,0.8775283,0
video9325.webm,0.901501,0
video9326.webm,0.82216734,0
video9332.webm,0.8519222,0
video9336.webm,0.8920922,0
video9338.webm,0.9115929,0
video9340.webm,0.83084357,0
video9346.webm,0.8906816,0
video935.webm,0.77278566,0
video9351.webm,0.8752866,0
video9352.webm,0.8153387,0
video9355.webm,0.92404747,0
video9363.webm,0.90549815,0
video9364.webm,0.7526855,0
video9378.webm,0.90475464,0
video9383.webm,0.86144245,0
video9384.webm,0.8683263,0
video940.webm,0.8168546,0
video9401.webm,0.898309,0
video9410.webm,0.8162658,0
video9411.webm,0.79385483,0
video9413.webm,0.85649335,0
video9418.webm,0.82159877,0
video9429.webm,0.8807429,0
video9436.webm,0.87635636,0
video944.webm,0.8035621,0
video9442.webm,0.91422546,0
video9444.webm,0.8030604,0
video9447.webm,0.80472577,0
video945.webm,0.7969784,0
video9458.webm,0.85218835,0
video9459.webm,0.88721454,0
video946.webm,0.8978086,0
video9467.webm,0.8684318,0
video9471.webm,0.8652714,0
video9482.webm,0.85152256,0
video9489.webm,0.8609222,0
video9491.webm,0.9093124,0
video9494.webm,0.8002802,0
video9498.webm,0.8666884,0
video950.webm,0.86315846,0
video9514.webm,0.87914205,0
video9520.webm,0.8888757,0
video9539.webm,0.89359766,0
video9540.webm,0.8183751,0
video955.webm,0.8131243,0
video9563.webm,0.87538826,0
video9569.webm,0.87936527,0
video9570.webm,0.8986937,0
video9578.webm,0.84716,0
video9579.webm,0.81867504,0
video9580.webm,0.81065345,0
video9581.webm,0.8732246,0
video9594.webm,0.8989253,0
video9597.webm,0.9115929,0
video9603.webm,0.819931,0
video9616.webm,0.7907138,0
video9617.webm,0.8518814,0
video9622.webm,0.8806194,0
video9626.webm,0.8022508,0
video9629.webm,0.815056,0
video9644.webm,0.8981974,0
video9664.webm,0.8564456,0
video9666.webm,0.91544735,0
video9669.webm,0.8449434,0
video9678.webm,0.8294762,0
video968.webm,0.8854642,0
video9682.webm,0.88049936,0
video9696.webm,0.8282095,0
video9697.webm,0.8955335,0
video97.webm,0.9195705,0
video9700.webm,0.876747,0
video971.webm,0.8584224,0
video9713.webm,0.8416021,0
video9721.webm,0.7943843,0
video9722.webm,0.8695368,0
video9724.webm,0.9136969,0
video9726.webm,0.8811487,0
video9727.webm,0.8672151,0
video9728.webm,0.8440895,0
video973.webm,0.82270813,0
video9734.webm,0.8132639,0
video9735.webm,0.87498283,0
video9750.webm,0.8563223,0
video9759.webm,0.87830555,0
video9761.webm,0.9038208,0
video9763.webm,0.7570715,0
video977.webm,0.8976955,0
video9770.webm,0.82586753,0
video9774.webm,0.8779542,0
video9775.webm,0.85157335,0
video9777.webm,0.8801858,0
video978.webm,0.8614382,0
video9784.webm,0.8904949,0
video979.webm,0.8439604,0
video9791.webm,0.8887527,0
video9794.webm,0.7862154,0
video9798.webm,0.8092197,0
video98.webm,0.8484943,0
video9800.webm,0.87644756,0
video9804.webm,0.78533864,0
video9811.webm,0.8902491,0
video9814.webm,0.88305306,0
video9817.webm,0.7824431,0
video9818.webm,0.85354954,0
video9830.webm,0.75240666,0
video9836.webm,0.8455998,0
video9837.webm,0.91129553,0
video9841.webm,0.8686676,0
video9863.webm,0.8186311,0
video9865.webm,0.8332217,0
video9866.webm,0.91467273,0
video9867.webm,0.9018476,0
video9868.webm,0.8738275,0
video9869.webm,0.76602733,0
video987.webm,0.8949047,0
video9880.webm,0.85751945,0
video9882.webm,0.8444478,0
video9886.webm,0.9442374,0
video9887.webm,0.8018738,0
video989.webm,0.87087786,0
video9899.webm,0.8896388,0
video99.webm,0.8027338,0
video9902.webm,0.7787963,0
video9910.webm,0.8456291,0
video9911.webm,0.80384976,0
video9912.webm,0.88721496,0
video9916.webm,0.8494153,0
video9919.webm,0.76502764,0
video9921.webm,0.8690647,0
video9922.webm,0.86795783,0
video9924.webm,0.8528296,0
video9933.webm,0.83425343,0
video9934.webm,0.87632775,0
video9937.webm,0.8946216,0
video9941.webm,0.8546472,0
video9947.webm,0.7957495,0
video9953.webm,0.79885197,0
video9955.webm,0.87466276,0
video996.webm,0.8166026,0
video9962.webm,0.8185591,0
video9973.webm,0.85418,0
video9978.webm,0.8666207,0
video9979.webm,0.8586459,0
