video1.webm,0.8671463705167161,0
video1000.webm,0.8596897471143934,0
video1002.webm,0.8815137316687901,0
video1008.webm,0.8943909092105387,0
video1010.webm,0.8740154921428651,0
video1011.webm,0.8687179150372772,0
video1013.webm,0.8989595587196701,0
video1016.webm,0.881748416455767,0
video1018.webm,0.8801865677023444,0
video1026.webm,0.8829455861945947,0
video1029.webm,0.8826890376840205,0
video103.webm,0.8760494740606568,0
video1034.webm,0.8712604006605649,0
video1037.webm,0.8797616755644234,0
video1058.webm,0.8814174306726097,0
video1059.webm,0.8620672839090852,0
video1062.webm,0.8771913619258889,0
video1072.webm,0.8887920908010671,0
video1082.webm,0.8766390938143478,0
video1087.webm,0.8321174976827899,0
video109.webm,0.8584617364736409,0
video1092.webm,0.8562298224108694,0
video1094.webm,0.8891670191726886,0
video1096.webm,0.9097462924719374,0
video1098.webm,0.8456316274738447,0
video11.webm,0.8471769384112192,0
video1101.webm,0.866980152048279,0
video1108.webm,0.8539454082996907,0
video111.webm,0.8797446525593811,0
video1113.webm,0.8521898147014635,0
video1120.webm,0.8619506085039184,0
video1123.webm,0.8657709734793928,0
video1126.webm,0.8719838161568259,0
video1130.webm,0.8138163743733788,0
video6125.webm,0.8898272571177758,0
video613.webm,0.8826958394631427,0
video6130.webm,0.8699621568835562,0
video6137.webm,0.85805128093903,0
video6144.webm,0.8744664740185287,0
video6147.webm,0.8699543373577224,0
video6153.webm,0.8414299910511943,0
video6159.webm,0.8573706886046394,0
video6176.webm,0.8811459656737011,0
video6180.webm,0.8907406016023701,0
video6181.webm,0.885751463240596,0
video6193.webm,0.8755952834645837,0
video6197.webm,0.8750862530574638,0
video6200.webm,0.8378413440317399,0
video6202.webm,0.8338224473599578,0
video6211.webm,0.8939480307460053,0
video6217.webm,0.9000883235556639,0
video3350.webm,0.856173779307002,0
video3355.webm,0.8705872275246931,0
video3356.webm,0.8652898811421297,0
video3360.webm,0.8879912683999515,0
video3364.webm,0.8512958932474196,0
video3366.webm,0.864705895547839,0
video3369.webm,0.8753844919370813,0
video337.webm,0.877292361605862,0
video3372.webm,0.8355006175625969,0
video3374.webm,0.8612843154344476,0
video3378.webm,0.8368579066504604,0
video3381.webm,0.8732321540121738,0
video3383.webm,0.8440629574504821,0
video3385.webm,0.8845045070103263,0
video3413.webm,0.8749344172052033,0
video3419.webm,0.8524294673401038,0
video3422.webm,0.8979101572158633,0
video1068.webm,0.8841993348543075,0
video1138.webm,0.880393282635237,0
video1248.webm,0.8845568416520517,0
video1316.webm,0.8823964325121643,0
video139.webm,0.8325358550121711,0
video15.webm,0.8968189069211642,0
video1653.webm,0.8492992902653692,0
video1773.webm,0.8773626827498612,0
video1890.webm,0.8624573004709464,0
video2040.webm,0.8825376705135535,0
video2102.webm,0.8559453418823096,0
video2225.webm,0.8580747000528531,0
video2299.webm,0.8567528438906459,0
video24.webm,0.8433473658966021,0
video2481.webm,0.8946585538750149,0
video2631.webm,0.8757942739108119,0
video270.webm,0.8709402298287673,0
video2790.webm,0.9033916317766447,0
video2873.webm,0.8503207978433208,0
video2993.webm,0.88088460222244,0
video3081.webm,0.8556219904615896,0
video3429.webm,0.9125506842630383,0
video343.webm,0.8476696639064892,0
video3432.webm,0.8646178644916735,0
video3437.webm,0.8688120660242019,0
video3438.webm,0.8419130492325679,0
video3443.webm,0.8249186246215796,0
video3445.webm,0.8706336496985371,0
video3446.webm,0.8982697038152888,0
video3458.webm,0.8647236375514364,0
video3461.webm,0.8870357334665133,0
video3464.webm,0.8818453572965579,0
video3467.webm,0.8097101389149215,0
video3469.webm,0.8725925115472953,0
video3473.webm,0.85521655262558,0
video3475.webm,0.8597621447360836,0
video3483.webm,0.8973368388493772,0
video3484.webm,0.9098587609197765,0
video3485.webm,0.872066796742466,0
video2043.webm,0.8447797147348043,0
video2047.webm,0.7987958065613711,0
video2048.webm,0.8511323917526717,0
video2053.webm,0.8572982208490955,0
video2056.webm,0.9035584078645229,0
video2057.webm,0.8577425901152854,0
video2067.webm,0.8695374577504393,0
video2080.webm,0.866913916241632,0
video2081.webm,0.8679445660475936,0
video2083.webm,0.841976738326723,0
video2084.webm,0.8614180004762753,0
video2085.webm,0.8419773842749619,0
video2090.webm,0.8736872255942368,0
video2092.webm,0.8572673194181883,0
video2094.webm,0.8771815093567172,0
video2096.webm,0.8733058505597446,0
video2099.webm,0.8680999378712392,0
video1892.webm,0.8697763613862969,0
video1902.webm,0.870474955612021,0
video1910.webm,0.8653096685168503,0
video1917.webm,0.8672757494141905,0
video1925.webm,0.868919527630622,0
video1927.webm,0.9013572572628431,0
video1930.webm,0.8846850086140569,0
video1932.webm,0.8565075372135966,0
video1935.webm,0.8920227707594313,0
video194.webm,0.8796714690120555,0
video1945.webm,0.9242153980160265,0
video1949.webm,0.8769437222264522,0
video1959.webm,0.8795812821296034,0
video197.webm,0.8598321480357697,0
video1970.webm,0.8930430029429485,0
video1972.webm,0.7938500603867149,0
video1978.webm,0.8805517350876728,0
video1987.webm,0.8923894895988407,0
video1992.webm,0.8626499196427178,0
video1994.webm,0.8693488291736917,0
video2.webm,0.8571725351356851,0
video2000.webm,0.8334637129605715,0
video2006.webm,0.859866527554353,0
video2007.webm,0.8750515320989002,0
video2010.webm,0.8520154113839996,0
video2015.webm,0.8348378511011671,0
video2017.webm,0.844789889268802,0
video202.webm,0.9040504385000918,0
video2021.webm,0.8555555859380299,0
video2023.webm,0.8571309590405027,0
video2039.webm,0.8971539922424264,0
video204.webm,0.8731905134332223,0
video7881.webm,0.8474364842475826,0
video7882.webm,0.8762621294939815,0
video7900.webm,0.869528701282112,0
video7905.webm,0.8842707213680099,0
video7911.webm,0.8870604293940829,0
video7914.webm,0.8859830098064049,0
video7922.webm,0.8467768095280802,0
video7924.webm,0.8871896476184837,0
video7932.webm,0.858541615579781,0
video7934.webm,0.8667189492169671,0
video7937.webm,0.8793779758466932,0
video7938.webm,0.8988407890536856,0
video7943.webm,0.8920404391950646,0
video7949.webm,0.8927106834815954,0
video7950.webm,0.8912904606022855,0
video7960.webm,0.8503635603637288,0
video7965.webm,0.8627859523148695,0
video7178.webm,0.8799482475862467,0
video7182.webm,0.8736321200505622,0
video7186.webm,0.8474050305837632,0
video7187.webm,0.8373023385739613,0
video7190.webm,0.863238836282109,0
video7212.webm,0.8920145609116276,0
video7228.webm,0.8699457167788849,0
video7232.webm,0.8987231309949645,0
video7234.webm,0.890196778300626,0
video7236.webm,0.8682812575430329,0
video7247.webm,0.8831215561456458,0
video7252.webm,0.8598821727223043,0
video7254.webm,0.8755901869475072,0
video7268.webm,0.9060529798483513,0
video7272.webm,0.8581067000518192,0
video7277.webm,0.8688898152468753,0
video7280.webm,0.8666090687763712,0
video8841.webm,0.8855104557444988,0
video8844.webm,0.82437020986445,0
video8847.webm,0.8724853722439811,0
video8848.webm,0.8543299205286596,0
video8850.webm,0.8846098279254186,0
video8854.webm,0.8695472470509947,0
video8857.webm,0.8424233066186713,0
video8864.webm,0.883221302709128,0
video8867.webm,0.858469674031455,0
video888.webm,0.8832840988805001,0
video8880.webm,0.8569535433004671,0
video8882.webm,0.8737262374961757,0
video8884.webm,0.854492448894153,0
video8886.webm,0.872951422396744,0
video8898.webm,0.8532773259005493,0
video8899.webm,0.8525919900407314,0
video890.webm,0.87154215517209,0
video2633.webm,0.8627309313064738,0
video264.webm,0.8950417192217287,0
video2644.webm,0.857232455745324,0
video2648.webm,0.864100360158425,0
video2657.webm,0.8698191195726742,0
video266.webm,0.8783205214909585,0
video2661.webm,0.8493171934499578,0
video2662.webm,0.8838171592946679,0
video2675.webm,0.8423178670466224,0
video2676.webm,0.8973544349731962,0
video2679.webm,0.9082992266167315,0
video268.webm,0.9038894221295978,0
video2683.webm,0.9194117436597791,0
video2692.webm,0.8741057250379082,0
video2697.webm,0.896746631927927,0
video2698.webm,0.8493678766477647,0
video2699.webm,0.8656785786749606,0
video4351.webm,0.8643209569086059,0
video436.webm,0.925015741538397,0
video4361.webm,0.862227931428915,0
video4362.webm,0.8247568519901428,0
video4364.webm,0.89716650832004,0
video4366.webm,0.8411604962315021,0
video4367.webm,0.8559743546501504,0
video4372.webm,0.8469928452538863,0
video4377.webm,0.8447390882919926,0
video4383.webm,0.8747290602981288,0
video4384.webm,0.8898879229435919,0
video4395.webm,0.8794176850008104,0
video4398.webm,0.9029236513457429,0
video4401.webm,0.8247956495714447,0
video4414.webm,0.8256159774224446,0
video4415.webm,0.8824953275663424,0
video4417.webm,0.9063848175216427,0
video4421.webm,0.848640479775359,0
video5021.webm,0.872272927322775,0
video5027.webm,0.8494812281300694,0
video5035.webm,0.870444490900926,0
video5040.webm,0.8819127700937506,0
video5046.webm,0.8622642396772873,0
video5052.webm,0.8341047107243788,0
video5053.webm,0.8729284414227061,0
video5054.webm,0.831038072907052,0
video5057.webm,0.8481954561050312,0
video5065.webm,0.8743199957547032,0
video5067.webm,0.8306446395825662,0
video507.webm,0.8811128708296893,0
video5071.webm,0.8718749825722357,0
video5073.webm,0.8444725053531367,0
video5077.webm,0.873756311769611,0
video5079.webm,0.8985284019517521,0
video5092.webm,0.8768190735510409,0
video8908.webm,0.8558157668184053,0
video8917.webm,0.8590673121443633,0
video8919.webm,0.8653479739983366,0
video8921.webm,0.8543418571468621,0
video8922.webm,0.8696157796999152,0
video8925.webm,0.8686906402092228,0
video8927.webm,0.837488637653776,0
video893.webm,0.8572806544740899,0
video8936.webm,0.8802858818449909,0
video8939.webm,0.8786598377240694,0
video894.webm,0.8608492181719225,0
video8941.webm,0.8616345302700461,0
video8943.webm,0.862291406182926,0
video8947.webm,0.8757981590463214,0
video8951.webm,0.8647587725058818,0
video8958.webm,0.8670805674207698,0
video8966.webm,0.8711581506345683,0
video897.webm,0.9102067234504633,0
video1390.webm,0.9164739798536692,0
video1391.webm,0.8604670092952491,0
video1396.webm,0.8639716809207597,0
video14.webm,0.8708691191111464,0
video1400.webm,0.8620330757894952,0
video1418.webm,0.8905358705129859,0
video1424.webm,0.8749967117264094,0
video1425.webm,0.8490228869968588,0
video144.webm,0.8514028392749499,0
video1442.webm,0.8798000986128807,0
video1448.webm,0.8467379138264793,0
video1450.webm,0.8841961357269862,0
video1468.webm,0.8623116712847418,0
video1469.webm,0.8705223759456463,0
video147.webm,0.8789539663458829,0
video1475.webm,0.873380372549508,0
video148.webm,0.8420592468197944,0
video1495.webm,0.8667907394115837,0
video6548.webm,0.8655323154095929,0
video6549.webm,0.8665622560275795,0
video655.webm,0.9038068183820968,0
video6553.webm,0.8705016718076656,0
video6571.webm,0.8511961783516891,0
video6575.webm,0.8525807542402691,0
video658.webm,0.8639362565479085,0
video6580.webm,0.8870607357277895,0
video659.webm,0.8764770990236479,0
video6597.webm,0.8932708311685995,0
video6603.webm,0.8685804898804728,0
video6605.webm,0.8404903459016433,0
video6606.webm,0.8577397470290853,0
video6612.webm,0.8886396763966983,0
video6614.webm,0.8333958579612807,0
video6615.webm,0.8579691961743473,0
video6620.webm,0.8410323642507329,0
video3878.webm,0.8985041929977967,0
video3879.webm,0.9069459804413821,0
video388.webm,0.8624079897282408,0
video3883.webm,0.8788779212076457,0
video3888.webm,0.8638007669994394,0
video3900.webm,0.8984565046257305,0
video3902.webm,0.8819767975915506,0
video3906.webm,0.8341134609162251,0
video3911.webm,0.8523535864878881,0
video3915.webm,0.8895907004555623,0
video3916.webm,0.7870878526301911,0
video3920.webm,0.8395520331042541,0
video3921.webm,0.8886117121214234,0
video3930.webm,0.8754578856718789,0
video3934.webm,0.8932812892786937,0
video3935.webm,0.8699063004713817,0
video3939.webm,0.88887093212822,0
video3945.webm,0.8992713738067495,0
video8440.webm,0.849585397009038,0
video8445.webm,0.8871165011563399,0
video845.webm,0.8733524064265616,0
video8450.webm,0.8789967055736371,0
video8457.webm,0.8675281467655913,0
video8460.webm,0.8660495122715469,0
video8462.webm,0.8825307787724695,0
video8463.webm,0.8430278201892862,0
video8467.webm,0.8375985785399015,0
video8469.webm,0.8679883509500019,0
video8483.webm,0.8588186650931251,0
video8484.webm,0.8515583154091684,0
video8486.webm,0.8312669272457336,0
video8490.webm,0.8881139367404611,0
video8501.webm,0.8266059890107842,0
video8502.webm,0.8707318619923616,0
video8511.webm,0.8817337539324749,0
video2229.webm,0.8603703353204462,0
video2230.webm,0.8799533065297048,0
video2231.webm,0.9132271962876594,0
video2241.webm,0.8929693891680137,0
video2243.webm,0.8685168979857945,0
video2247.webm,0.8675109542139717,0
video226.webm,0.8546152084314792,0
video2265.webm,0.8502678358215182,0
video2269.webm,0.8869834488533295,0
video2271.webm,0.8830574512694149,0
video2277.webm,0.8972956521033055,0
video2279.webm,0.8707739204556342,0
video2281.webm,0.8893520253822823,0
video2287.webm,0.8552725364887195,0
video2288.webm,0.8629162060897172,0
video229.webm,0.8832708246288551,0
video2294.webm,0.8570905456519061,0
video5096.webm,0.8839342791559002,0
video5098.webm,0.8551915107190403,0
video5102.webm,0.9036151426639416,0
video5116.webm,0.880406526318875,0
video5118.webm,0.9086081473223688,0
video5119.webm,0.8509906459553005,0
video5125.webm,0.8511663757493865,0
video5139.webm,0.8790668155927785,0
video514.webm,0.8647822902849113,0
video5148.webm,0.8878882713961928,0
video5149.webm,0.8633763964780492,0
video5152.webm,0.9001366869539279,0
video5175.webm,0.8811152138766468,0
video5180.webm,0.8396946893156384,0
video5188.webm,0.8764832332104174,0
video5190.webm,0.8742037326515834,0
video5191.webm,0.8614169556108388,0
video520.webm,0.8887736620044713,0
video7284.webm,0.8756722726934372,0
video7294.webm,0.8646739615975917,0
video7316.webm,0.8890680839504667,0
video7323.webm,0.8914775234692658,0
video7326.webm,0.8589309512788827,0
video7327.webm,0.844612795368623,0
video7330.webm,0.8908920184228302,0
video7332.webm,0.8486607866234265,0
video7340.webm,0.9219856752129519,0
video7353.webm,0.894523836120569,0
video7354.webm,0.8748572416983738,0
video7356.webm,0.839745605491417,0
video7357.webm,0.8386851211626138,0
video7366.webm,0.8689513999286468,0
video7368.webm,0.8462431630558883,0
video7369.webm,0.8663277053470025,0
video7371.webm,0.8848608586287039,0
video7379.webm,0.8834855782730499,0
video7653.webm,0.8902046120689554,0
video7658.webm,0.8501692543017272,0
video766.webm,0.8847257828452887,0
video7663.webm,0.8949712006566058,0
video7666.webm,0.8589544960325125,0
video7668.webm,0.8721176981497993,0
video768.webm,0.9118586794550398,0
video7684.webm,0.8945042400551425,0
video7685.webm,0.8621839271974406,0
video7693.webm,0.8858832438897739,0
video7695.webm,0.878296401052436,0
video7700.webm,0.8828435347497388,0
video7708.webm,0.8738672483949216,0
video7709.webm,0.8663426081860054,0
video7712.webm,0.853643244213082,0
video772.webm,0.8618455216176513,0
video7727.webm,0.8736074861114261,0
video2716.webm,0.8864617907245493,0
video2720.webm,0.8793973628259848,0
video2721.webm,0.8910386816978533,0
video2723.webm,0.8763102840325341,0
video2725.webm,0.8778542073699344,0
video2730.webm,0.8969917228583445,0
video2735.webm,0.8967921200241014,0
video2746.webm,0.8648836702119098,0
video2751.webm,0.8313594203829652,0
video2752.webm,0.8523842834800521,0
video2753.webm,0.8809141824443437,0
video2754.webm,0.8778734837857128,0
video2766.webm,0.8608318422732693,0
video2768.webm,0.8521481062299326,0
video2776.webm,0.8812948212539038,0
video2778.webm,0.8784060307931746,0
video2783.webm,0.8645037978367234,0
video2877.webm,0.8759580909062056,0
video2885.webm,0.8721106190628971,0
video289.webm,0.8816254571173117,0
video2890.webm,0.8771631776975746,0
video2905.webm,0.86385122572298,0
video2912.webm,0.8541833550210614,0
video2918.webm,0.8671368642575005,0
video2926.webm,0.8801001610743542,0
video2940.webm,0.8257201563357468,0
video2950.webm,0.8229623197512571,0
video2957.webm,0.8829147831311849,0
video2966.webm,0.8724702267585988,0
video2969.webm,0.843369626000561,0
video2975.webm,0.8570218370546525,0
video2976.webm,0.8904285608761828,0
video2980.webm,0.869369516625131,0
video2989.webm,0.8948938466596492,0
video9581.webm,0.8567889339454333,0
video9594.webm,0.8917198618827429,0
video9597.webm,0.8957512754685931,0
video9603.webm,0.8477886076604989,0
video9616.webm,0.8370345420884376,0
video9617.webm,0.8727716587851285,0
video9622.webm,0.8624202368456105,0
video9626.webm,0.8505987977810101,0
video9629.webm,0.8461384133962556,0
video9644.webm,0.9113476767050572,0
video9664.webm,0.8562806647609833,0
video9666.webm,0.8940748077939183,0
video9669.webm,0.8505857652830845,0
video9678.webm,0.8656407684763157,0
video968.webm,0.8874714494349358,0
video9682.webm,0.8921662750250967,0
video9696.webm,0.8870460863888687,0
video9237.webm,0.8585146371464665,0
video9238.webm,0.8748572651709969,0
video9244.webm,0.8948329574824863,0
video9264.webm,0.8846265030305607,0
video9265.webm,0.8831971756642281,0
video9267.webm,0.8666890649435163,0
video9272.webm,0.8537551247391455,0
video9274.webm,0.8789531155378435,0
video9279.webm,0.8592730680844658,0
video9281.webm,0.8757435616418648,0
video9285.webm,0.8398021268155781,0
video9286.webm,0.8648082794540334,0
video9287.webm,0.8844036389326915,0
video9306.webm,0.8666867101361458,0
video9308.webm,0.827153184494781,0
video9314.webm,0.8453670866197218,0
video9320.webm,0.8593217106101083,0
video6636.webm,0.858980860588001,0
video6638.webm,0.8666797333364844,0
video6642.webm,0.8297763404617039,0
video6644.webm,0.8787919865339019,0
video6653.webm,0.8774177068477639,0
video6657.webm,0.8637059757951218,0
video666.webm,0.860610237117484,0
video6665.webm,0.8395008369454959,0
video6666.webm,0.8725241005383074,0
video6679.webm,0.8801992760348126,0
video6685.webm,0.8864016737336592,0
video6693.webm,0.9071791730482697,0
video6697.webm,0.8894624616223291,0
video6698.webm,0.8630667533329284,0
video670.webm,0.8362013195220831,0
video6701.webm,0.8391264516461434,0
video6705.webm,0.8539352333200663,0
video6916.webm,0.8315127192547873,0
video693.webm,0.8830272338456773,0
video6930.webm,0.8472128242293864,0
video6938.webm,0.8824689340324215,0
video694.webm,0.8762600528288276,0
video6943.webm,0.8737763848272402,0
video6944.webm,0.8270242590226736,0
video6957.webm,0.8535475241360979,0
video6963.webm,0.9049744825431126,0
video6967.webm,0.9022887076060535,0
video6969.webm,0.9012058049784553,0
video6971.webm,0.8660702734660579,0
video6972.webm,0.8902254526070771,0
video698.webm,0.8630348632947656,0
video6980.webm,0.8502123369677497,0
video6982.webm,0.8475787846432622,0
video6986.webm,0.8711544636036843,0
video6987.webm,0.8964208761881347,0
video5603.webm,0.8658841298840994,0
video5613.webm,0.8405412715848196,0
video5631.webm,0.8671010252259581,0
video5632.webm,0.8912631532216976,0
video5633.webm,0.8476079711777669,0
video5634.webm,0.8537789100334586,0
video5635.webm,0.8711095856537997,0
video5636.webm,0.8227824452276201,0
video5642.webm,0.8544503801437991,0
video5647.webm,0.8372324298417444,0
video5652.webm,0.8888611408863246,0
video5659.webm,0.855332910170646,0
video5672.webm,0.8955850957512691,0
video5680.webm,0.8787231986172145,0
video5683.webm,0.8887922936099296,0
video5690.webm,0.88297366845593,0
video5692.webm,0.8771409191513452,0
video5356.webm,0.8463537553687855,0
video5366.webm,0.8484447113432833,0
video5370.webm,0.836061420567024,0
video5374.webm,0.8925588406560588,0
video5378.webm,0.8631228558771026,0
video5380.webm,0.8966042344563611,0
video5385.webm,0.8880108902497638,0
video5393.webm,0.8715650162797339,0
video5399.webm,0.8931597751058121,0
video5402.webm,0.8813486144287551,0
video5412.webm,0.8838436767035965,0
video5415.webm,0.832969628227529,0
video5416.webm,0.8937819900877643,0
video5423.webm,0.8896726456185498,0
video5428.webm,0.8679792058048884,0
video5430.webm,0.8672059321547649,0
video5431.webm,0.9260353603255642,0
video4682.webm,0.8621210028682,0
video4683.webm,0.8890616328351449,0
video469.webm,0.854240190480145,0
video4691.webm,0.8662906497185379,0
video4693.webm,0.8351615830681441,0
video4694.webm,0.8692314510014095,0
video4696.webm,0.8639743588802044,0
video4698.webm,0.8552659741850488,0
video4705.webm,0.8846036618288133,0
video471.webm,0.8388265661428874,0
video4711.webm,0.8706182303607765,0
video4713.webm,0.8736810007082085,0
video4724.webm,0.8741373430819182,0
video4727.webm,0.8649058261421632,0
video4728.webm,0.8986625134759526,0
video474.webm,0.8585775661841598,0
video4744.webm,0.8572521204561958,0
video4748.webm,0.8613050310683746,0
video9777.webm,0.8724426001318618,0
video978.webm,0.8730479261219848,0
video9784.webm,0.874223327434566,0
video979.webm,0.867016299791348,0
video9791.webm,0.8706408595853049,0
video9794.webm,0.8576747984191608,0
video9798.webm,0.8498586899109941,0
video98.webm,0.8539345687481784,0
video9800.webm,0.8828261369303002,0
video9804.webm,0.8690506898061432,0
video9811.webm,0.8724581719384077,0
video9814.webm,0.9230927045140067,0
video9817.webm,0.8480758753897448,0
video9818.webm,0.8586308035132132,0
video9830.webm,0.8724059099230808,0
video9836.webm,0.8879929240262192,0
video9837.webm,0.8863107835848166,0
video9841.webm,0.8845168582944701,0
video1252.webm,0.8440549176509902,0
video1262.webm,0.881920515038445,0
video1268.webm,0.8749271211116719,0
video1269.webm,0.8797937263267359,0
video127.webm,0.8486476629158057,0
video1271.webm,0.855947359856393,0
video1276.webm,0.8776754732783135,0
video1279.webm,0.8360938223876709,0
video1287.webm,0.8538095211003787,0
video1292.webm,0.8512819442251616,0
video1302.webm,0.8504623052827432,0
video1303.webm,0.8587597195979129,0
video1304.webm,0.8509149297731395,0
video1306.webm,0.8201500680356396,0
video1308.webm,0.8522787381510569,0
video1313.webm,0.9048654123960944,0
video1314.webm,0.896657265033578,0
video360.webm,0.8758941976311504,0
video3600.webm,0.8419183075605078,0
video3609.webm,0.851500875005015,0
video3615.webm,0.9076645411065435,0
video3621.webm,0.8761476145523924,0
video3623.webm,0.8493847946154574,0
video3625.webm,0.8921978921394396,0
video363.webm,0.8843709006366006,0
video3630.webm,0.8595515189935522,0
video3633.webm,0.8417443821135668,0
video3638.webm,0.8791864793658176,0
video3640.webm,0.8817590728854643,0
video3644.webm,0.8815051162077917,0
video3645.webm,0.8532477302628378,0
video3646.webm,0.8782635344001856,0
video3648.webm,0.8810264464869336,0
video3651.webm,0.8731823617686991,0
video739.webm,0.8976885525996038,0
video7393.webm,0.8726347514084759,0
video7395.webm,0.8625006088232443,0
video7403.webm,0.884151048515751,0
video7412.webm,0.8808208943904408,0
video7413.webm,0.9226174835504519,0
video7418.webm,0.8629876417367027,0
video7420.webm,0.9076652279445875,0
video7425.webm,0.8574015310544366,0
video7430.webm,0.8677200510540811,0
video7440.webm,0.8814496260625055,0
video7441.webm,0.8569897543424426,0
video7449.webm,0.8671755059577022,0
video7450.webm,0.8567781008053057,0
video7455.webm,0.8758716090775401,0
video7459.webm,0.8586969224799437,0
video7460.webm,0.8581804367355399,0
video5209.webm,0.8629469153287066,0
video5353.webm,0.8896027096452463,0
video5449.webm,0.8730975769490545,0
video5599.webm,0.8890662575836569,0
video5695.webm,0.8795923518890011,0
video5839.webm,0.8755267578871261,0
video5917.webm,0.8534438160319395,0
video6008.webm,0.9257544301429212,0
video6124.webm,0.8999760526923541,0
video6220.webm,0.7935107447479194,0
video6345.webm,0.8468016798088978,0
video6411.webm,0.8550725911808473,0
video653.webm,0.8761873351083792,0
video6631.webm,0.8145420963151767,0
video6709.webm,0.875316537450432,0
video6778.webm,0.8692992965816396,0
video691.webm,0.8746920957323971,0
video6995.webm,0.8699851093215988,0
video7062.webm,0.8744466059660443,0
video7171.webm,0.9098078415481339,0
video7282.webm,0.8548160947072703,0
video822.webm,0.8813722824231336,0
video8223.webm,0.8697139723547241,0
video8232.webm,0.8516214353303999,0
video8237.webm,0.8674082885620613,0
video8242.webm,0.8707348707622076,0
video8244.webm,0.8598973395738788,0
video8248.webm,0.9012574269891915,0
video8250.webm,0.8944915619693597,0
video8255.webm,0.8388163264214421,0
video8257.webm,0.8663928023832091,0
video8258.webm,0.8406310127109914,0
video826.webm,0.8513468624936329,0
video8262.webm,0.8840060661440375,0
video8264.webm,0.8618038754572023,0
video8270.webm,0.8426421153461298,0
video8273.webm,0.8427455208681944,0
video8278.webm,0.87956761445493,0
video1500.webm,0.8819075209245468,0
video1501.webm,0.8872479603003108,0
video1512.webm,0.9007432828769181,0
video152.webm,0.8826015644678062,0
video1520.webm,0.8349917468356439,0
video1521.webm,0.8713525025093614,0
video1523.webm,0.8938318658361823,0
video1532.webm,0.8805046595082202,0
video1545.webm,0.8256800238731132,0
video1552.webm,0.8973795501413231,0
video1557.webm,0.8492794276433325,0
video1566.webm,0.8602461661765803,0
video1567.webm,0.8731585033268996,0
video1568.webm,0.8692412003891191,0
video1577.webm,0.9095523118357621,0
video1578.webm,0.8719045002046575,0
video1579.webm,0.8944649281093074,0
video1582.webm,0.8953201715954153,0
video1585.webm,0.8732757421183858,0
video1587.webm,0.8646433322565823,0
video1588.webm,0.8475544703009438,0
video1589.webm,0.8592754497355134,0
video1616.webm,0.8550153994027898,0
video1617.webm,0.8253099667453073,0
video1620.webm,0.8975970751896062,0
video1621.webm,0.8174874529603624,0
video1622.webm,0.8833007876369675,0
video1623.webm,0.8867673931066175,0
video1624.webm,0.8545364021844405,0
video1626.webm,0.8387286595167578,0
video1635.webm,0.8461001723738082,0
video1641.webm,0.8708688299487354,0
video1650.webm,0.8453061224307564,0
video1651.webm,0.8500844514306236,0
video6355.webm,0.8654454466311718,0
video6360.webm,0.8722333927195021,0
video6364.webm,0.8383184573013757,0
video6365.webm,0.8455650920824941,0
video6367.webm,0.8685489834298799,0
video6369.webm,0.8565151503470468,0
video637.webm,0.8596225406877344,0
video6371.webm,0.8680031280849736,0
video6372.webm,0.8658147719791172,0
video6374.webm,0.8765177106150523,0
video6375.webm,0.9004731968344555,0
video6383.webm,0.8758243974687253,0
video6384.webm,0.8508760013392973,0
video6389.webm,0.8660973182926994,0
video6394.webm,0.8880765676868716,0
video64.webm,0.8630985865546692,0
video6405.webm,0.8845616010690505,0
video2995.webm,0.8297738578636766,0
video3008.webm,0.8752251115611541,0
video3011.webm,0.8593244815427649,0
video3013.webm,0.8426252132414187,0
video3016.webm,0.8699319627700649,0
video3017.webm,0.8652333939676061,0
video3027.webm,0.9023459862534253,0
video3033.webm,0.8912791238095572,0
video3034.webm,0.9168422803681681,0
video3038.webm,0.8478663107684546,0
video3045.webm,0.8703282768654247,0
video3052.webm,0.855018718796807,0
video3064.webm,0.8583293746948696,0
video307.webm,0.8760378866660926,0
video3070.webm,0.9079255846683685,0
video3071.webm,0.8465462019659075,0
video3075.webm,0.9037444566737369,0
video5844.webm,0.8423214033893672,0
video5847.webm,0.8811345940795325,0
video5855.webm,0.8958369300116377,0
video5857.webm,0.8740110221205096,0
video5858.webm,0.8572879297049837,0
video5868.webm,0.8452252151318957,0
video5870.webm,0.843884195818274,0
video5878.webm,0.8595869000825643,0
video588.webm,0.8805968622313998,0
video5882.webm,0.8829116768333574,0
video5885.webm,0.8856744847370479,0
video5894.webm,0.8793924146200455,0
video59.webm,0.8812809720956131,0
video5905.webm,0.8634083451878858,0
video5908.webm,0.8790598762485489,0
video5915.webm,0.8536247066816107,0
video5916.webm,0.8764751834455794,0
video4093.webm,0.8420805859369462,0
video4096.webm,0.895338254063311,0
video4102.webm,0.9050385060242273,0
video4105.webm,0.8706214272166444,0
video4112.webm,0.8762702225202195,0
video4114.webm,0.8820419543919258,0
video4115.webm,0.8754797730092012,0
video4126.webm,0.8822293859190892,0
video4127.webm,0.8277090762933588,0
video4132.webm,0.8800993074344944,0
video4133.webm,0.8806432855698352,0
video4134.webm,0.8370282236334312,0
video4137.webm,0.8755158750210036,0
video414.webm,0.8694314969297625,0
video4146.webm,0.8476626291878051,0
video415.webm,0.8631017406781695,0
video4151.webm,0.8962213004433305,0
video2401.webm,0.8730253991139837,0
video2407.webm,0.837206269031914,0
video2409.webm,0.8663056231095781,0
video2415.webm,0.9089135354872315,0
video2416.webm,0.8443606292660615,0
video2417.webm,0.845493061801554,0
video242.webm,0.8517227929743404,0
video2427.webm,0.8921952382386193,0
video2428.webm,0.9078306886893731,0
video2439.webm,0.8595313932689596,0
video2442.webm,0.8637504494672118,0
video2451.webm,0.8188172606409235,0
video2452.webm,0.9035296424749173,0
video246.webm,0.8523745866793365,0
video2462.webm,0.8711792379000215,0
video2465.webm,0.868775579674462,0
video2468.webm,0.8732398063735122,0
video8523.webm,0.8736822146073367,0
video8527.webm,0.8427043121722655,0
video8528.webm,0.9121269381524788,0
video8533.webm,0.8626667439405626,0
video8534.webm,0.8573734236740506,0
video8536.webm,0.8651334001101889,0
video8537.webm,0.8745672761242009,0
video8539.webm,0.8574977565465229,0
video854.webm,0.8598319941485496,0
video8540.webm,0.8862716719605334,0
video8541.webm,0.8788468576030838,0
video8548.webm,0.8757203003671546,0
video8555.webm,0.8843662733712345,0
video8559.webm,0.8917207283729534,0
video856.webm,0.8695816472964397,0
video8564.webm,0.8790929049175658,0
video8567.webm,0.868967851594788,0
video8569.webm,0.9126829367331846,0
video8570.webm,0.8730008980866185,0
video8571.webm,0.8560371502426434,0
video8574.webm,0.8755098779708824,0
video8589.webm,0.8763738856050104,0
video8599.webm,0.8821252127033126,0
video8608.webm,0.8734948482644351,0
video8610.webm,0.8671828544583623,0
video8612.webm,0.8686440059801132,0
video8617.webm,0.8744927899693836,0
video8620.webm,0.8699492507409424,0
video8626.webm,0.8815111863662495,0
video8627.webm,0.8835917039721054,0
video863.webm,0.8691548214263137,0
video8634.webm,0.8765277053497403,0
video8639.webm,0.8611562220477953,0
video8645.webm,0.9011833780359247,0
video8651.webm,0.8536635536880828,0
video4888.webm,0.8251020002904845,0
video4889.webm,0.8640098252766325,0
video4895.webm,0.8820038395745831,0
video4898.webm,0.8488191859206167,0
video4899.webm,0.832914374817963,0
video490.webm,0.8677309189569691,0
video4905.webm,0.8854705465864812,0
video4908.webm,0.8946960067603508,0
video4913.webm,0.8856733622225843,0
video4915.webm,0.8730060731582161,0
video4919.webm,0.903232610584283,0
video493.webm,0.9058732971422565,0
video4937.webm,0.8938237650388546,0
video4939.webm,0.8400636051236611,0
video4942.webm,0.8573689933117232,0
video4945.webm,0.9084279968165717,0
video4947.webm,0.9025137177193606,0
video4952.webm,0.8718459878552395,0
video4953.webm,0.8856064425202466,0
video4955.webm,0.8471891499895385,0
video4957.webm,0.8919305876808332,0
video4958.webm,0.8791618781827845,0
video4969.webm,0.9036485024288364,0
video4981.webm,0.8477791827505462,0
video4982.webm,0.8755298313134041,0
video4985.webm,0.867086135859587,0
video4988.webm,0.8595556221778227,0
video5.webm,0.9093918372171548,0
video50.webm,0.8619472994161901,0
video5003.webm,0.8687039590034973,0
video5005.webm,0.8670912386982259,0
video5009.webm,0.8768141472728908,0
video5011.webm,0.85366286300433,0
video4555.webm,0.8534250318184133,0
video4556.webm,0.9147354580844632,0
video4560.webm,0.8826075820544546,0
video4561.webm,0.8289205110379316,0
video457.webm,0.8407843186764797,0
video4572.webm,0.8777553568583728,0
video4574.webm,0.8769066253963664,0
video4579.webm,0.8830064263741674,0
video4584.webm,0.8635481405959168,0
video4586.webm,0.8924435588366547,0
video4588.webm,0.8665514437727244,0
video4589.webm,0.8859133361592332,0
video459.webm,0.8698539069319912,0
video4591.webm,0.8514734064552885,0
video4592.webm,0.8583776671510677,0
video4593.webm,0.8842560558714633,0
video4596.webm,0.8613217682770403,0
video7733.webm,0.8796407465606948,0
video7734.webm,0.8943955043123606,0
video7735.webm,0.8490873110480037,0
video774.webm,0.8832351269125398,0
video7744.webm,0.868747737000011,0
video7747.webm,0.882930551792759,0
video7750.webm,0.8573784252837097,0
video7755.webm,0.8847599788964178,0
video7764.webm,0.8597221010368995,0
video7765.webm,0.8572927319948503,0
video7766.webm,0.8779784273913463,0
video7767.webm,0.9122494978569038,0
video7768.webm,0.8538210734602085,0
video7776.webm,0.8624760417841789,0
video7778.webm,0.8879292651691636,0
video7779.webm,0.8885032093586275,0
video7781.webm,0.8503693934957234,0
video7790.webm,0.8315671841212526,0
video7794.webm,0.8709446016405679,0
video7796.webm,0.8577301422435736,0
video7797.webm,0.8693452256918509,0
video7798.webm,0.9056886489475687,0
video780.webm,0.8911660309075358,0
video7810.webm,0.883140040436913,0
video7814.webm,0.8914013187167337,0
video7827.webm,0.8893470072359275,0
video7829.webm,0.851358758489303,0
video7836.webm,0.8722689594111358,0
video784.webm,0.870205420146159,0
video7843.webm,0.8875161971023545,0
video7845.webm,0.8423319269465056,0
video7847.webm,0.8522651928792763,0
video7850.webm,0.8820668883500614,0
video7855.webm,0.8487915043429936,0
video7857.webm,0.8871779311395878,0
video7859.webm,0.8698670465131699,0
video7860.webm,0.8851914089030826,0
video7864.webm,0.8529611628099126,0
video7866.webm,0.878275417347495,0
video7870.webm,0.8630637329336732,0
video7871.webm,0.8592193470840478,0
video7876.webm,0.8507066769151939,0
video6715.webm,0.8296250634728886,0
video6720.webm,0.8570454324193283,0
video6723.webm,0.8894263317238358,0
video6724.webm,0.8444296053077109,0
video6729.webm,0.9021884716795129,0
video673.webm,0.8896642195725697,0
video6732.webm,0.8821486742464957,0
video6738.webm,0.8439952789858781,0
video6739.webm,0.8800992017907335,0
video6744.webm,0.8425384484351961,0
video6750.webm,0.8619834776694927,0
video6758.webm,0.8781385359369713,0
video6761.webm,0.8585519307076924,0
video6768.webm,0.8814566041053985,0
video6770.webm,0.8320392738206547,0
video6774.webm,0.8609359171760351,0
video6775.webm,0.8644393273487607,0
video5210.webm,0.8730763328374715,0
video5216.webm,0.8544505995869227,0
video5217.webm,0.8732052563985285,0
video523.webm,0.89947805066463,0
video5236.webm,0.8854691242502256,0
video5256.webm,0.8173647350121567,0
video526.webm,0.8723304049413082,0
video5261.webm,0.8705236533234689,0
video5267.webm,0.8717106190493746,0
video527.webm,0.8694438948527454,0
video5273.webm,0.8860285650154665,0
video5276.webm,0.8718114114461295,0
video5277.webm,0.851148404227146,0
video5278.webm,0.8894041369551873,0
video528.webm,0.8618400300345476,0
video5288.webm,0.8383298389984368,0
video5294.webm,0.8613336166996776,0
video5295.webm,0.8719094121311523,0
video5297.webm,0.8650776286526268,0
video5299.webm,0.8755933368738367,0
video5307.webm,0.8332849527302436,0
video5308.webm,0.8646301842488887,0
video5313.webm,0.8300877392676557,0
video5315.webm,0.8610831133697517,0
video5322.webm,0.8664518606887734,0
video5324.webm,0.8657985130371787,0
video5325.webm,0.8756955376057539,0
video5333.webm,0.8757653354900494,0
video5335.webm,0.8580594528322855,0
video5347.webm,0.868151945638558,0
video2109.webm,0.893843091839276,0
video2110.webm,0.8930194016648192,0
video2113.webm,0.840581317277904,0
video2123.webm,0.8697810805409647,0
video213.webm,0.8552468231476907,0
video2134.webm,0.8649675040994201,0
video2139.webm,0.8683041344832363,0
video2142.webm,0.8876775863854296,0
video2154.webm,0.8589192161687731,0
video2158.webm,0.8998692405154923,0
video2160.webm,0.8659488660160861,0
video2161.webm,0.8863762200489889,0
video2164.webm,0.8545391621039521,0
video2167.webm,0.8870301820096653,0
video2170.webm,0.893023643978378,0
video2174.webm,0.8536798003755698,0
video219.webm,0.8867862230802572,0
video2194.webm,0.8631814269382908,0
video2195.webm,0.8692839467032683,0
video2196.webm,0.8750945657746606,0
video2198.webm,0.858001039607391,0
video2204.webm,0.8772797787280937,0
video2216.webm,0.8955814445522405,0
video2219.webm,0.8628911496399169,0
video8099.webm,0.8751943277648316,0
video810.webm,0.8720218771723575,0
video8106.webm,0.8812433694619496,0
video8107.webm,0.8669566487691203,0
video8116.webm,0.8706994493973107,0
video8117.webm,0.8570540867816341,0
video8119.webm,0.8633571987133677,0
video8125.webm,0.8670949593344521,0
video8129.webm,0.9018464467424713,0
video8130.webm,0.8914975510816117,0
video8133.webm,0.8543144642799704,0
video8135.webm,0.8708878604466379,0
video8139.webm,0.8360825818556908,0
video8141.webm,0.8592824840195356,0
video8143.webm,0.8663980897325599,0
video8144.webm,0.8701388646346294,0
video8148.webm,0.8746959723228147,0
video815.webm,0.8655690832147386,0
video8154.webm,0.9031868695161761,0
video8160.webm,0.82876619322571,0
video8164.webm,0.8538293669436514,0
video8173.webm,0.8887423881708849,0
video8176.webm,0.8943706469643806,0
video8177.webm,0.902450769975151,0
video8183.webm,0.9138711520438759,0
video8203.webm,0.9291913365589246,0
video8204.webm,0.8692128358862101,0
video8212.webm,0.855202452864005,0
video9326.webm,0.8867279230889424,0
video9332.webm,0.8612396528740406,0
video9336.webm,0.8962560023459261,0
video9338.webm,0.8811172862616705,0
video9340.webm,0.8867742117854105,0
video9346.webm,0.8786851736760795,0
video935.webm,0.8332716973333046,0
video9351.webm,0.86364366275566,0
video9352.webm,0.8649647631903277,0
video9355.webm,0.8609090309357893,0
video9363.webm,0.9039095467098931,0
video9364.webm,0.8355824104044829,0
video9378.webm,0.8838523281485876,0
video9383.webm,0.8570882932784992,0
video9384.webm,0.8385867980659929,0
video940.webm,0.8776002875429009,0
video9401.webm,0.8650722567010559,0
video3660.webm,0.836188001300338,0
video3661.webm,0.8675398989667754,0
video3670.webm,0.8520760736639227,0
video3671.webm,0.8885726294249269,0
video3674.webm,0.8679168371421951,0
video3678.webm,0.8394090818535794,0
video3681.webm,0.8560906789686543,0
video3684.webm,0.8760810917007344,0
video3687.webm,0.8458847534539414,0
video3689.webm,0.8968109788877523,0
video3695.webm,0.9151256581537284,0
video3703.webm,0.816398818289324,0
video3706.webm,0.9017485225124872,0
video3708.webm,0.8444416763417874,0
video3709.webm,0.8879577605479722,0
video3716.webm,0.9049680883081506,0
video3722.webm,0.8738325254362227,0
video3725.webm,0.8771592655325843,0
video374.webm,0.8964138034009999,0
video3743.webm,0.8838024604418171,0
video3744.webm,0.8720577155303243,0
video3753.webm,0.9177896876303712,0
video376.webm,0.8391905496140988,0
video3774.webm,0.8737668922304486,0
video3775.webm,0.8765438438201778,0
video3781.webm,0.8462624416753698,0
video3782.webm,0.860149693707051,0
video3796.webm,0.8560997838103316,0
video380.webm,0.8749953550636179,0
video3805.webm,0.8942648858519052,0
video3806.webm,0.8227491279749397,0
video3808.webm,0.8729793910625732,0
video3823.webm,0.8796371664082583,0
video3826.webm,0.8791160050035136,0
video3827.webm,0.857855911087479,0
video383.webm,0.8666198377860097,0
video3830.webm,0.90625675585527,0
video3841.webm,0.8658084325722131,0
video3848.webm,0.8738750915967515,0
video3856.webm,0.8470439049050131,0
video3865.webm,0.8344616127856535,0
video3870.webm,0.8473059238342974,0
video3875.webm,0.8678092108958497,0
video6997.webm,0.8811201053655494,0
video7.webm,0.8625205043691178,0
video70.webm,0.8723417829256145,0
video700.webm,0.8403150859380383,0
video7000.webm,0.890515280766488,0
video7014.webm,0.8935386132369958,0
video7019.webm,0.9036632695300851,0
video702.webm,0.9088219398382356,0
video7020.webm,0.8661518876887859,0
video7032.webm,0.866407660757891,0
video7035.webm,0.8753392434990948,0
video7036.webm,0.886411685048202,0
video7039.webm,0.9044225243664152,0
video7049.webm,0.8591020944409553,0
video7053.webm,0.8656227662622259,0
video7054.webm,0.8576212956158368,0
video7055.webm,0.9166141967328235,0
video706.webm,0.861671104578036,0
video7068.webm,0.8605461836798167,0
video707.webm,0.8765802768655704,0
video7075.webm,0.8716005063428441,0
video7076.webm,0.8515598237390887,0
video7092.webm,0.8847934185333477,0
video71.webm,0.821775713391776,0
video710.webm,0.8794630226787714,0
video7107.webm,0.8909053439049133,0
video7111.webm,0.9067221238269298,0
video7120.webm,0.8983744627430301,0
video7123.webm,0.8862396303637718,0
video7124.webm,0.8670952194180802,0
video7130.webm,0.8691426744885272,0
video7137.webm,0.8901222344929339,0
video7139.webm,0.874847910298293,0
video714.webm,0.8590056712523492,0
video7158.webm,0.8728356233847272,0
video7169.webm,0.8770704298258167,0
video3494.webm,0.876093625147282,0
video350.webm,0.8892990526838188,0
video3502.webm,0.863462895997327,0
video3514.webm,0.8594581604094447,0
video3520.webm,0.9011366408317533,0
video3521.webm,0.8468252383683942,0
video3522.webm,0.8653640479588751,0
video3531.webm,0.8434674821611562,0
video3541.webm,0.8649424925621176,0
video3542.webm,0.8779244875539429,0
video3544.webm,0.8721981642161111,0
video3548.webm,0.8926868667463398,0
video3549.webm,0.8879166594068224,0
video3550.webm,0.8498674470166839,0
video3552.webm,0.8740471285975272,0
video3559.webm,0.8505914567997261,0
video3562.webm,0.8665597531133149,0
video3565.webm,0.8991597813444965,0
video3566.webm,0.8620515304247136,0
video3568.webm,0.8388171503848743,0
video3573.webm,0.8593686989437775,0
video3581.webm,0.8827801864931983,0
video3586.webm,0.8476033614772357,0
video3587.webm,0.8856711086775628,0
video3589.webm,0.8788593712127575,0
video2795.webm,0.8655592477059992,0
video2806.webm,0.8701906419782501,0
video2810.webm,0.8520581034537805,0
video2814.webm,0.8791919681535502,0
video2815.webm,0.8282435324829288,0
video2818.webm,0.8886144753691003,0
video2820.webm,0.8953368422140336,0
video2822.webm,0.8787906693803873,0
video2824.webm,0.8827393740620016,0
video2837.webm,0.8866961212283809,0
video2842.webm,0.8842354581932652,0
video2847.webm,0.8643121694696202,0
video285.webm,0.9075747246540635,0
video2851.webm,0.8884481279109613,0
video2852.webm,0.9004486495917872,0
video2854.webm,0.8189320615428429,0
video2856.webm,0.8082978087201894,0
video2858.webm,0.8239861053608252,0
video286.webm,0.8482195448345199,0
video2864.webm,0.8605162094766314,0
video2870.webm,0.9013271568075717,0
video2872.webm,0.8766646842241066,0
video9865.webm,0.8695739809674176,0
video9866.webm,0.9047537888227303,0
video9867.webm,0.8829993909387098,0
video9868.webm,0.8876819180038428,0
video9869.webm,0.8657359257316253,0
video987.webm,0.8800233878913497,0
video9880.webm,0.8700314661931623,0
video9882.webm,0.864729200908198,0
video9886.webm,0.8977124770133837,0
video9887.webm,0.877450983006314,0
video989.webm,0.8583858661299326,0
video9899.webm,0.8728044117409702,0
video99.webm,0.8498997869222492,0
video9902.webm,0.8495750932700195,0
video9910.webm,0.8684757139928295,0
video9911.webm,0.904663835643292,0
video9912.webm,0.877406554606068,0
video9916.webm,0.8862616068321565,0
video9919.webm,0.8256827232709281,0
video9921.webm,0.8901807712124574,0
video9922.webm,0.8807159031099331,0
video9924.webm,0.8930529003557961,0
video9933.webm,0.8808733252426324,0
video9934.webm,0.867281130871842,0
video9937.webm,0.8603221741651621,0
video9941.webm,0.8574723752614654,0
video9947.webm,0.8399634958695767,0
video9953.webm,0.866465155831371,0
video9955.webm,0.8771725390144086,0
video996.webm,0.8178685677134139,0
video9962.webm,0.8541649718833104,0
video9973.webm,0.8745656890528724,0
video9978.webm,0.8241130353277435,0
video9979.webm,0.8633963621152921,0
video5923.webm,0.88264798769786,0
video5928.webm,0.8485988331503453,0
video5933.webm,0.8679585366880234,0
video5946.webm,0.8535036139323484,0
video595.webm,0.8825400253151503,0
video596.webm,0.8635324145672568,0
video597.webm,0.8540773151737167,0
video5971.webm,0.9080851332648403,0
video5973.webm,0.8710661263211275,0
video5982.webm,0.8432536423837464,0
video5983.webm,0.8955923118339217,0
video5985.webm,0.8384292249072378,0
video5987.webm,0.9041226725291062,0
video5988.webm,0.8775974635928073,0
video5996.webm,0.8891102410118523,0
video5997.webm,0.8757430032093898,0
video5999.webm,0.8847599952677403,0
video601.webm,0.881800331560038,0
video6014.webm,0.8702099168156415,0
video6020.webm,0.8640925771671398,0
video6023.webm,0.8907520064142717,0
video6025.webm,0.8883032071740109,0
video6029.webm,0.8737510446735884,0
video6035.webm,0.8783211368557681,0
video6045.webm,0.8659169627103929,0
video6046.webm,0.8876448212052633,0
video6053.webm,0.871011850974355,0
video6066.webm,0.847212048394094,0
video6070.webm,0.8479463751170052,0
video6078.webm,0.8673463922435586,0
video6082.webm,0.8601970922715133,0
video6083.webm,0.8627553158945216,0
video6085.webm,0.8854681437593053,0
video6090.webm,0.8703750427635073,0
video6101.webm,0.8840305111541723,0
video6108.webm,0.9048791470198925,0
video6113.webm,0.8514930316635034,0
video6118.webm,0.8664833650587909,0
video2487.webm,0.8386767423405528,0
video2493.webm,0.8765691086793268,0
video2503.webm,0.8937470777999584,0
video2504.webm,0.8720656328205801,0
video2506.webm,0.843842471033946,0
video2510.webm,0.8631802098544586,0
video2511.webm,0.8556820711691911,0
video2518.webm,0.873187921945672,0
video252.webm,0.8723162245441508,0
video2521.webm,0.8207026022939976,0
video2522.webm,0.8713368240298328,0
video2526.webm,0.8861672955403974,0
video2534.webm,0.8836553350218915,0
video2537.webm,0.8634014255441087,0
video2544.webm,0.9021880343095353,0
video2560.webm,0.8401217570694479,0
video2563.webm,0.8698676412770302,0
video2565.webm,0.910454807433173,0
video2572.webm,0.8660916995460368,0
video2577.webm,0.8522735107875783,0
video2578.webm,0.8617450879610968,0
video2579.webm,0.8529536194326772,0
video2590.webm,0.8574272439871106,0
video2595.webm,0.8653467726776487,0
video2606.webm,0.877514184404148,0
video2611.webm,0.8610518401577812,0
video2612.webm,0.8543316379801859,0
video2617.webm,0.8725851824660755,0
video262.webm,0.8543828562237615,0
video2624.webm,0.8758794294648826,0
video2626.webm,0.8492780840137443,0
video263.webm,0.8734484625315901,0
video4167.webm,0.8751819400219834,0
video4176.webm,0.8418145656799274,0
video4177.webm,0.8534211588063099,0
video4181.webm,0.87715487891985,0
video4188.webm,0.8431424956077892,0
video4197.webm,0.889238792968874,0
video4199.webm,0.8649518815556723,0
video42.webm,0.8596819086436027,0
video420.webm,0.8304749134923952,0
video4201.webm,0.8851833784700273,0
video4215.webm,0.8633487590823044,0
video422.webm,0.8645092629777058,0
video4221.webm,0.881561474894813,0
video4222.webm,0.8852700856189721,0
video4225.webm,0.8548912945537541,0
video4232.webm,0.8570976890964802,0
video4234.webm,0.8806544580134681,0
video4244.webm,0.8824686324674099,0
video4253.webm,0.867647635047173,0
video4259.webm,0.8288020812540089,0
video426.webm,0.8880366461434349,0
video4267.webm,0.8949000666569733,0
video4268.webm,0.8984060677140425,0
video427.webm,0.8529185520582737,0
video4270.webm,0.8879081074608896,0
video4271.webm,0.8729160168961632,0
video4289.webm,0.8815015039596704,0
video429.webm,0.898836678175307,0
video4290.webm,0.8826385088846027,0
video4300.webm,0.8214155133632629,0
video4301.webm,0.8446974557974043,0
video4304.webm,0.869639305482921,0
video4311.webm,0.8856821397622138,0
video4313.webm,0.8549510504723047,0
video4317.webm,0.8739822311284738,0
video432.webm,0.8822007161272657,0
video4320.webm,0.8421666839216043,0
video4326.webm,0.8809707614857072,0
video4330.webm,0.8907504217945915,0
video4333.webm,0.863235105941524,0
video3948.webm,0.8542210337165261,0
video3950.webm,0.8770885299570352,0
video3951.webm,0.8683783197532012,0
video3954.webm,0.8782635209720893,0
video3958.webm,0.8588750335389057,0
video3959.webm,0.8541273894308464,0
video3963.webm,0.8791455220028905,0
video3966.webm,0.8308825765695895,0
video397.webm,0.9025170742980818,0
video3973.webm,0.857138308330252,0
video3978.webm,0.8720729092401452,0
video3987.webm,0.8609150588168368,0
video3990.webm,0.9107660508372488,0
video3992.webm,0.8499806702953228,0
video3996.webm,0.8660377993435978,0
video3998.webm,0.9009323167867591,0
video3999.webm,0.8725026207859179,0
video8285.webm,0.8579999775158204,0
video8298.webm,0.8804407280163096,0
video8302.webm,0.8811366023237703,0
video8307.webm,0.8472880550300864,0
video8312.webm,0.8672187468201724,0
video8315.webm,0.8804188415876133,0
video832.webm,0.8783348599443952,0
video8320.webm,0.8478658992401804,0
video8321.webm,0.8747210236790394,0
video8332.webm,0.882100444958098,0
video8340.webm,0.8794139674306061,0
video8342.webm,0.8797420944658364,0
video8343.webm,0.861425612849248,0
video836.webm,0.8596012890015675,0
video8362.webm,0.8854941590477665,0
video8370.webm,0.9006496402624659,0
video8372.webm,0.832662031827055,0
video8373.webm,0.8754556478824755,0
video8376.webm,0.8473736000356329,0
video8388.webm,0.8721956212936673,0
video8391.webm,0.8721573313368369,0
video8392.webm,0.8625907828513651,0
video8393.webm,0.8672038078838039,0
video8404.webm,0.8618323283240903,0
video8408.webm,0.8647623118992177,0
video841.webm,0.8914334001561643,0
video8411.webm,0.863183421936111,0
video8412.webm,0.8521046436069013,0
video8413.webm,0.8897805362670024,0
video8416.webm,0.851278656669388,0
video8417.webm,0.8811700919639261,0
video8418.webm,0.8959680649664707,0
video8419.webm,0.8817341219593586,0
video8424.webm,0.8498342506676104,0
video8431.webm,0.8837488283448538,0
video5463.webm,0.8725941985114215,0
video5464.webm,0.8618855771526962,0
video5468.webm,0.879013810374757,0
video5469.webm,0.8926971268126985,0
video5471.webm,0.8799000132746241,0
video5473.webm,0.8746649164599016,0
video5475.webm,0.8744605659731347,0
video5485.webm,0.8449346738145483,0
video5492.webm,0.8569964725119664,0
video5493.webm,0.857038988447071,0
video5499.webm,0.8623640604688869,0
video551.webm,0.8426794307155057,0
video5515.webm,0.8785452091885944,0
video5517.webm,0.8760247534617369,0
video5523.webm,0.8888416476414902,0
video5527.webm,0.8252960203473888,0
video5529.webm,0.8490357889726025,0
video5531.webm,0.8782983786150381,0
video5532.webm,0.8732348163695994,0
video5534.webm,0.8672684961820588,0
video5537.webm,0.8765419561074769,0
video5540.webm,0.8827879983927748,0
video5549.webm,0.8772264784155323,0
video5556.webm,0.8567870388359587,0
video5557.webm,0.899621827449288,0
video5558.webm,0.87461980429046,0
video5572.webm,0.8672464679115904,0
video5574.webm,0.8616908716846555,0
video5583.webm,0.8375686681607234,0
video5586.webm,0.8577993747466742,0
video7464.webm,0.8704531800384622,0
video7645.webm,0.80115966275927,0
video7730.webm,0.8761707365633598,0
video7791.webm,0.856557407568744,0
video7877.webm,0.873860184200704,0
video7966.webm,0.8636306892277194,0
video8094.webm,0.8484537750272382,0
video8213.webm,0.8713241539534625,0
video8281.webm,0.8856410003970928,0
video8432.webm,0.8846817147011967,0
video8519.webm,0.8568228247657349,0
video8656.webm,0.9018375808437179,0
video873.webm,0.8511056677484882,0
video8839.webm,0.8412528194518225,0
video8901.webm,0.8833009888275585,0
video8971.webm,0.8853731330669803,0
video9043.webm,0.8793814041057192,0
video9124.webm,0.8943907050422624,0
video9233.webm,0.8689954530144202,0
video9325.webm,0.8554936472329703,0
video9410.webm,0.8487420986066454,0
video9580.webm,0.851503562252822,0
video9697.webm,0.8926702384494541,0
video9775.webm,0.8529809669953067,0
video9863.webm,0.8826006220325162,0
video320.webm,0.8497537670349431,0
video3203.webm,0.8696772785941259,0
video3209.webm,0.8755368483386157,0
video3210.webm,0.89691802717817,0
video3219.webm,0.8857348922496415,0
video3222.webm,0.8616929868006659,0
video3226.webm,0.8663353292625404,0
video3228.webm,0.8652168908819734,0
video3229.webm,0.8938323688360312,0
video3233.webm,0.8454885094262078,0
video3234.webm,0.8788414924960449,0
video3240.webm,0.9164701820477896,0
video3241.webm,0.8860536086299726,0
video3253.webm,0.8606324452422419,0
video3257.webm,0.8636269488593713,0
video3260.webm,0.8723758426058477,0
video3267.webm,0.895750888550298,0
video3272.webm,0.867394724707752,0
video3083.webm,0.8571735030219879,0
video3085.webm,0.890270444801767,0
video3088.webm,0.8664592628671325,0
video309.webm,0.8826888556169066,0
video3108.webm,0.8777288719567361,0
video3110.webm,0.9034279240332412,0
video3115.webm,0.855861272864306,0
video312.webm,0.8791520030966274,0
video314.webm,0.8823163051279928,0
video3140.webm,0.8747390303113203,0
video3141.webm,0.8808248548312566,0
video3143.webm,0.8476113078780146,0
video3148.webm,0.8976842412245788,0
video3156.webm,0.9193960182633405,0
video3157.webm,0.8825995127208356,0
video3164.webm,0.8284250709368234,0
video3166.webm,0.8901308625637822,0
video3170.webm,0.8704238827087097,0
video3174.webm,0.9035600646947398,0
video1140.webm,0.9071561629025958,0
video1141.webm,0.8694438305201573,0
video1142.webm,0.8248472471449111,0
video1151.webm,0.8815404012169294,0
video1155.webm,0.8699738576102362,0
video1157.webm,0.9000859289319036,0
video1158.webm,0.886986151081903,0
video116.webm,0.8506595897780199,0
video1169.webm,0.8698791186162058,0
video117.webm,0.8583280744344882,0
video1172.webm,0.8509632302508104,0
video1179.webm,0.8682482644742417,0
video118.webm,0.8722441739065994,0
video1180.webm,0.8719751304086583,0
video1187.webm,0.8532854215940815,0
video1206.webm,0.8767502208665616,0
video1209.webm,0.8387841440641087,0
video1218.webm,0.8858882126274349,0
video1226.webm,0.8145245152359253,0
video1227.webm,0.863128881868764,0
video1232.webm,0.8820528519143745,0
video1237.webm,0.8885499710577509,0
video1240.webm,0.8682829017594141,0
video3274.webm,0.8925257467106561,0
video3349.webm,0.8740296373663508,0
video3424.webm,0.8687725451230165,0
video3486.webm,0.8456150038597832,0
video3594.webm,0.8571389837784982,0
video3658.webm,0.8787168548510391,0
video3729.webm,0.8222012268554647,0
video3876.webm,0.8581305696615763,0
video3947.webm,0.89601778808596,0
video4001.webm,0.8749920982908502,0
video4090.webm,0.8570103386461716,0
video4166.webm,0.8713804603456478,0
video4248.webm,0.8652019596809283,0
video4346.webm,0.8555684936694731,0
video4426.webm,0.871653141192927,0
video4551.webm,0.8603497374253801,0
video4600.webm,0.8359905470650691,0
video468.webm,0.8757109119797379,0
video4755.webm,0.873547849892785,0
video4887.webm,0.8550038438149956,0
video5014.webm,0.8577125218049513,0
video3198.webm,0.829383756434033,0
video5094.webm,0.8852224605181448,0
video7384.webm,0.8515778441425971,0
video6222.webm,0.8630332410687658,0
video6223.webm,0.8351494863483413,0
video6226.webm,0.8282385190287016,0
video6228.webm,0.8774418351998775,0
video6229.webm,0.8488595279576648,0
video6238.webm,0.8885920821890353,0
video6241.webm,0.9210499022020253,0
video6242.webm,0.8270393256253581,0
video6249.webm,0.8695385969942196,0
video6251.webm,0.8588154285279964,0
video6253.webm,0.8692523155643498,0
video6259.webm,0.8696649669831403,0
video6263.webm,0.8952340075704204,0
video6267.webm,0.8845221236140796,0
video6273.webm,0.8843319675318098,0
video6274.webm,0.869874015011437,0
video6282.webm,0.8503052780687966,0
video6283.webm,0.9057834333787532,0
video6287.webm,0.8869677841888768,0
video6292.webm,0.8495452633932613,0
video630.webm,0.8553936978639206,0
video6300.webm,0.8200717160808506,0
video6301.webm,0.8693898970817151,0
video6302.webm,0.9176072288901939,0
video6308.webm,0.8304675796809059,0
video6314.webm,0.8714762945858104,0
video6327.webm,0.8905862936844816,0
video6334.webm,0.8955378601438235,0
video6341.webm,0.8556708372746741,0
video6414.webm,0.865278173958636,0
video6417.webm,0.8741421968997042,0
video6424.webm,0.8822957188256173,0
video6428.webm,0.8442166630326213,0
video6430.webm,0.8837369363907314,0
video6435.webm,0.8226317348957013,0
video6443.webm,0.8442656072031006,0
video6445.webm,0.8856931559688052,0
video6449.webm,0.8772531814045955,0
video645.webm,0.8845040538177475,0
video6451.webm,0.881452127705513,0
video6455.webm,0.8544667645577075,0
video6459.webm,0.8470146433082624,0
video6464.webm,0.8532105572304982,0
video6468.webm,0.8929009623853397,0
video6469.webm,0.8564390730089152,0
video6471.webm,0.8609442662107549,0
video6472.webm,0.857695325731846,0
video6482.webm,0.8534116618480527,0
video6487.webm,0.9053044706759339,0
video6490.webm,0.9038512248804161,0
video6495.webm,0.8803962762572987,0
video6497.webm,0.816769013116085,0
video6500.webm,0.8735497607985725,0
video6511.webm,0.8663668705097126,0
video6513.webm,0.8735293576149378,0
video6514.webm,0.8866986706909485,0
video6520.webm,0.8687052842308485,0
video6522.webm,0.8849681562428947,0
video6529.webm,0.8998527817995526,0
video7467.webm,0.9100744176699519,0
video7476.webm,0.8546271659932461,0
video748.webm,0.9048231359310095,0
video7482.webm,0.8541149359676341,0
video7484.webm,0.8641464115915811,0
video7487.webm,0.916403442947829,0
video7490.webm,0.9001201093736385,0
video7501.webm,0.8563187457847476,0
video7509.webm,0.8736235084003177,0
video7512.webm,0.8590120683797728,0
video7514.webm,0.8672379973168316,0
video7529.webm,0.8883666278971252,0
video7537.webm,0.8625496482981387,0
video7547.webm,0.8844736820318754,0
video7551.webm,0.8391573431667507,0
video7553.webm,0.8723032753603658,0
video7557.webm,0.864041513507463,0
video7559.webm,0.854057333102451,0
video756.webm,0.9090982754522369,0
video7561.webm,0.8698661630251386,0
video7564.webm,0.8301908054977575,0
video7570.webm,0.8823420990905421,0
video7577.webm,0.9137450939968113,0
video7583.webm,0.9119059813566002,0
video7586.webm,0.8601485588931165,0
video7594.webm,0.8897830943311487,0
video7595.webm,0.8909042156348351,0
video7601.webm,0.8852326544810349,0
video7620.webm,0.8755738303760682,0
video7622.webm,0.8782065287654435,0
video7623.webm,0.9203864852295714,0
video7630.webm,0.9042384948684099,0
video7639.webm,0.8632728794070754,0
video8662.webm,0.8537884856386161,0
video8666.webm,0.8948168825338352,0
video8675.webm,0.8706493034809836,0
video8681.webm,0.8631859904305792,0
video8682.webm,0.880694386407351,0
video8686.webm,0.86861116858419,0
video8688.webm,0.8614807904025292,0
video8690.webm,0.8987554647070922,0
video8697.webm,0.9133010022633075,0
video8699.webm,0.8271959054039528,0
video8703.webm,0.8667638323764008,0
video8706.webm,0.8829772842349783,0
video8707.webm,0.8876757821222934,0
video8712.webm,0.8830813419581748,0
video8715.webm,0.8785209164192156,0
video8716.webm,0.8863930095764815,0
video8721.webm,0.8906945202314112,0
video8728.webm,0.8420853265046011,0
video9046.webm,0.8769349038589623,0
video9049.webm,0.9046292730408536,0
video9051.webm,0.8213555454161326,0
video9054.webm,0.8735309123294134,0
video9062.webm,0.869048217428716,0
video9077.webm,0.871603026088943,0
video9080.webm,0.8941734726592268,0
video9081.webm,0.879214190835626,0
video9085.webm,0.8568725563995959,0
video9087.webm,0.8470823727854835,0
video9099.webm,0.8581444474353721,0
video91.webm,0.8526266709930334,0
video910.webm,0.8551576754822411,0
video9104.webm,0.8842171995343894,0
video911.webm,0.8463839790761164,0
video9111.webm,0.8356124410234226,0
video9122.webm,0.8691826788628089,0
video8737.webm,0.8497493739229744,0
video8745.webm,0.8758187142958807,0
video8747.webm,0.8754948985853713,0
video875.webm,0.8598469412350153,0
video876.webm,0.8777191819647169,0
video8761.webm,0.9040267037316448,0
video8767.webm,0.8567976368496001,0
video8769.webm,0.8749420475999992,0
video8773.webm,0.8798715503605795,0
video8777.webm,0.8695603579488245,0
video8787.webm,0.8835582893174945,0
video8793.webm,0.8721697826571247,0
video8798.webm,0.8422722438322475,0
video8801.webm,0.847845759412787,0
video8809.webm,0.8690811516697208,0
video8812.webm,0.9068715546138286,0
video882.webm,0.8815169493814452,0
video8823.webm,0.8546664696368951,0
video8824.webm,0.848469979332229,0
video8831.webm,0.8467028526319532,0
video8832.webm,0.8934180115025173,0
video8836.webm,0.900945207029607,0
video570.webm,0.9100247285154796,0
video5708.webm,0.8007974444978816,0
video5714.webm,0.883876794396667,0
video572.webm,0.8587436190905928,0
video5726.webm,0.8706290999908578,0
video5727.webm,0.8628698462070568,0
video5728.webm,0.870659399420696,0
video5732.webm,0.8785953328848941,0
video5735.webm,0.851955075096851,0
video5738.webm,0.8558711890290792,0
video5741.webm,0.8722378865431778,0
video5744.webm,0.8566922523961273,0
video5749.webm,0.8953712371973334,0
video575.webm,0.8849928593103398,0
video5752.webm,0.8766870513871278,0
video5774.webm,0.8532746150173073,0
video5782.webm,0.8639141992159154,0
video5787.webm,0.8566375850488938,0
video5789.webm,0.8230805458610626,0
video5792.webm,0.8733810384056541,0
video5795.webm,0.8627124229962269,0
video5796.webm,0.879785527760021,0
video5798.webm,0.8650323225973452,0
video5803.webm,0.8825527223354351,0
video5814.webm,0.8582396796228061,0
video5820.webm,0.9065019483871568,0
video5827.webm,0.8991511418002337,0
video5830.webm,0.8627015533253689,0
video5834.webm,0.9023519801058585,0
video5836.webm,0.8632771408890288,0
video8975.webm,0.8673604545612333,0
video8982.webm,0.8769782951687158,0
video8991.webm,0.8398488691724967,0
video8993.webm,0.8555548938874677,0
video8996.webm,0.8646424905311646,0
video9.webm,0.8518959648960157,0
video9002.webm,0.8405856406790314,0
video9015.webm,0.870487693050114,0
video9019.webm,0.89724195954071,0
video9021.webm,0.8721459794097735,0
video9023.webm,0.919374567630371,0
video9024.webm,0.9067428571149788,0
video9029.webm,0.8808585482530802,0
video903.webm,0.8751672705685816,0
video9030.webm,0.8803028908584869,0
video9036.webm,0.8994404506239302,0
video904.webm,0.8751280378569224,0
video9040.webm,0.885180341518196,0
video1659.webm,0.8584706428604311,0
video1666.webm,0.8711781772996097,0
video1668.webm,0.886256646471795,0
video1671.webm,0.8950525652094897,0
video169.webm,0.8478828539761445,0
video1692.webm,0.8530518164061095,0
video1706.webm,0.8520029879107438,0
video1710.webm,0.8540452986856517,0
video1712.webm,0.8952054474368892,0
video1713.webm,0.8344823016403161,0
video1720.webm,0.8465686079874041,0
video1723.webm,0.8492329933800098,0
video1726.webm,0.8569628599707999,0
video1728.webm,0.8995287158372294,0
video174.webm,0.8653807240669311,0
video1752.webm,0.8730649203747114,0
video1754.webm,0.894751993901788,0
video1775.webm,0.8687501777848723,0
video1776.webm,0.8635160514474254,0
video1783.webm,0.8644523006589939,0
video1787.webm,0.8363770405020737,0
video1788.webm,0.8503440885465329,0
video1791.webm,0.8449486012537403,0
video1792.webm,0.8509852134230552,0
video1796.webm,0.8804305675810447,0
video1798.webm,0.873573675435353,0
video1808.webm,0.879024707778792,0
video181.webm,0.8982138649570873,0
video1816.webm,0.8892254340363203,0
video1820.webm,0.8220560770467056,0
video1831.webm,0.8609849101448952,0
video1836.webm,0.882173547120845,0
video1840.webm,0.8502186934183221,0
video1842.webm,0.8554433965793716,0
video1845.webm,0.8772363083358218,0
video1853.webm,0.8720169088330342,0
video1856.webm,0.8631072255037459,0
video1870.webm,0.8491598361361223,0
video1875.webm,0.8734428124343039,0
video1876.webm,0.8450534602470617,0
video4436.webm,0.8482016129293409,0
video4437.webm,0.837841908152289,0
video4438.webm,0.8612358716414299,0
video4445.webm,0.8770354519389034,0
video445.webm,0.866092326616047,0
video4454.webm,0.8621413544804781,0
video4457.webm,0.8602054339928611,0
video4466.webm,0.8723604417791958,0
video4489.webm,0.8733578413072907,0
video4490.webm,0.8805279198974257,0
video450.webm,0.8639605763464258,0
video4502.webm,0.848573381175961,0
video4509.webm,0.8612645867364918,0
video4514.webm,0.8790507295710809,0
video4517.webm,0.8846070091863552,0
video4521.webm,0.8506395186607164,0
video4532.webm,0.8673038633119666,0
video4535.webm,0.8737928382104241,0
video4541.webm,0.8722622060389122,0
video1318.webm,0.8381564195825788,0
video1320.webm,0.8626827419997514,0
video1323.webm,0.8907546093377868,0
video1326.webm,0.847667948215338,0
video1327.webm,0.8813576897557454,0
video1331.webm,0.8526558718624079,0
video1334.webm,0.8555755213070773,0
video1339.webm,0.8470035078484045,0
video134.webm,0.8767105498323478,0
video1344.webm,0.8769360707086682,0
video1349.webm,0.8739848724354308,0
video135.webm,0.8520473622448549,0
video1350.webm,0.8886998067548787,0
video1360.webm,0.8764735495123379,0
video1361.webm,0.8907509237079518,0
video1362.webm,0.8569809513379462,0
video1370.webm,0.8689944910262732,0
video1372.webm,0.8979563690504107,0
video1374.webm,0.8893694427568207,0
video1376.webm,0.8984963978040379,0
video1379.webm,0.863932892181888,0
video1381.webm,0.8602564378185903,0
video1384.webm,0.8755883155514339,0
video6787.webm,0.8707094117042478,0
video6805.webm,0.8782942953253301,0
video6818.webm,0.8662254048307731,0
video6821.webm,0.8901068303712594,0
video6824.webm,0.849828332408696,0
video6827.webm,0.8859929656366633,0
video6835.webm,0.892530905685518,0
video6837.webm,0.854095934466373,0
video6838.webm,0.8609648421271311,0
video6840.webm,0.8843682760832361,0
video6843.webm,0.8339458407716464,0
video6848.webm,0.8829047772485538,0
video685.webm,0.8732874351709384,0
video6855.webm,0.853309336267965,0
video6857.webm,0.8687622975510181,0
video6867.webm,0.872614667580713,0
video6868.webm,0.8713745490433115,0
video6874.webm,0.8564315861262294,0
video6881.webm,0.887447890447697,0
video6884.webm,0.8710080541062611,0
video6892.webm,0.8831097374713336,0
video6902.webm,0.8893765763506819,0
video6906.webm,0.8707320607398727,0
video3279.webm,0.8722523021558594,0
video328.webm,0.8171773527568513,0
video3289.webm,0.8454044959553995,0
video3290.webm,0.8555257343890174,0
video3293.webm,0.8647837300201492,0
video3295.webm,0.8552951871970359,0
video3296.webm,0.85866709474186,0
video3298.webm,0.9170612655998638,0
video3300.webm,0.877357453009692,0
video3302.webm,0.8724942333222527,0
video3303.webm,0.8656114033211204,0
video3306.webm,0.871987685314435,0
video3310.webm,0.8723556285746046,0
video3312.webm,0.8364472777766746,0
video3320.webm,0.8852112065325035,0
video3326.webm,0.874755356538634,0
video3332.webm,0.8433943018741042,0
video3336.webm,0.9152918457605571,0
video3337.webm,0.8993690257977683,0
video3342.webm,0.8671896813694764,0
video3345.webm,0.8321717874775091,0
video3347.webm,0.8713005736147698,0
video97.webm,0.9130076177196405,0
video9700.webm,0.8777985994329063,0
video971.webm,0.8664163035650838,0
video9713.webm,0.8905869145182822,0
video9721.webm,0.8359606134296471,0
video9722.webm,0.8790103767393329,0
video9724.webm,0.8846088258222243,0
video9726.webm,0.8993173164134003,0
video9727.webm,0.8702024856076712,0
video9728.webm,0.9120573422257084,0
video973.webm,0.84720589853901,0
video9734.webm,0.8802528008354396,0
video9735.webm,0.8904750875101433,0
video9750.webm,0.8669974903809115,0
video9759.webm,0.8524912103817827,0
video9761.webm,0.8699573528943468,0
video9763.webm,0.8334368878188683,0
video977.webm,0.8919522118680265,0
video9770.webm,0.8509671866453836,0
video9774.webm,0.8461780259111051,0
video4757.webm,0.8556037734331993,0
video4762.webm,0.8883836582477272,0
video4767.webm,0.8765086211017269,0
video4778.webm,0.8668741892516767,0
video4784.webm,0.8802722647599165,0
video4785.webm,0.8624647286137603,0
video4786.webm,0.8959092588578887,0
video4789.webm,0.8657546593429711,0
video4792.webm,0.8558589740012885,0
video4806.webm,0.8819522111753613,0
video482.webm,0.8777504472830137,0
video4847.webm,0.8547471269432017,0
video4849.webm,0.8838747042731537,0
video4856.webm,0.8571836364047234,0
video4859.webm,0.8941621534996834,0
video4861.webm,0.8567029540979682,0
video4875.webm,0.8604657117010795,0
video4880.webm,0.8894610887226297,0
video4883.webm,0.8408943345503301,0
video4603.webm,0.8889514673331934,0
video4608.webm,0.8575377484651111,0
video4616.webm,0.9032621702337739,0
video4624.webm,0.8706793279270744,0
video4633.webm,0.8531746083595789,0
video4636.webm,0.8598095063811085,0
video4638.webm,0.8530241082350901,0
video4641.webm,0.9113842303046436,0
video4650.webm,0.8754495977479234,0
video4656.webm,0.8886124375861852,0
video4659.webm,0.8766399005321578,0
video466.webm,0.8827347381270197,0
video4665.webm,0.8786979527489933,0
video4669.webm,0.9016715936200648,0
video4672.webm,0.8266171905799861,0
video4673.webm,0.8882744046463167,0
video4675.webm,0.8678183118899209,0
video4676.webm,0.8621947026561632,0
video9411.webm,0.8340808514907067,0
video9413.webm,0.8676264717810993,0
video9418.webm,0.8509126993157031,0
video9429.webm,0.8619788315358425,0
video9436.webm,0.8519964589360662,0
video944.webm,0.86885877191014,0
video9442.webm,0.8902889103451231,0
video9444.webm,0.8653516388505694,0
video9447.webm,0.8671757477679688,0
video945.webm,0.8667009572400379,0
video9458.webm,0.8675219696288688,0
video9459.webm,0.8746800202324334,0
video946.webm,0.8500362147661205,0
video9467.webm,0.8655748039975854,0
video9471.webm,0.8903195868067024,0
video9482.webm,0.8876436898196242,0
video9489.webm,0.9161049398953858,0
video9491.webm,0.8687108452343182,0
video9494.webm,0.872837174909537,0
video9498.webm,0.8583466727336031,0
video950.webm,0.857226251536723,0
video9514.webm,0.8754772924653116,0
video9520.webm,0.9042410036774465,0
video9539.webm,0.8678460747591974,0
video9540.webm,0.8667299968744564,0
video955.webm,0.8620383359226205,0
video9563.webm,0.8907954503891284,0
video9569.webm,0.8618430424593109,0
video9570.webm,0.8985150067876759,0
video9578.webm,0.9089066184846679,0
video9579.webm,0.8190857068043593,0
video230.webm,0.8756127375532249,0
video2305.webm,0.8745759226956081,0
video2307.webm,0.8720237236114267,0
video2313.webm,0.8497492320154181,0
video232.webm,0.8926508293506694,0
video2320.webm,0.8913293835881085,0
video2331.webm,0.868455875737415,0
video2333.webm,0.9187413129037465,0
video2338.webm,0.8685564137550056,0
video2346.webm,0.8877346817006732,0
video235.webm,0.8474274146116872,0
video2350.webm,0.884792751530803,0
video2366.webm,0.8528904662174698,0
video2368.webm,0.889423040638121,0
video2371.webm,0.851176652566113,0
video2378.webm,0.8577873893325241,0
video2384.webm,0.8799002208806559,0
video2390.webm,0.856588425785753,0
video2392.webm,0.8754292769162458,0
video7968.webm,0.8702002872056865,0
video7971.webm,0.8542510510736673,0
video7974.webm,0.8864882531134692,0
video7978.webm,0.868163459067268,0
video7979.webm,0.8821955903990295,0
video7982.webm,0.8444715543418791,0
video7989.webm,0.871009310193132,0
video8003.webm,0.8586069604562196,0
video8005.webm,0.8874083920134819,0
video8006.webm,0.8753876859033914,0
video8007.webm,0.8703559395325586,0
video8011.webm,0.9129272672428592,0
video8017.webm,0.8991513340193147,0
video802.webm,0.8281981109384826,0
video8020.webm,0.8902507203586755,0
video8025.webm,0.8801162758214103,0
video8031.webm,0.8665420249944146,0
video8034.webm,0.821997034666053,0
video8039.webm,0.8737060498008433,0
video804.webm,0.870648300398793,0
video8046.webm,0.8651435062536542,0
video8053.webm,0.839938581987231,0
video8055.webm,0.8876988806094954,0
video8070.webm,0.855888224031063,0
video8083.webm,0.8138107719619917,0
video8093.webm,0.8992840839568018,0
video9126.webm,0.8576796761960961,0
video9129.webm,0.886278436135517,0
video913.webm,0.8667757409985019,0
video9136.webm,0.8921141062908245,0
video9144.webm,0.8817980607462241,0
video9146.webm,0.8383077071289644,0
video9148.webm,0.8417011019900144,0
video9149.webm,0.845024886618735,0
video9154.webm,0.8607115716731031,0
video9156.webm,0.8020264319091917,0
video9161.webm,0.911577099580785,0
video9164.webm,0.856752503314474,0
video9173.webm,0.8855444979308592,0
video9178.webm,0.8472408390541387,0
video9182.webm,0.8652547623390777,0
video9189.webm,0.8557083598660149,0
video9195.webm,0.9105963320581252,0
video9196.webm,0.8606604406474032,0
video9199.webm,0.8763238242568072,0
video9200.webm,0.873075670203969,0
video9201.webm,0.8758817206478638,0
video4002.webm,0.8903926013718106,0
video4013.webm,0.8751819924192196,0
video4019.webm,0.8279739726927954,0
video4021.webm,0.8725016640294899,0
video4023.webm,0.8983219587852396,0
video4025.webm,0.8629389675771241,0
video4027.webm,0.8645497099047663,0
video4034.webm,0.8568018718116832,0
video4036.webm,0.8503609160788586,0
video4037.webm,0.8966033348567329,0
video4038.webm,0.9089618092077204,0
video4041.webm,0.8994653535819641,0
video4042.webm,0.8872958426272942,0
video4048.webm,0.8678639326026655,0
video4053.webm,0.8837955474574385,0
video406.webm,0.8748704876525809,0
video4072.webm,0.8600891659654203,0
video4073.webm,0.8902411888679302,0
video4076.webm,0.8651756485333592,0
video4084.webm,0.902946493363241,0
