video1.webm,0.7938086193832535,0
video1000.webm,0.7938086193832535,0
video1002.webm,0.7938086193832535,0
video1008.webm,0.7938086193832535,0
video1010.webm,0.7938086193832535,0
video1011.webm,0.8099336193832536,0
video1013.webm,0.7938086193832535,0
video1016.webm,0.7938086193832535,0
video1018.webm,0.7938086193832535,0
video1026.webm,0.7938086193832535,0
video1029.webm,0.7938086193832535,0
video103.webm,0.7938086193832535,0
video1034.webm,0.7938086193832535,0
video1037.webm,0.7938086193832535,0
video1058.webm,0.7938086193832535,0
video1059.webm,0.7938086193832535,0
video1062.webm,0.7938086193832535,0
video1068.webm,0.7938086193832535,0
video1072.webm,0.7099336193832535,0
video1082.webm,0.7938086193832535,0
video1087.webm,0.7938086193832535,0
video109.webm,0.7938086193832535,0
video1092.webm,0.7938086193832535,0
video1094.webm,0.8990586193832536,0
video1096.webm,0.8099336193832536,0
video1098.webm,0.8030586193832534,0
video11.webm,0.8278086193832535,0
video1101.webm,0.7938086193832535,0
video1108.webm,0.7938086193832535,0
video111.webm,0.6938086193832536,0
video1113.webm,0.7880586193832535,0
video1120.webm,0.7938086193832535,0
video1123.webm,0.7938086193832535,0
video1126.webm,0.7938086193832535,0
video1130.webm,0.7938086193832535,0
video1138.webm,0.7938086193832535,0
video1140.webm,0.7938086193832535,0
video1141.webm,0.7938086193832535,0
video1142.webm,0.7938086193832535,0
video1151.webm,0.7938086193832535,0
video1155.webm,0.7938086193832535,0
video1157.webm,0.7938086193832535,0
video1158.webm,0.7938086193832535,0
video116.webm,0.7938086193832535,0
video1169.webm,0.7938086193832535,0
video117.webm,0.7938086193832535,0
video1172.webm,0.7938086193832535,0
video1179.webm,0.7938086193832535,0
video118.webm,0.7938086193832535,0
video1180.webm,0.7938086193832535,0
video1187.webm,0.7938086193832535,0
video1206.webm,0.8649336193832535,0
video1209.webm,0.7938086193832535,0
video1218.webm,0.7938086193832535,0
video1226.webm,0.7938086193832535,0
video1227.webm,0.7938086193832535,0
video1232.webm,0.7880586193832535,0
video1237.webm,0.7938086193832535,0
video1240.webm,0.7938086193832535,0
video1248.webm,0.7938086193832535,0
video1252.webm,0.7938086193832535,0
video1262.webm,0.7938086193832535,0
video1268.webm,0.7938086193832535,0
video1269.webm,0.7099336193832535,0
video127.webm,0.7938086193832535,0
video1271.webm,0.7168086193832535,0
video1276.webm,0.8938086193832535,0
video1279.webm,0.7938086193832535,0
video1287.webm,0.8033086193832535,0
video1292.webm,0.7938086193832535,0
video1302.webm,0.7728086193832534,0
video1303.webm,0.6938086193832536,0
video1304.webm,0.7938086193832535,0
video1306.webm,0.7938086193832535,0
video1308.webm,0.8938086193832535,0
video1313.webm,0.7938086193832535,0
video1314.webm,0.7938086193832535,0
video1316.webm,0.6938086193832536,0
video1318.webm,0.7938086193832535,0
video1320.webm,0.7938086193832535,0
video1323.webm,0.7938086193832535,0
video1326.webm,0.7938086193832535,0
video1327.webm,0.8938086193832535,0
video1331.webm,0.7938086193832535,0
video1334.webm,0.7938086193832535,0
video1339.webm,0.7938086193832535,0
video134.webm,0.7938086193832535,0
video1344.webm,0.7938086193832535,0
video1349.webm,0.7938086193832535,0
video135.webm,0.6938086193832536,0
video1350.webm,0.7938086193832535,0
video1360.webm,0.7938086193832535,0
video1361.webm,0.7938086193832535,0
video1362.webm,0.7938086193832535,0
video1370.webm,0.7938086193832535,0
video1372.webm,0.7938086193832535,0
video1374.webm,0.7493086193832537,0
video1376.webm,0.7938086193832535,0
video1379.webm,0.7938086193832535,0
video1381.webm,0.7938086193832535,0
video1384.webm,0.7938086193832535,0
video139.webm,0.7938086193832535,0
video1390.webm,0.8938086193832535,0
video1391.webm,0.7938086193832535,0
video1396.webm,0.7938086193832535,0
video14.webm,0.7938086193832535,0
video1400.webm,0.7938086193832535,0
video1418.webm,0.7938086193832535,0
video1424.webm,0.7938086193832535,0
video1425.webm,0.6938086193832536,0
video144.webm,0.7938086193832535,0
video1442.webm,0.7938086193832535,0
video1448.webm,0.7938086193832535,0
video1450.webm,0.8938086193832535,0
video1468.webm,0.7938086193832535,0
video1469.webm,0.7938086193832535,0
video147.webm,0.7938086193832535,0
video1475.webm,0.7938086193832535,0
video148.webm,0.7938086193832535,0
video1495.webm,0.7938086193832535,0
video15.webm,0.7938086193832535,0
video1500.webm,0.6938086193832536,0
video1501.webm,0.7938086193832535,0
video1512.webm,0.7938086193832535,0
video152.webm,0.7938086193832535,0
video1520.webm,0.7938086193832535,0
video1521.webm,0.7938086193832535,0
video1523.webm,0.8938086193832535,0
video1532.webm,0.7938086193832535,0
video1545.webm,0.7938086193832535,0
video1552.webm,0.7938086193832535,0
video1557.webm,0.7938086193832535,0
video1566.webm,0.7099336193832535,0
video1567.webm,0.7938086193832535,0
video1568.webm,0.6938086193832536,0
video1577.webm,0.7938086193832535,0
video1578.webm,0.7938086193832535,0
video1579.webm,0.7400586193832535,0
video1582.webm,0.8938086193832535,0
video1585.webm,0.7938086193832535,0
video1587.webm,0.7938086193832535,0
video1588.webm,0.7938086193832535,0
video1589.webm,0.7938086193832535,0
video1616.webm,0.7938086193832535,0
video1617.webm,0.7938086193832535,0
video1620.webm,0.8033086193832535,0
video1621.webm,0.7938086193832535,0
video1622.webm,0.6938086193832536,0
video1623.webm,0.6938086193832536,0
video1624.webm,0.6938086193832536,0
video1626.webm,0.7938086193832535,0
video1635.webm,0.7938086193832535,0
video1641.webm,0.8228086193832536,0
video1650.webm,0.7938086193832535,0
video1651.webm,0.7938086193832535,0
video1653.webm,0.7938086193832535,0
video1659.webm,0.7938086193832535,0
video1666.webm,0.7938086193832535,0
video1668.webm,0.7938086193832535,0
video1671.webm,0.7938086193832535,0
video169.webm,0.7938086193832535,0
video1692.webm,0.7938086193832535,0
video1706.webm,0.7938086193832535,0
video1710.webm,0.7398086193832536,0
video1712.webm,0.7938086193832535,0
video1713.webm,0.7400586193832536,0
video1720.webm,0.7938086193832535,0
video1723.webm,0.7938086193832535,0
video1726.webm,0.7938086193832535,0
video1728.webm,0.7938086193832535,0
video174.webm,0.7938086193832535,0
video1752.webm,0.7938086193832535,0
video1754.webm,0.7938086193832535,0
video1773.webm,0.8990586193832536,0
video1775.webm,0.7938086193832535,0
video1776.webm,0.7938086193832535,0
video1783.webm,0.7938086193832535,0
video1787.webm,0.7938086193832535,0
video1788.webm,0.6938086193832536,0
video1791.webm,0.7938086193832535,0
video1792.webm,0.6978086193832534,0
video1796.webm,0.7938086193832535,0
video1798.webm,0.7938086193832535,0
video1808.webm,0.7880586193832535,0
video181.webm,0.8938086193832535,0
video1816.webm,0.7938086193832535,0
video1820.webm,0.7938086193832535,0
video1831.webm,0.7938086193832535,0
video1836.webm,0.7938086193832535,0
video1840.webm,0.7938086193832535,0
video1842.webm,0.7938086193832535,0
video1845.webm,0.8560586193832536,0
video1853.webm,0.7938086193832535,0
video1856.webm,0.7938086193832535,0
video1870.webm,0.7938086193832535,0
video1875.webm,0.7938086193832535,0
video1876.webm,0.7938086193832535,0
video1890.webm,0.7938086193832535,0
video1892.webm,0.7938086193832535,0
video1902.webm,0.7938086193832535,0
video1910.webm,0.7938086193832535,0
video1917.webm,0.7938086193832535,0
video1925.webm,0.7938086193832535,0
video1927.webm,0.7938086193832535,0
video1930.webm,0.7099336193832535,0
video1932.webm,0.7938086193832535,0
video1935.webm,0.7938086193832535,0
video194.webm,0.7938086193832535,0
video1945.webm,0.7938086193832535,0
video1949.webm,0.7938086193832535,0
video1959.webm,0.7938086193832535,0
video197.webm,0.7938086193832535,0
video1970.webm,0.7938086193832535,0
video1972.webm,0.7375586193832535,0
video1978.webm,0.7790586193832536,0
video1987.webm,0.7938086193832535,0
video1992.webm,0.7938086193832535,0
video1994.webm,0.7938086193832535,0
video2.webm,0.7938086193832535,0
video2000.webm,0.7938086193832535,0
video2006.webm,0.7938086193832535,0
video2007.webm,0.7938086193832535,0
video2010.webm,0.7099336193832535,0
video2015.webm,0.7938086193832535,0
video2017.webm,0.7938086193832535,0
video202.webm,0.7938086193832535,0
video2021.webm,0.7938086193832535,0
video2023.webm,0.7938086193832535,0
video2039.webm,0.7938086193832535,0
video204.webm,0.7938086193832535,0
video2040.webm,0.8938086193832535,0
video2043.webm,0.7938086193832535,0
video2047.webm,0.7938086193832535,0
video2048.webm,0.7938086193832535,0
video2053.webm,0.7938086193832535,0
video2056.webm,0.7938086193832535,0
video2057.webm,0.7938086193832535,0
video2067.webm,0.7938086193832535,0
video2080.webm,0.7100586193832534,0
video2081.webm,0.7938086193832535,0
video2083.webm,0.7938086193832535,0
video2084.webm,0.8990586193832536,0
video2085.webm,0.7938086193832535,0
video2090.webm,0.7938086193832535,0
video2092.webm,0.7938086193832535,0
video2094.webm,0.8360586193832535,0
video2096.webm,0.7938086193832535,0
video2099.webm,0.7938086193832535,0
video2102.webm,0.7938086193832535,0
video2109.webm,0.7938086193832535,0
video2110.webm,0.7938086193832535,0
video2113.webm,0.6569336193730911,0
video2123.webm,0.7938086193832535,0
video213.webm,0.7938086193832535,0
video2134.webm,0.6905586193832535,0
video2139.webm,0.6938086193832536,0
video2142.webm,0.7938086193832535,0
video2154.webm,0.7938086193832535,0
video2158.webm,0.8899336193832535,0
video2160.webm,0.7938086193832535,0
video2161.webm,0.7938086193832535,0
video2164.webm,0.7938086193832535,0
video2167.webm,0.8278086193832535,0
video2170.webm,0.7938086193832535,0
video2174.webm,0.7938086193832535,0
video219.webm,0.7938086193832535,0
video2194.webm,0.7938086193832535,0
video2195.webm,0.7938086193832535,0
video2196.webm,0.7938086193832535,0
video2198.webm,0.7938086193832535,0
video2204.webm,0.7938086193832535,0
video2216.webm,0.8230586193832534,0
video2219.webm,0.7938086193832535,0
video2225.webm,0.6938086193832536,0
video2229.webm,0.6938086193832536,0
video2230.webm,0.7938086193832535,0
video2231.webm,0.7938086193832535,0
video2241.webm,0.7938086193832535,0
video2243.webm,0.7938086193832535,0
video2247.webm,0.7590586193832536,0
video226.webm,0.7938086193832535,0
video2265.webm,0.7938086193832535,0
video2269.webm,0.7938086193832535,0
video2271.webm,0.7020586193832536,0
video2277.webm,0.7938086193832535,0
video2279.webm,0.7938086193832535,0
video2281.webm,0.7938086193832535,0
video2287.webm,0.7938086193832535,0
video2288.webm,0.7938086192544088,0
video229.webm,0.7938086193832535,0
video2294.webm,0.7938086193832535,0
video2299.webm,0.7938086193832535,0
video230.webm,0.7938086193832535,0
video2305.webm,0.7938086193832535,0
video2307.webm,0.8356836193832535,0
video2313.webm,0.7938086193832535,0
video232.webm,0.8938086193832535,0
video2320.webm,0.7938086193832535,0
video2331.webm,0.7938086193832535,0
video2333.webm,0.7938086193832535,0
video2338.webm,0.7938086193832535,0
video2346.webm,0.7938086193832535,0
video235.webm,0.7938086193832535,0
video2350.webm,0.7900586193832535,0
video2366.webm,0.7938086193832535,0
video2368.webm,0.7938086193832535,0
video2371.webm,0.7429336193832535,0
video2378.webm,0.7938086193832535,0
video2384.webm,0.7938086193832535,0
video2390.webm,0.7938086193832535,0
video2392.webm,0.6938086193832536,0
video24.webm,0.6938086193832536,0
video2401.webm,0.7938086193832535,0
video2407.webm,0.7938086193832535,0
video2409.webm,0.7938086193832535,0
video2415.webm,0.7938086193832535,0
video2416.webm,0.8938086193832535,0
video2417.webm,0.7790586193832536,0
video242.webm,0.7899336193832536,0
video2427.webm,0.8289336193832535,0
video2428.webm,0.7938086193832535,0
video2439.webm,0.7938086193832535,0
video2442.webm,0.8789336193832535,0
video2451.webm,0.7938086193832535,0
video2452.webm,0.7938086193832535,0
video246.webm,0.7938086193832535,0
video2462.webm,0.8077225476398685,0
video2465.webm,0.7938086193832535,0
video2468.webm,0.7938086193832535,0
video2481.webm,0.7400586193832535,0
video2487.webm,0.7938086193832535,0
video2493.webm,0.8079336193832536,0
video2503.webm,0.7938086193832535,0
video2504.webm,0.7938086193832535,0
video2506.webm,0.7430586193832536,0
video2510.webm,0.7938086193832535,0
video2511.webm,0.7938086193832535,0
video2518.webm,0.8938086193832535,0
video252.webm,0.7938086193832535,0
video2521.webm,0.7938086193832535,0
video2522.webm,0.7938086193832535,0
video2526.webm,0.7938086193832535,0
video2534.webm,0.7938086193832535,0
video2537.webm,0.7938086193832535,0
video2544.webm,0.7938086193832535,0
video2560.webm,0.7938086193832535,0
video2563.webm,0.7938086193832535,0
video2565.webm,0.7938086193832535,0
video2572.webm,0.7938086193832535,0
video2577.webm,0.7899336193832536,0
video2578.webm,0.7938086193832535,0
video2579.webm,0.7938086193832535,0
video2590.webm,0.7938086193832535,0
video2595.webm,0.7368086193832535,0
video2606.webm,0.8938086193832535,0
video2611.webm,0.7938086193832535,0
video2612.webm,0.7938086193832535,0
video2617.webm,0.7938086193832535,0
video262.webm,0.7100398794064497,0
video2624.webm,0.7938086193832535,0
video2626.webm,0.7938086193832535,0
video263.webm,0.7938086193832535,0
video2631.webm,0.7938086193832535,0
video2633.webm,0.7938086193832535,0
video264.webm,0.7430586193832536,0
video2644.webm,0.7938086193832535,0
video2648.webm,0.7938086193832535,0
video2657.webm,0.7513086193832536,0
video266.webm,0.8076836193832535,0
video2661.webm,0.7938086193832535,0
video2662.webm,0.8568086193832536,0
video2675.webm,0.7938086193832535,0
video2676.webm,0.7938086193832535,0
video2679.webm,0.8356836193832535,0
video268.webm,0.8230586193832534,0
video2683.webm,0.7938086193832535,0
video2692.webm,0.7938086193832535,0
video2697.webm,0.7938086193832535,0
video2698.webm,0.8099336193832536,0
video2699.webm,0.7938086193832535,0
video270.webm,0.7938086193832535,0
video2716.webm,0.7938086193832535,0
video2720.webm,0.7938086193832535,0
video2721.webm,0.7938086193832535,0
video2723.webm,0.7938086193832535,0
video2725.webm,0.7938086193832535,0
video2730.webm,0.7938086193832535,0
video2735.webm,0.7938086193832535,0
video2746.webm,0.7938086193832535,0
video2751.webm,0.7938086193832535,0
video2752.webm,0.7938086193832535,0
video2753.webm,0.7938086193832535,0
video2754.webm,0.8938086193832535,0
video2766.webm,0.7938086193832535,0
video2768.webm,0.7938086193832535,0
video2776.webm,0.7938086193832535,0
video2778.webm,0.7938086193832535,0
video2783.webm,0.7938086193832535,0
video2790.webm,0.7938086193832535,0
video2795.webm,0.7938086193832535,0
video2806.webm,0.7938086193832535,0
video2810.webm,0.7938086193832535,0
video2814.webm,0.827818903345927,0
video2815.webm,0.7938086193832535,0
video2818.webm,0.6938086193832536,0
video2820.webm,0.7802569905700684,0
video2822.webm,0.7938086193832535,0
video2824.webm,0.7938086193832535,0
video2837.webm,0.7938086193832535,0
video2842.webm,0.7938086193832535,0
video2847.webm,0.7630586193832535,0
video285.webm,0.8469336193832535,0
video2851.webm,0.7600586193832535,0
video2852.webm,0.7938086193832535,0
video2854.webm,0.7938086193832535,0
video2856.webm,0.7938086193832535,0
video2858.webm,0.7938086193832535,0
video286.webm,0.7938086193832535,0
video2864.webm,0.7938086193832535,0
video2870.webm,0.7938086193832535,0
video2872.webm,0.7938086193832535,0
video2873.webm,0.7938086193832535,0
video2877.webm,0.8899336193832535,0
video2885.webm,0.7938086193832535,0
video289.webm,0.7938086193832535,0
video2890.webm,0.7938086193832535,0
video2905.webm,0.7938086193832535,0
video2912.webm,0.7938086193832535,0
video2918.webm,0.7938086193832535,0
video2926.webm,0.7938086193832535,0
video2940.webm,0.7938086193832535,0
video2950.webm,0.6418086193832535,0
video2957.webm,0.7938086193832535,0
video2966.webm,0.8559336193832535,0
video2969.webm,0.7099336193832535,0
video2975.webm,0.7938086193832535,0
video2976.webm,0.7400586193832536,0
video2980.webm,0.7938086193832535,0
video2989.webm,0.7938086193832535,0
video2993.webm,0.7938086193832535,0
video2995.webm,0.7938086193832535,0
video3008.webm,0.7938086193832535,0
video3011.webm,0.7938086193832535,0
video3013.webm,0.7938086193832535,0
video3016.webm,0.8196567718879201,0
video3017.webm,0.7938086193832535,0
video3027.webm,0.7938086193832535,0
video3033.webm,0.7938086193832535,0
video3034.webm,0.7938086193832535,0
video3038.webm,0.7938086193832535,0
video3045.webm,0.7938086193832535,0
video3052.webm,0.7938086193832535,0
video3064.webm,0.8925586193832535,0
video307.webm,0.7938086193832535,0
video3070.webm,0.7938086193832535,0
video3071.webm,0.7938086193832535,0
video3075.webm,0.7938086193832535,0
video3081.webm,0.7099336193832535,0
video3083.webm,0.7938086193832535,0
video3085.webm,0.7938086193832535,0
video3088.webm,0.7938086193832535,0
video309.webm,0.7938086193832535,0
video3108.webm,0.7938086193832535,0
video3110.webm,0.7938086193832535,0
video3115.webm,0.7245586193832536,0
video312.webm,0.7938086193832535,0
video314.webm,0.7938086193832535,0
video3140.webm,0.7938086193832535,0
video3141.webm,0.7938086193832535,0
video3143.webm,0.7938086193832535,0
video3148.webm,0.7938086193832535,0
video3156.webm,0.7938086193832535,0
video3157.webm,0.7938086193832535,0
video3164.webm,0.7938086193832535,0
video3166.webm,0.7938086193832535,0
video3170.webm,0.7938086193832535,0
video3174.webm,0.7938086193832535,0
video3198.webm,0.7938086193832535,0
video320.webm,0.656933292124147,0
video3203.webm,0.7938086193832535,0
video3209.webm,0.7938086193832535,0
video3210.webm,0.7938086193832535,0
video3219.webm,0.7938086193832535,0
video3222.webm,0.7938086193832535,0
video3226.webm,0.8938086193832535,0
video3228.webm,0.7938086193832535,0
video3229.webm,0.8938086193832535,0
video3233.webm,0.7938086193832535,0
video3234.webm,0.7938086193832535,0
video3240.webm,0.7938086193832535,0
video3241.webm,0.7938086193832535,0
video3253.webm,0.7938086193832535,0
video3257.webm,0.7938086193832535,0
video3260.webm,0.7938086193832535,0
video3267.webm,0.7938086193832535,0
video3272.webm,0.7938086193832535,0
video3274.webm,0.7369336193832536,0
video3279.webm,0.8278086193832535,0
video328.webm,0.8225586194220755,0
video3289.webm,0.7938086193832535,0
video3290.webm,0.7900586193832535,0
video3293.webm,0.8938086193832535,0
video3295.webm,0.7938086193832535,0
video3296.webm,0.7938086193832535,0
video3298.webm,0.7938086193832535,0
video3300.webm,0.7790586193832536,0
video3302.webm,0.7938086193832535,0
video3303.webm,0.7938086193832535,0
video3306.webm,0.8475481428536553,0
video3310.webm,0.7938086193832535,0
video3312.webm,0.7938086193832535,0
video3320.webm,0.7938086193832535,0
video3326.webm,0.8568086193832535,0
video3332.webm,0.7938086193832535,0
video3336.webm,0.7938086193832535,0
video3337.webm,0.8649336193832535,0
video3342.webm,0.7938086193832535,0
video3345.webm,0.8789336193832535,0
video3347.webm,0.7938086193832535,0
video3349.webm,0.7938086193832535,0
video3350.webm,0.7938086193832535,0
video3355.webm,0.8938086193832535,0
video3356.webm,0.7938086193832535,0
video3360.webm,0.7938086193832535,0
video3364.webm,0.7938086193832535,0
video3366.webm,0.6938086193832536,0
video3369.webm,0.7938086193832535,0
video337.webm,0.7938086193832535,0
video3372.webm,0.7938086193832535,0
video3374.webm,0.7938086193832535,0
video3378.webm,0.7938086193832535,0
video3381.webm,0.7938086193832535,0
video3383.webm,0.7938086193832535,0
video3385.webm,0.7938086193832535,0
video3413.webm,0.8228086193832536,0
video3419.webm,0.7938086193832535,0
video3422.webm,0.7938086193832535,0
video3424.webm,0.7938086193832535,0
video3429.webm,0.7938086193832535,0
video343.webm,0.7938086193832535,0
video3432.webm,0.7938086193832535,0
video3437.webm,0.7938086193832535,0
video3438.webm,0.7938086193832535,0
video3443.webm,0.6938086193832536,0
video3445.webm,0.7938086193832535,0
video3446.webm,0.7938086193832535,0
video3458.webm,0.7938086193832535,0
video3461.webm,0.7938086193832535,0
video3464.webm,0.6938086193832536,0
video3467.webm,0.7938086193832535,0
video3469.webm,0.7938086193832535,0
video3473.webm,0.7938086193832535,0
video3475.webm,0.7938086193832535,0
video3483.webm,0.7938086193832535,0
video3484.webm,0.7938086193832535,0
video3485.webm,0.7938086193832535,0
video3486.webm,0.7938086193832535,0
video3494.webm,0.7938086193832535,0
video350.webm,0.8898086193832535,0
video3502.webm,0.7938086193832535,0
video3514.webm,0.7938086193832535,0
video3520.webm,0.7938086193832535,0
video3521.webm,0.7938086193832535,0
video3522.webm,0.7938086193832535,0
video3531.webm,0.7938086193832535,0
video3541.webm,0.7938086193832535,0
video3542.webm,0.7938086193832535,0
video3544.webm,0.7938086193832535,0
video3548.webm,0.7938086193832535,0
video3549.webm,0.8196567718879295,0
video3550.webm,0.7938086193832535,0
video3552.webm,0.7938086193832535,0
video3559.webm,0.7938086193832535,0
video3562.webm,0.7365586193836546,0
video3565.webm,0.7938086193832535,0
video3566.webm,0.7938086193832535,0
video3568.webm,0.7938086193832535,0
video3573.webm,0.8990586193832536,0
video3581.webm,0.7938086193832535,0
video3586.webm,0.7938086193832535,0
video3587.webm,0.7938086193832535,0
video3589.webm,0.7938086193832535,0
video3594.webm,0.7938086193832535,0
video360.webm,0.7938086193832535,0
video3600.webm,0.7938086193832535,0
video3609.webm,0.7938086193832535,0
video3615.webm,0.7938086193832535,0
video3621.webm,0.7938086193832535,0
video3623.webm,0.7938086193832535,0
video3625.webm,0.7938086193832535,0
video363.webm,0.8965803744249192,0
video3630.webm,0.7938086193832535,0
video3633.webm,0.7938086193832535,0
video3638.webm,0.7938086193832535,0
video3640.webm,0.7938086193832535,0
video3644.webm,0.7938086193832535,0
video3645.webm,0.8079336193832535,0
video3646.webm,0.7938086193832535,0
video3648.webm,0.7600586193832536,0
video3651.webm,0.7938086193832535,0
video3658.webm,0.8938086193832535,0
video3660.webm,0.7938086193832535,0
video3661.webm,0.7598086193832536,0
video3670.webm,0.7938086193832535,0
video3671.webm,0.7938086193832535,0
video3674.webm,0.6938086193832536,0
video3678.webm,0.7938086193832535,0
video3681.webm,0.7938086193832535,0
video3684.webm,0.7603086193832536,0
video3687.webm,0.7938086193832535,0
video3689.webm,0.7938086193832535,0
video3695.webm,0.7938086193832535,0
video3703.webm,0.7938086193832535,0
video3706.webm,0.7938086193832535,0
video3708.webm,0.7938086193832535,0
video3709.webm,0.7938086193832535,0
video3716.webm,0.7938086193832535,0
video3722.webm,0.7938086193832535,0
video3725.webm,0.7938086193832535,0
video3729.webm,0.7938086193832535,0
video374.webm,0.7938086193832535,0
video3743.webm,0.7938086193832535,0
video3744.webm,0.7938086193832535,0
video3753.webm,0.7938086193832535,0
video376.webm,0.7938086193832535,0
video3774.webm,0.7938086193832535,0
video3775.webm,0.7938086193832535,0
video3781.webm,0.7938086193832535,0
video3782.webm,0.7938086193832535,0
video3796.webm,0.7938086193832535,0
video380.webm,0.8113086193832535,0
video3805.webm,0.7938086193832535,0
video3806.webm,0.7938086193832535,0
video3808.webm,0.7938086193832556,0
video3823.webm,0.690258279680977,0
video3826.webm,0.7938086193832535,0
video3827.webm,0.7938086193832535,0
video383.webm,0.7938086193832535,0
video3830.webm,0.7938086193832535,0
video3841.webm,0.7938086193832535,0
video3848.webm,0.7938086193832535,0
video3856.webm,0.7099336193832535,0
video3865.webm,0.7603086193832536,0
video3870.webm,0.8230586193832534,0
video3875.webm,0.7938086193832535,0
video3876.webm,0.7938086193832535,0
video3878.webm,0.7938086193832535,0
video3879.webm,0.7938086193832535,0
video388.webm,0.7938086193832535,0
video3883.webm,0.7938086193832535,0
video3888.webm,0.7938086193832535,0
video3900.webm,0.7938086193832535,0
video3902.webm,0.7938086193832535,0
video3906.webm,0.7938086193832535,0
video3911.webm,0.7938086193832535,0
video3915.webm,0.7938086193832535,0
video3916.webm,0.7938086193832535,0
video3920.webm,0.7938086193832535,0
video3921.webm,0.7938086193832535,0
video3930.webm,0.7938086193832535,0
video3934.webm,0.7938086193832535,0
video3935.webm,0.6938086193832536,0
video3939.webm,0.7938086193832535,0
video3945.webm,0.7938086193832535,0
video3947.webm,0.7938086193832535,0
video3948.webm,0.8078086193832534,0
video3950.webm,0.7938086193832535,0
video3951.webm,0.7938086193832535,0
video3954.webm,0.7938086193832535,0
video3958.webm,0.7020586193832536,0
video3959.webm,0.7938086193832535,0
video3963.webm,0.6938086193832536,0
video3966.webm,0.7938086193832535,0
video397.webm,0.7938086193832535,0
video3973.webm,0.7600586193832535,0
video3978.webm,0.7938086193832535,0
video3987.webm,0.7938086193832535,0
video3990.webm,0.793808613375598,0
video3992.webm,0.7938086193832535,0
video3996.webm,0.7938086193832535,0
video3998.webm,0.8470586193832536,0
video3999.webm,0.7938086193832535,0
video4001.webm,0.7938086193832535,0
video4002.webm,0.7938086193832535,0
video4013.webm,0.7938086193832535,0
video4019.webm,0.6353086193832536,0
video4021.webm,0.7938086193832535,0
video4023.webm,0.8278086193832535,0
video4025.webm,0.7938086193832535,0
video4027.webm,0.7938086193832535,0
video4034.webm,0.7938086193832535,0
video4036.webm,0.7900586193832535,0
video4037.webm,0.7938086193832535,0
video4038.webm,0.7938086193832535,0
video4041.webm,0.7938086193832535,0
video4042.webm,0.7938086193832535,0
video4048.webm,0.7938086193832535,0
video4053.webm,0.7938086193832535,0
video406.webm,0.7938086193832535,0
video4072.webm,0.6938086193832536,0
video4073.webm,0.7938086193832535,0
video4076.webm,0.6938086193832536,0
video4084.webm,0.7938086193832535,0
video4090.webm,0.7938086193832535,0
video4093.webm,0.7938086193832535,0
video4096.webm,0.7938086193832535,0
video4102.webm,0.7938086193832535,0
video4105.webm,0.7938086193832535,0
video4112.webm,0.7938086193832535,0
video4114.webm,0.6938086193832536,0
video4115.webm,0.7938086193832535,0
video4126.webm,0.7938086193832535,0
video4127.webm,0.7938086193832535,0
video4132.webm,0.8083086193832535,0
video4133.webm,0.7938086193832535,0
video4134.webm,0.7938086193832535,0
video4137.webm,0.7938086193832535,0
video414.webm,0.7938086193832535,0
video4146.webm,0.7938086193832535,0
video415.webm,0.7938086193832535,0
video4151.webm,0.7938086193832535,0
video4166.webm,0.7938086193832535,0
video4167.webm,0.7938086193832535,0
video4176.webm,0.6960586193832535,0
video4177.webm,0.7938086193832535,0
video4181.webm,0.7938086193832535,0
video4188.webm,0.7900586193832535,0
video4197.webm,0.7938086193832535,0
video4199.webm,0.7938086193832535,0
video42.webm,0.7938086193832535,0
video420.webm,0.7938086193832535,0
video4201.webm,0.7938086193832535,0
video4215.webm,0.7938086193832535,0
video422.webm,0.7938086193832535,0
video4221.webm,0.8900586193832536,0
video4222.webm,0.7938086193832535,0
video4225.webm,0.7938086193832535,0
video4232.webm,0.7938086193832535,0
video4234.webm,0.7938086193832535,0
video4244.webm,0.7938086193832535,0
video4248.webm,0.7938086193832535,0
video4253.webm,0.7375586193832535,0
video4259.webm,0.7938086193832535,0
video426.webm,0.7938086193832535,0
video4267.webm,0.7938086193832535,0
video4268.webm,0.7746440628887695,0
video427.webm,0.7938086193832535,0
video4270.webm,0.8559336193832535,0
video4271.webm,0.7880586193832536,0
video4289.webm,0.7938086193832535,0
video429.webm,0.7938086193832535,0
video4290.webm,0.7938086193832535,0
video4300.webm,0.7938086193832535,0
video4301.webm,0.7938086193832535,0
video4304.webm,0.7938086193832535,0
video4311.webm,0.7938086193832535,0
video4313.webm,0.7938086193832535,0
video4317.webm,0.7938086193832535,0
video432.webm,0.7938086193832535,0
video4320.webm,0.7938086193832535,0
video4326.webm,0.7938086193832535,0
video4330.webm,0.8430586193832535,0
video4333.webm,0.7938086193832535,0
video4346.webm,0.7938086193832535,0
video4351.webm,0.7938086193832535,0
video436.webm,0.8233086193832535,0
video4361.webm,0.7938086193832535,0
video4362.webm,0.6569336193730911,0
video4364.webm,0.7938086193832535,0
video4366.webm,0.7938086193832535,0
video4367.webm,0.7938086193832535,0
video4372.webm,0.7400586193832536,0
video4377.webm,0.7938086193832535,0
video4383.webm,0.7938086193832535,0
video4384.webm,0.8938086193832535,0
video4395.webm,0.7938086193832535,0
video4398.webm,0.7960586193832535,0
video4401.webm,0.7603086193832536,0
video4414.webm,0.9468778590749083,0
video4415.webm,0.7760586193832535,0
video4417.webm,0.7938086193832535,0
video4421.webm,0.7938086193832535,0
video4426.webm,0.7938086193832535,0
video4436.webm,0.7938086193832535,0
video4437.webm,0.7938086193832535,0
video4438.webm,0.7938086193832535,0
video4445.webm,0.7938086193832535,0
video445.webm,0.7938086193832535,0
video4454.webm,0.7938086193832535,0
video4457.webm,0.7938086193832535,0
video4466.webm,0.7938086193832535,0
video4489.webm,0.7938086193832535,0
video4490.webm,0.7938086193832535,0
video450.webm,0.7938086193832535,0
video4502.webm,0.7938086193832535,0
video4509.webm,0.8649336193832535,0
video4514.webm,0.7938086193832535,0
video4517.webm,0.7938086193832535,0
video4521.webm,0.7938086193832535,0
video4532.webm,0.7938086193832535,0
video4535.webm,0.7938086193832535,0
video4541.webm,0.7938086193832535,0
video4551.webm,0.7788086193832535,0
video4555.webm,0.8938086193832535,0
video4556.webm,0.7938086193832535,0
video4560.webm,0.7938086193832535,0
video4561.webm,0.7938086193832535,0
video457.webm,0.7938086193832535,0
video4572.webm,0.7938086193832535,0
video4574.webm,0.7938086193832535,0
video4579.webm,0.7938086193832535,0
video4584.webm,0.6938086193832536,0
video4586.webm,0.7938086193832535,0
video4588.webm,0.7938086193832535,0
video4589.webm,0.7938086193832535,0
video459.webm,0.7938086193832535,0
video4591.webm,0.7938086193832535,0
video4592.webm,0.7938086193832535,0
video4593.webm,0.7938086193832535,0
video4596.webm,0.7938086193832535,0
video4600.webm,0.7938086193832535,0
video4603.webm,0.8938086193832535,0
video4608.webm,0.656933292124147,0
video4616.webm,0.7938086193832535,0
video4624.webm,0.7938086193832535,0
video4633.webm,0.7938086193832535,0
video4636.webm,0.7938086193832535,0
video4638.webm,0.7938086193832535,0
video4641.webm,0.7938086193832535,0
video4650.webm,0.7938086193832535,0
video4656.webm,0.8470586193832536,0
video4659.webm,0.7938086193832535,0
video466.webm,0.7938086193832535,0
video4665.webm,0.7938086193832535,0
video4669.webm,0.8228086193832536,0
video4672.webm,0.7938086193832535,0
video4673.webm,0.7938086193832535,0
video4675.webm,0.7938086193832535,0
video4676.webm,0.8278086193832536,0
video468.webm,0.7938086193832535,0
video4682.webm,0.8278086193832535,0
video4683.webm,0.7938086193832535,0
video469.webm,0.7938086193832535,0
video4691.webm,0.7938086193832535,0
video4693.webm,0.7938086193832535,0
video4694.webm,0.7938086193832535,0
video4696.webm,0.7938086193832535,0
video4698.webm,0.7938086193832535,0
video4705.webm,0.7878086193832535,0
video471.webm,0.8670586193832535,0
video4711.webm,0.7938086193832535,0
video4713.webm,0.6938086193832536,0
video4724.webm,0.6820586193832536,0
video4727.webm,0.7938086193832535,0
video4728.webm,0.7938086193832535,0
video474.webm,0.7938086193832535,0
video4744.webm,0.7938086193832535,0
video4748.webm,0.7938086193832535,0
video4755.webm,0.7938086193832535,0
video4757.webm,0.7938086193832535,0
video4762.webm,0.7938086193832535,0
video4767.webm,0.7938086193832535,0
video4778.webm,0.7938086193832535,0
video4784.webm,0.7938086193832535,0
video4785.webm,0.7938086193832535,0
video4786.webm,0.7938086193832535,0
video4789.webm,0.7938086193832535,0
video4792.webm,0.7938086193832535,0
video4806.webm,0.7938086193832535,0
video482.webm,0.8356836193832535,0
video4847.webm,0.7938086193832535,0
video4849.webm,0.6938086193832536,0
video4856.webm,0.7938086193832535,0
video4859.webm,0.7938086193832535,0
video4861.webm,0.7938086193832535,0
video4875.webm,0.7938086193832535,0
video4880.webm,0.7938086193832535,0
video4883.webm,0.7938086193832535,0
video4887.webm,0.7938086193832535,0
video4888.webm,0.7938086193832535,0
video4889.webm,0.7938086193832535,0
video4895.webm,0.7938086193832535,0
video4898.webm,0.7938086193832535,0
video4899.webm,0.7938086193832535,0
video490.webm,0.7938086193832535,0
video4905.webm,0.7938086193832535,0
video4908.webm,0.7938086193832535,0
video4913.webm,0.7938086193832535,0
video4915.webm,0.7938086193832535,0
video4919.webm,0.7938086193832535,0
video493.webm,0.7938086193832535,0
video4937.webm,0.7938086193832535,0
video4939.webm,0.7760586193832535,0
video4942.webm,0.6529336193832536,0
video4945.webm,0.7938086193832535,0
video4947.webm,0.7938086193832535,0
video4952.webm,0.7938086193832535,0
video4953.webm,0.7938086193832535,0
video4955.webm,0.7938086193832535,0
video4957.webm,0.7938086193832535,0
video4958.webm,0.7938086193832535,0
video4969.webm,0.7938086193832535,0
video4981.webm,0.7938086193832535,0
video4982.webm,0.7938086193832535,0
video4985.webm,0.6938086193832536,0
video4988.webm,0.8320586193832535,0
video5.webm,0.7938086193832535,0
video50.webm,0.7938086193832535,0
video5003.webm,0.7938086193832535,0
video5005.webm,0.6938086193832536,0
video5009.webm,0.7938086193832535,0
video5011.webm,0.7938086193832535,0
video5014.webm,0.7938086193832535,0
video5021.webm,0.7938086193832535,0
video5027.webm,0.6938086193832536,0
video5035.webm,0.7938086193832535,0
video5040.webm,0.7099336193832535,0
video5046.webm,0.7938086193832535,0
video5052.webm,0.7938086193832535,0
video5053.webm,0.7938086193832535,0
video5054.webm,0.6938086193832536,0
video5057.webm,0.7938086193832535,0
video5065.webm,0.7938086193832535,0
video5067.webm,0.7938086193832535,0
video507.webm,0.7938086193832535,0
video5071.webm,0.7938086193832535,0
video5073.webm,0.7938086193832535,0
video5077.webm,0.7938086193832535,0
video5079.webm,0.7793086193832536,0
video5092.webm,0.8099336193832536,0
video5094.webm,0.7938086193832535,0
video5096.webm,0.7600586193832536,0
video5098.webm,0.7938086193832535,0
video5102.webm,0.7938086193832535,0
video5116.webm,0.7938086193832535,0
video5118.webm,0.8099336193832536,0
video5119.webm,0.7938086193832535,0
video5125.webm,0.7938086193832535,0
video5139.webm,0.7938086193832535,0
video514.webm,0.7938086193832535,0
video5148.webm,0.7938086193832535,0
video5149.webm,0.7938086193832535,0
video5152.webm,0.7938086193832535,0
video5175.webm,0.6938086193832536,0
video5180.webm,0.7938086193832535,0
video5188.webm,0.7938086193832535,0
video5190.webm,0.7938086193832535,0
video5191.webm,0.7938086193832535,0
video520.webm,0.7938086842937007,0
video5209.webm,0.7938086193832535,0
video5210.webm,0.7938086193832535,0
video5216.webm,0.7938086193832535,0
video5217.webm,0.7938086193832535,0
video523.webm,0.7400586193832535,0
video5236.webm,0.8938086193832535,0
video5256.webm,0.7938086193832535,0
video526.webm,0.7938086193832535,0
video5261.webm,0.7938086193832535,0
video5267.webm,0.7938086193832535,0
video527.webm,0.7938086193832535,0
video5273.webm,0.7938086193832535,0
video5276.webm,0.8320586193832535,0
video5277.webm,0.7938086193832535,0
video5278.webm,0.7938086193832535,0
video528.webm,0.8938086193832535,0
video5288.webm,0.7938086193832535,0
video5294.webm,0.7938086193832535,0
video5295.webm,0.7938086193832535,0
video5297.webm,0.7938086193832535,0
video5299.webm,0.7938086193832535,0
video5307.webm,0.7938086193832535,0
video5308.webm,0.7938086193832535,0
video5313.webm,0.7938086193832535,0
video5315.webm,0.7938086193832535,0
video5322.webm,0.7938086193832535,0
video5324.webm,0.7368086193832535,0
video5325.webm,0.7400586193832535,0
video5333.webm,0.7938086193832535,0
video5335.webm,0.7899336193832536,0
video5347.webm,0.7938086193832535,0
video5353.webm,0.8278086193832535,0
video5356.webm,0.7938086193832535,0
video5366.webm,0.7938086193832535,0
video5370.webm,0.7938086193832535,0
video5374.webm,0.7938086193832535,0
video5378.webm,0.7938086193832535,0
video5380.webm,0.7880586193832535,0
video5385.webm,0.8278086193832535,0
video5393.webm,0.7938086193832535,0
video5399.webm,0.7938086193832535,0
video5402.webm,0.7938086193832535,0
video5412.webm,0.8900586193832536,0
video5415.webm,0.7938086193832535,0
video5416.webm,0.7938086193832535,0
video5423.webm,0.7938086193832535,0
video5428.webm,0.7938086193832535,0
video5430.webm,0.7598086193832536,0
video5431.webm,0.7938086193832535,0
video5449.webm,0.7880586193832535,0
video5463.webm,0.7938086193832535,0
video5464.webm,0.6938086193832536,0
video5468.webm,0.7938086193832535,0
video5469.webm,0.7938086193832535,0
video5471.webm,0.7938086193832535,0
video5473.webm,0.7938086193832535,0
video5475.webm,0.7938086193832535,0
video5485.webm,0.7938086193832535,0
video5492.webm,0.7938086193832535,0
video5493.webm,0.7938086193832535,0
video5499.webm,0.7020586193832536,0
video551.webm,0.7938086193832535,0
video5515.webm,0.7400586193832535,0
video5517.webm,0.7938086193832535,0
video5523.webm,0.7938086193832535,0
video5527.webm,0.7938086193832535,0
video5529.webm,0.7899336193832536,0
video5531.webm,0.7938086193832535,0
video5532.webm,0.7938086193832535,0
video5534.webm,0.7938086193832535,0
video5537.webm,0.7938086193832535,0
video5540.webm,0.7938086193832535,0
video5549.webm,0.7938086193832535,0
video5556.webm,0.7938086193832535,0
video5557.webm,0.7938086193832535,0
video5558.webm,0.7938086193832535,0
video5572.webm,0.7938086193832535,0
video5574.webm,0.7938086193832535,0
video5583.webm,0.7938086193832535,0
video5586.webm,0.7938086193832535,0
video5599.webm,0.7938086193832535,0
video5603.webm,0.7938086193832535,0
video5613.webm,0.7080602864542559,0
video5631.webm,0.7938086193832535,0
video5632.webm,0.7938086193832535,0
video5633.webm,0.7938086193832535,0
video5634.webm,0.7938086193832535,0
video5635.webm,0.7938086193832535,0
video5636.webm,0.7938086193832535,0
video5642.webm,0.7938086193832535,0
video5647.webm,0.7938086193832535,0
video5652.webm,0.7938086193832535,0
video5659.webm,0.7138086193832536,0
video5672.webm,0.7938086193832535,0
video5680.webm,0.7938086193832535,0
video5683.webm,0.7938086193832535,0
video5690.webm,0.7938086193832535,0
video5692.webm,0.7938086193832535,0
video5695.webm,0.7938086193832535,0
video570.webm,0.7938086193832535,0
video5708.webm,0.7938086193832535,0
video5714.webm,0.6938086193832536,0
video572.webm,0.7938086193832535,0
video5726.webm,0.7938086193832535,0
video5727.webm,0.7938086193832535,0
video5728.webm,0.7938086193832535,0
video5732.webm,0.7938086193832535,0
video5735.webm,0.6978086193832534,0
video5738.webm,0.7938086193832535,0
video5741.webm,0.7938086193832535,0
video5744.webm,0.7938086193832535,0
video5749.webm,0.7938086193832535,0
video575.webm,0.7938086193832535,0
video5752.webm,0.7938086193832535,0
video5774.webm,0.7938086193832535,0
video5782.webm,0.7938086193832535,0
video5787.webm,0.7938086193832535,0
video5789.webm,0.7938086193832535,0
video5792.webm,0.7938086193832535,0
video5795.webm,0.7938086193832535,0
video5796.webm,0.7938086193832535,0
video5798.webm,0.7938086193832535,0
video5803.webm,0.7938086193832535,0
video5814.webm,0.8938086193832535,0
video5820.webm,0.7938086193832535,0
video5827.webm,0.7938086193832535,0
video5830.webm,0.7938086193832535,0
video5834.webm,0.7938086193832535,0
video5836.webm,0.7938086193832535,0
video5839.webm,0.8670586193832535,0
video5844.webm,0.6569336193730911,0
video5847.webm,0.7938086193832535,0
video5855.webm,0.7938086193832535,0
video5857.webm,0.7938086193832535,0
video5858.webm,0.7938086193832535,0
video5868.webm,0.7938086193832535,0
video5870.webm,0.7938086193832535,0
video5878.webm,0.7938086193832535,0
video588.webm,0.8099336193832536,0
video5882.webm,0.7938086193832535,0
video5885.webm,0.8230586193832534,0
video5894.webm,0.8938117514368785,0
video59.webm,0.7938086193832535,0
video5905.webm,0.6938086193832536,0
video5908.webm,0.7938086193832535,0
video5915.webm,0.7938086193832535,0
video5916.webm,0.7938086193832535,0
video5917.webm,0.7938086193832535,0
video5923.webm,0.7938086193832535,0
video5928.webm,0.7938086193832535,0
video5933.webm,0.6938086193832536,0
video5946.webm,0.7938086193832535,0
video595.webm,0.7938086193832535,0
video596.webm,0.7938086193832535,0
video597.webm,0.7938086193832535,0
video5971.webm,0.7938086193832535,0
video5973.webm,0.8990586193832536,0
video5982.webm,0.7938086193832535,0
video5983.webm,0.7938086193832535,0
video5985.webm,0.7938086193832535,0
video5987.webm,0.7938086193832535,0
video5988.webm,0.8938086193832535,0
video5996.webm,0.7938086193832535,0
video5997.webm,0.7938086193832535,0
video5999.webm,0.7938086193832535,0
video6008.webm,0.7938086193832535,0
video601.webm,0.7938086193832535,0
video6014.webm,0.7938086193832535,0
video6020.webm,0.7938086193832535,0
video6023.webm,0.7938086193832535,0
video6025.webm,0.7938086193832535,0
video6029.webm,0.7938086193832535,0
video6035.webm,0.7938086193832535,0
video6045.webm,0.7938086193832535,0
video6046.webm,0.7938086193832535,0
video6053.webm,0.6938086193832536,0
video6066.webm,0.7938086193832535,0
video6070.webm,0.7553086193832536,0
video6078.webm,0.7938086193832535,0
video6082.webm,0.7938086193832535,0
video6083.webm,0.7788086193832535,0
video6085.webm,0.7938086193832535,0
video6090.webm,0.7938086193832535,0
video6101.webm,0.7938086193832535,0
video6108.webm,0.7938086193832535,0
video6113.webm,0.7938086193832535,0
video6118.webm,0.7938086193832535,0
video6124.webm,0.7938086193832535,0
video6125.webm,0.7938086193832535,0
video613.webm,0.8938086193832535,0
video6130.webm,0.7880586193832535,0
video6137.webm,0.7938086193832535,0
video6144.webm,0.7238086193832536,0
video6147.webm,0.7938086193832535,0
video6153.webm,0.7938086193832535,0
video6159.webm,0.7938086193832535,0
video6176.webm,0.7938086193832535,0
video6180.webm,0.7938086193832535,0
video6181.webm,0.7938086193832535,0
video6193.webm,0.7938086193832535,0
video6197.webm,0.7938086193832535,0
video6200.webm,0.8670586193832535,0
video6202.webm,0.7938086193832535,0
video6211.webm,0.7938086193832535,0
video6217.webm,0.7938086193832535,0
video6220.webm,0.7938086193832535,0
video6222.webm,0.7938086193832535,0
video6223.webm,0.7938086193832535,0
video6226.webm,0.8938086193832535,0
video6228.webm,0.7938086193832535,0
video6229.webm,0.7938086193832535,0
video6238.webm,0.7938086193832535,0
video6241.webm,0.7938086193832535,0
video6242.webm,0.8938086193832535,0
video6249.webm,0.7938086193832535,0
video6251.webm,0.7938086193832535,0
video6253.webm,0.8900586193832536,0
video6259.webm,0.7938086193832535,0
video6263.webm,0.8099336193832536,0
video6267.webm,0.7938086193832535,0
video6273.webm,0.7938086193832535,0
video6274.webm,0.7938086193832535,0
video6282.webm,0.7938086193832535,0
video6283.webm,0.7938086193832535,0
video6287.webm,0.8789336193832535,0
video6292.webm,0.7938086193832535,0
video630.webm,0.8033086193832535,0
video6300.webm,0.8789336193832535,0
video6301.webm,0.7938086193832535,0
video6302.webm,0.8099336193832536,0
video6308.webm,0.7938086193832535,0
video6314.webm,0.7938086193832535,0
video6327.webm,0.7899336193832536,0
video6334.webm,0.7938086193832535,0
video6341.webm,0.7938086193832535,0
video6345.webm,0.8990586193832536,0
video6355.webm,0.7938086193832535,0
video6360.webm,0.7401836193832536,0
video6364.webm,0.7938086193832535,0
video6365.webm,0.7938086193832535,0
video6367.webm,0.7938086193832535,0
video6369.webm,0.7938086193832535,0
video637.webm,0.7938086193832535,0
video6371.webm,0.7938086193832535,0
video6372.webm,0.7938086193832535,0
video6374.webm,0.7938086193832535,0
video6375.webm,0.7938086193832535,0
video6383.webm,0.7938086193832535,0
video6384.webm,0.7938086193832535,0
video6389.webm,0.7938086193832535,0
video6394.webm,0.8083086193832535,0
video64.webm,0.7938086193832535,0
video6405.webm,0.8938086193832535,0
video6411.webm,0.7938086193832535,0
video6414.webm,0.7938086193832535,0
video6417.webm,0.7938086193832535,0
video6424.webm,0.7938086193832535,0
video6428.webm,0.7938086193832535,0
video6430.webm,0.7938086193832535,0
video6435.webm,0.5938086193832535,0
video6443.webm,0.7938086193832535,0
video6445.webm,0.7938086193832535,0
video6449.webm,0.8278086193832535,0
video645.webm,0.7938086193832535,0
video6451.webm,0.7938086193832535,0
video6455.webm,0.7938086193832535,0
video6459.webm,0.7938086193832535,0
video6464.webm,0.8938086193832535,0
video6468.webm,0.7938086193832535,0
video6469.webm,0.7938086193832535,0
video6471.webm,0.8938086193832535,0
video6472.webm,0.7938086193832535,0
video6482.webm,0.7938086193832535,0
video6487.webm,0.7938086193832535,0
video6490.webm,0.7938086193832535,0
video6495.webm,0.7938086193832535,0
video6497.webm,0.7938086193832535,0
video6500.webm,0.8789336193832535,0
video6511.webm,0.7938086193832535,0
video6513.webm,0.7938086193832535,0
video6514.webm,0.7938086193832535,0
video6520.webm,0.793808617431806,0
video6522.webm,0.7938086193832535,0
video6529.webm,0.7938086193832535,0
video653.webm,0.8553086193832535,0
video6548.webm,0.7938086193832535,0
video6549.webm,0.7938086193832535,0
video655.webm,0.7938086193832535,0
video6553.webm,0.7375586193832535,0
video6571.webm,0.7938086193832535,0
video6575.webm,0.7938086193832535,0
video658.webm,0.7938086193832535,0
video6580.webm,0.8099336193832536,0
video659.webm,0.7938086193832535,0
video6597.webm,0.690258279680977,0
video6603.webm,0.6938086193832536,0
video6605.webm,0.7938086193832535,0
video6606.webm,0.7938086193832535,0
video6612.webm,0.7938086193832535,0
video6614.webm,0.7938086193832535,0
video6615.webm,0.7938086193832535,0
video6620.webm,0.7938086193832535,0
video6631.webm,0.7938086193832535,0
video6636.webm,0.7938086193832535,0
video6638.webm,0.7938086193832535,0
video6642.webm,0.7938086193832535,0
video6644.webm,0.7938086193832535,0
video6653.webm,0.7938086193832535,0
video6657.webm,0.7899336193832536,0
video666.webm,0.7938086193832535,0
video6665.webm,0.7270586193832534,0
video6666.webm,0.7938086193832535,0
video6679.webm,0.7938086193832535,0
video6685.webm,0.7938086193832535,0
video6693.webm,0.7938086193832535,0
video6697.webm,0.7938086193832535,0
video6698.webm,0.8278086193832535,0
video670.webm,0.7938086193832535,0
video6701.webm,0.7938086193832535,0
video6705.webm,0.8938086193832535,0
video6709.webm,0.7938086193832535,0
video6715.webm,0.7938086193832535,0
video6720.webm,0.7938086193832535,0
video6723.webm,0.7023086193832535,0
video6724.webm,0.6938086193832536,0
video6729.webm,0.7938086193832535,0
video673.webm,0.7938086193832535,0
video6732.webm,0.7938086193832535,0
video6738.webm,0.7938086193832535,0
video6739.webm,0.7938086193832535,0
video6744.webm,0.7938086193832535,0
video6750.webm,0.8078086193832534,0
video6758.webm,0.7938086193832535,0
video6761.webm,0.7938086193832535,0
video6768.webm,0.7938086193832535,0
video6770.webm,0.7938086193832535,0
video6774.webm,0.7938086193832535,0
video6775.webm,0.7938086193832535,0
video6778.webm,0.8938086193832535,0
video6787.webm,0.7938086193832535,0
video6805.webm,0.7938086193832535,0
video6818.webm,0.7938086193832535,0
video6821.webm,0.7820586193832536,0
video6824.webm,0.7938086193832535,0
video6827.webm,0.9278086193832535,0
video6835.webm,0.7938086193832535,0
video6837.webm,0.7938086193832535,0
video6838.webm,0.7938086193832535,0
video6840.webm,0.7938086193832535,0
video6843.webm,0.7938086193832535,0
video6848.webm,0.7938086193832535,0
video685.webm,0.7938086193832535,0
video6855.webm,0.7938086193832535,0
video6857.webm,0.7938086193832535,0
video6867.webm,0.7938086193832535,0
video6868.webm,0.7938086193832535,0
video6874.webm,0.7938086193832535,0
video6881.webm,0.7878086193832535,0
video6884.webm,0.7938086193832535,0
video6892.webm,0.7938086193832535,0
video6902.webm,0.6938086193832536,0
video6906.webm,0.7938086193832535,0
video691.webm,0.7938086193832535,0
video6916.webm,0.7938086193832535,0
video693.webm,0.7938086193832535,0
video6930.webm,0.7938086193832535,0
video6938.webm,0.7938086193832535,0
video694.webm,0.8289336193832535,0
video6943.webm,0.7938086193832535,0
video6944.webm,0.7938086193832535,0
video6957.webm,0.7938086193832535,0
video6963.webm,0.7938086193832535,0
video6967.webm,0.7938086193832535,0
video6969.webm,0.7938086193832535,0
video6971.webm,0.8938086193832535,0
video6972.webm,0.7938086193832535,0
video698.webm,0.7938086193832535,0
video6980.webm,0.7938086193832535,0
video6982.webm,0.7938086193832535,0
video6986.webm,0.7938086193832535,0
video6987.webm,0.7938086193832535,0
video6995.webm,0.7938086193832534,0
video6997.webm,0.7938086193832535,0
video7.webm,0.7938086193832535,0
video70.webm,0.7938086193832535,0
video700.webm,0.8938086193832535,0
video7000.webm,0.7938086193832535,0
video7014.webm,0.7938086193832535,0
video7019.webm,0.7938086193832535,0
video702.webm,0.8099336193832536,0
video7020.webm,0.7938086193832535,0
video7032.webm,0.7938086193832535,0
video7035.webm,0.6938086193832536,0
video7036.webm,0.7099336193832535,0
video7039.webm,0.6938086193832536,0
video7049.webm,0.7938086193832535,0
video7053.webm,0.7938086193832535,0
video7054.webm,0.7938086193832535,0
video7055.webm,0.8938086193832535,0
video706.webm,0.7938086193832535,0
video7062.webm,0.7938086193832535,0
video7068.webm,0.7938086193832535,0
video707.webm,0.7938086193832535,0
video7075.webm,0.7938086193832535,0
video7076.webm,0.8938086193832535,0
video7092.webm,0.8568086193832536,0
video71.webm,0.7938086193832535,0
video710.webm,0.7938086193832535,0
video7107.webm,0.7938086193832535,0
video7111.webm,0.7938086193832535,0
video7120.webm,0.7938086193832535,0
video7123.webm,0.8789336193832535,0
video7124.webm,0.7938086193832535,0
video7130.webm,0.7938086193832535,0
video7137.webm,0.8938086193832535,0
video7139.webm,0.8938086193832535,0
video714.webm,0.7938086193832535,0
video7158.webm,0.7938086193832535,0
video7169.webm,0.7938086193832535,0
video7171.webm,0.7938086193832535,0
video7178.webm,0.7938086193832535,0
video7182.webm,0.6938086193832536,0
video7186.webm,0.7938086193832535,0
video7187.webm,0.7938086193832535,0
video7190.webm,0.7938086193832535,0
video7212.webm,0.7938086193832535,0
video7228.webm,0.7938086193832535,0
video7232.webm,0.7938086193832535,0
video7234.webm,0.7938086193832535,0
video7236.webm,0.7938086193832535,0
video7247.webm,0.8230586193832534,0
video7252.webm,0.7938086193832535,0
video7254.webm,0.7938086193832535,0
video7268.webm,0.7938086193832535,0
video7272.webm,0.7938086193832535,0
video7277.webm,0.7938086193832535,0
video7280.webm,0.7590586193832536,0
video7282.webm,0.7553086193832536,0
video7284.webm,0.7938086193832535,0
video7294.webm,0.8938086193832535,0
video7316.webm,0.8900586193832536,0
video7323.webm,0.6938086193832536,0
video7326.webm,0.7938086193832535,0
video7327.webm,0.7938086193832535,0
video7330.webm,0.7938086193832535,0
video7332.webm,0.7938086193832535,0
video7340.webm,0.7938086193832535,0
video7353.webm,0.8523086193832536,0
video7354.webm,0.7938086193832535,0
video7356.webm,0.8938086193832535,0
video7357.webm,0.8470586193832536,0
video7366.webm,0.8278086193832535,0
video7368.webm,0.7938086193832535,0
video7369.webm,0.7938086193832535,0
video7371.webm,0.7938086193832535,0
video7379.webm,0.7938086193832535,0
video7384.webm,0.7938086193832535,0
video739.webm,0.7938086193832535,0
video7393.webm,0.7938086193832535,0
video7395.webm,0.7938086193832535,0
video7403.webm,0.7938086193832535,0
video7412.webm,0.7938086193832535,0
video7413.webm,0.7938086193832535,0
video7418.webm,0.7938086193832535,0
video7420.webm,0.7938086193832535,0
video7425.webm,0.8938086193832535,0
video7430.webm,0.7938086193832535,0
video7440.webm,0.7938086193832535,0
video7441.webm,0.7938086193832535,0
video7449.webm,0.7938086193832535,0
video7450.webm,0.7938086193832535,0
video7455.webm,0.7938086193832535,0
video7459.webm,0.7938086193832535,0
video7460.webm,0.7158086193832536,0
video7464.webm,0.7938086193832535,0
video7467.webm,0.7938086193832535,0
video7476.webm,0.7099336193832535,0
video748.webm,0.7938086193832535,0
video7482.webm,0.7938086193832535,0
video7484.webm,0.7938086193832535,0
video7487.webm,0.7938086193832535,0
video7490.webm,0.7938086193832535,0
video7501.webm,0.7938086193832535,0
video7509.webm,0.7938086193832535,0
video7512.webm,0.7880586193832536,0
video7514.webm,0.7938086193832535,0
video7529.webm,0.7938086193832535,0
video7537.webm,0.7938086193832535,0
video7547.webm,0.7938086193832535,0
video7551.webm,0.7938086193832535,0
video7553.webm,0.7880586193832535,0
video7557.webm,0.7938086193832535,0
video7559.webm,0.6938086193832536,0
video756.webm,0.8083086193832535,0
video7561.webm,0.7938086193832535,0
video7564.webm,0.7938086193832535,0
video7570.webm,0.7938086193832535,0
video7577.webm,0.8938086193832535,0
video7583.webm,0.7938086193832533,0
video7586.webm,0.7938086193832535,0
video7594.webm,0.7938086193832535,0
video7595.webm,0.7938086193832535,0
video7601.webm,0.7938086193832535,0
video7620.webm,0.7746440628887695,0
video7622.webm,0.7938086193832535,0
video7623.webm,0.8079336193832536,0
video7630.webm,0.8990586193832536,0
video7639.webm,0.7938086193832535,0
video7645.webm,0.7938086193832535,0
video7653.webm,0.7938086193832535,0
video7658.webm,0.7938086193832535,0
video766.webm,0.7938086193832535,0
video7663.webm,0.7938086193832535,0
video7666.webm,0.7938086193832535,0
video7668.webm,0.7938086193832535,0
video768.webm,0.7938086193832535,0
video7684.webm,0.7938086193832535,0
video7685.webm,0.7938086193832535,0
video7693.webm,0.7400586193832536,0
video7695.webm,0.7938086193832535,0
video7700.webm,0.7938086193832535,0
video7708.webm,0.7938086193832535,0
video7709.webm,0.7938086193832535,0
video7712.webm,0.7938086193832535,0
video772.webm,0.7938086193832535,0
video7727.webm,0.7938086193832535,0
video7730.webm,0.8278086193832535,0
video7733.webm,0.7938086193832535,0
video7734.webm,0.7938086193832535,0
video7735.webm,0.7938086193832535,0
video774.webm,0.656933292124147,0
video7744.webm,0.7938086193832535,0
video7747.webm,0.7938086193832535,0
video7750.webm,0.7938086193832535,0
video7755.webm,0.7938086193832535,0
video7764.webm,0.7938086193832535,0
video7765.webm,0.7938086193832535,0
video7766.webm,0.7938086193832535,0
video7767.webm,0.7938086193832535,0
video7768.webm,0.7938086193832535,0
video7776.webm,0.7938086193832535,0
video7778.webm,0.7938086193832535,0
video7779.webm,0.7938086193832535,0
video7781.webm,0.8900586193832536,0
video7790.webm,0.7938086193832535,0
video7791.webm,0.6768086193832535,0
video7794.webm,0.7938086193832535,0
video7796.webm,0.7938086193832535,0
video7797.webm,0.7938086193832535,0
video7798.webm,0.7938086193832535,0
video780.webm,0.7938086193832535,0
video7810.webm,0.7938086193832535,0
video7814.webm,0.7938086193832535,0
video7827.webm,0.7938086193832535,0
video7829.webm,0.8289336193832535,0
video7836.webm,0.7938086193832535,0
video784.webm,0.7938086193832535,0
video7843.webm,0.7938086193832535,0
video7845.webm,0.7938086193832535,0
video7847.webm,0.7938086193832535,0
video7850.webm,0.7938086193832535,0
video7855.webm,0.7938086193832535,0
video7857.webm,0.8560586193832536,0
video7859.webm,0.7938086193832535,0
video7860.webm,0.7938086193832535,0
video7864.webm,0.7938086193832535,0
video7866.webm,0.7938086193832535,0
video7870.webm,0.7938086193832535,0
video7871.webm,0.7938086193832535,0
video7876.webm,0.7598086193832536,0
video7877.webm,0.7938086193832535,0
video7881.webm,0.7938086193832535,0
video7882.webm,0.8360586193832535,0
video7900.webm,0.7938086193832535,0
video7905.webm,0.7938086193832535,0
video7911.webm,0.7938086193832535,0
video7914.webm,0.7938086193832535,0
video7922.webm,0.7938086193832535,0
video7924.webm,0.8938086193832535,0
video7932.webm,0.7938086193832535,0
video7934.webm,0.7938086193832535,0
video7937.webm,0.8938086193832535,0
video7938.webm,0.7883086193832536,0
video7943.webm,0.7938086193832535,0
video7949.webm,0.7938086193832535,0
video7950.webm,0.7938086193832535,0
video7960.webm,0.7938086193832535,0
video7965.webm,0.7365586193836546,0
video7966.webm,0.7938086193832535,0
video7968.webm,0.7938086193832535,0
video7971.webm,0.7938086193832535,0
video7974.webm,0.7938086193832535,0
video7978.webm,0.7938086193832535,0
video7979.webm,0.7938086193832535,0
video7982.webm,0.7245586193832536,0
video7989.webm,0.7938086193832535,0
video8003.webm,0.7938086193832535,0
video8005.webm,0.7938086193832535,0
video8006.webm,0.7938086193832535,0
video8007.webm,0.8965803744249192,0
video8011.webm,0.7938086193832535,0
video8017.webm,0.7938086193832535,0
video802.webm,0.7938086193832535,0
video8020.webm,0.7938086193832535,0
video8025.webm,0.7938086193832535,0
video8031.webm,0.7938086193832535,0
video8034.webm,0.7938086193832535,0
video8039.webm,0.7938086193832535,0
video804.webm,0.7938086193832535,0
video8046.webm,0.7938086193832535,0
video8053.webm,0.7938086193832535,0
video8055.webm,0.7938086193832535,0
video8070.webm,0.7938086193832535,0
video8083.webm,0.6569336193730911,0
video8093.webm,0.7938086193832535,0
video8094.webm,0.7938086193832535,0
video8099.webm,0.8898170392974829,0
video810.webm,0.7938086193832535,0
video8106.webm,0.7938086193832535,0
video8107.webm,0.7938086193832535,0
video8116.webm,0.7938086193832535,0
video8117.webm,0.7938086193832535,0
video8119.webm,0.7938086193832535,0
video8125.webm,0.7938086193832535,0
video8129.webm,0.8078193812238119,0
video8130.webm,0.7938086193832535,0
video8133.webm,0.7938086193832535,0
video8135.webm,0.7938086193832535,0
video8139.webm,0.7938086193832535,0
video8141.webm,0.7938086193832535,0
video8143.webm,0.7400586193832535,0
video8144.webm,0.7938086193832535,0
video8148.webm,0.7938086193832535,0
video815.webm,0.7938086193832535,0
video8154.webm,0.7938086193832535,0
video8160.webm,0.7938086193832535,0
video8164.webm,0.7020586193832536,0
video8173.webm,0.7938086193832535,0
video8176.webm,0.7938086193832535,0
video8177.webm,0.7938086193832535,0
video8183.webm,0.7938086193832535,0
video8203.webm,0.7938086193832535,0
video8204.webm,0.7938086193832535,0
video8212.webm,0.7938086193832535,0
video8213.webm,0.7938086193832535,0
video822.webm,0.7938086193832535,0
video8223.webm,0.7938086193832535,0
video8232.webm,0.7938086193832535,0
video8237.webm,0.7938086193832535,0
video8242.webm,0.7938086193832535,0
video8244.webm,0.7938086193832535,0
video8248.webm,0.7938086193832535,0
video8250.webm,0.7938086193832535,0
video8255.webm,0.7938086193832535,0
video8257.webm,0.8938086193832535,0
video8258.webm,0.7938086193832535,0
video826.webm,0.7938086193832535,0
video8262.webm,0.7938086193832535,0
video8264.webm,0.8099336193832536,0
video8270.webm,0.7938086193832535,0
video8273.webm,0.7368086193832535,0
video8278.webm,0.8938086193832535,0
video8281.webm,0.7938290346779822,0
video8285.webm,0.7938086193832535,0
video8298.webm,0.6938086193832536,0
video8302.webm,0.7938086193832535,0
video8307.webm,0.7938086193832535,0
video8312.webm,0.7938086193832535,0
video8315.webm,0.7938086193832535,0
video832.webm,0.7938086193832535,0
video8320.webm,0.7938086193832535,0
video8321.webm,0.7938086193832535,0
video8332.webm,0.7938086193832535,0
video8340.webm,0.6938086193832536,0
video8342.webm,0.7938086193832535,0
video8343.webm,0.6938086193832536,0
video836.webm,0.7938086193832535,0
video8362.webm,0.7938086193832535,0
video8370.webm,0.6938086193832536,0
video8372.webm,0.7938086193832535,0
video8373.webm,0.7938086193832535,0
video8376.webm,0.7938086193832535,0
video8388.webm,0.7938086193832535,0
video8391.webm,0.7938086193832535,0
video8392.webm,0.8080586193832535,0
video8393.webm,0.7938086193832535,0
video8404.webm,0.7938086193832535,0
video8408.webm,0.7938086193832535,0
video841.webm,0.7938086193832535,0
video8411.webm,0.7938086193832535,0
video8412.webm,0.7938086193832535,0
video8413.webm,0.7938086193832535,0
video8416.webm,0.7938086193832535,0
video8417.webm,0.7938086193832535,0
video8418.webm,0.8083086193832535,0
video8419.webm,0.6938086193832536,0
video8424.webm,0.7938086193832535,0
video8431.webm,0.7938086193832535,0
video8432.webm,0.7938086193832535,0
video8440.webm,0.7938086193832535,0
video8445.webm,0.7938086193832535,0
video845.webm,0.7938086193832535,0
video8450.webm,0.7938086193832535,0
video8457.webm,0.8230586193832534,0
video8460.webm,0.7938086193832535,0
video8462.webm,0.7938086193832535,0
video8463.webm,0.7938086193832535,0
video8467.webm,0.7938086193832535,0
video8469.webm,0.7938086193832535,0
video8483.webm,0.6938086193832536,0
video8484.webm,0.7938086193832535,0
video8486.webm,0.7938086193832535,0
video8490.webm,0.7938086193832535,0
video8501.webm,0.7938086193832535,0
video8502.webm,0.7938086193832535,0
video8511.webm,0.8278086193832535,0
video8519.webm,0.7938086193832535,0
video8523.webm,0.7370586193832536,0
video8527.webm,0.7938086193832535,0
video8528.webm,0.8938087358607673,0
video8533.webm,0.7938086193832535,0
video8534.webm,0.7938086193832535,0
video8536.webm,0.8925586193832535,0
video8537.webm,0.7938086193832535,0
video8539.webm,0.7938086193832535,0
video854.webm,0.7938086193832535,0
video8540.webm,0.7590586193832536,0
video8541.webm,0.7938086193832535,0
video8548.webm,0.8789336193832535,0
video8555.webm,0.7938086193832535,0
video8559.webm,0.7938086193832535,0
video856.webm,0.8899336193832535,0
video8564.webm,0.7938086193832535,0
video8567.webm,0.7938086193832535,0
video8569.webm,0.8898086193832535,0
video8570.webm,0.7938086193832535,0
video8571.webm,0.7938086193832535,0
video8574.webm,0.7938086193832535,0
video8589.webm,0.6938086193832536,0
video8599.webm,0.7938086193832535,0
video8608.webm,0.7368086193832535,0
video8610.webm,0.8938086193832535,0
video8612.webm,0.7938086193832535,0
video8617.webm,0.7938086193832535,0
video8620.webm,0.7938086193832535,0
video8626.webm,0.7938086193832535,0
video8627.webm,0.7938086193832535,0
video863.webm,0.7938086193832535,0
video8634.webm,0.7938086193832535,0
video8639.webm,0.7938086193832535,0
video8645.webm,0.8938086193832535,0
video8651.webm,0.7938086193832535,0
video8656.webm,0.7938086193832535,0
video8662.webm,0.7938086193832535,0
video8666.webm,0.7938086193832535,0
video8675.webm,0.7938086193832535,0
video8681.webm,0.7938086193832535,0
video8682.webm,0.8895586193832574,0
video8686.webm,0.7938086193832535,0
video8688.webm,0.7938086193832535,0
video8690.webm,0.8938086193832535,0
video8697.webm,0.7938086193832535,0
video8699.webm,0.7938086193832535,0
video8703.webm,0.7938086193832535,0
video8706.webm,0.7938086193832535,0
video8707.webm,0.8079336193832535,0
video8712.webm,0.8938086193832535,0
video8715.webm,0.7938086193832535,0
video8716.webm,0.8938086193832535,0
video8721.webm,0.7938086193832535,0
video8728.webm,0.7938086193832535,0
video873.webm,0.6529336193832536,0
video8737.webm,0.7938086193832535,0
video8745.webm,0.8938086193832535,0
video8747.webm,0.7938086193832535,0
video875.webm,0.7938086193832535,0
video876.webm,0.7938086193832535,0
video8761.webm,0.7938086193832535,0
video8767.webm,0.7938086193832535,0
video8769.webm,0.9900586193832536,0
video8773.webm,0.7938086193832535,0
video8777.webm,0.7938086193832535,0
video8787.webm,0.7938086193832535,0
video8793.webm,0.7938086193832535,0
video8798.webm,0.7938086193832535,0
video8801.webm,0.7938086193832535,0
video8809.webm,0.7938086193832535,0
video8812.webm,0.7938086193832535,0
video882.webm,0.7938086193832535,0
video8823.webm,0.7938086193832535,0
video8824.webm,0.7938086193832535,0
video8831.webm,0.7938086193832535,0
video8832.webm,0.7938086193832535,0
video8836.webm,0.7938086193832535,0
video8839.webm,0.7938086193832535,0
video8841.webm,0.7938086193832535,0
video8844.webm,0.7938086193832535,0
video8847.webm,0.8938086193832535,0
video8848.webm,0.7938086193832535,0
video8850.webm,0.7938086193832535,0
video8854.webm,0.7938086193832535,0
video8857.webm,0.7938086193832535,0
video8864.webm,0.7938086193832535,0
video8867.webm,0.7938086193832535,0
video888.webm,0.7938086193832535,0
video8880.webm,0.7938086193832535,0
video8882.webm,0.7938086193832535,0
video8884.webm,0.7938086193832535,0
video8886.webm,0.7938086193832535,0
video8898.webm,0.7938086193832535,0
video8899.webm,0.6938086193832536,0
video890.webm,0.7938086193832535,0
video8901.webm,0.7880586193832535,0
video8908.webm,0.7938086193832535,0
video8917.webm,0.7938086193832535,0
video8919.webm,0.7938086193832535,0
video8921.webm,0.8895586193832574,0
video8922.webm,0.8356836193832535,0
video8925.webm,0.7938086193832535,0
video8927.webm,0.8670586193832535,0
video893.webm,0.7938086193832535,0
video8936.webm,0.7938086193832535,0
video8939.webm,0.7938086193832535,0
video894.webm,0.7938086193832535,0
video8941.webm,0.8099336193832536,0
video8943.webm,0.8789336193832535,0
video8947.webm,0.7938086193832535,0
video8951.webm,0.7938086193832535,0
video8958.webm,0.7938086193832535,0
video8966.webm,0.7938086193832535,0
video897.webm,0.7938086193832535,0
video8971.webm,0.7938086193832535,0
video8975.webm,0.6938086193832536,0
video8982.webm,0.7938086193832535,0
video8991.webm,0.7938086193832535,0
video8993.webm,0.7938086193832535,0
video8996.webm,0.7938086193832535,0
video9.webm,0.7938086193832535,0
video9002.webm,0.7938086193832535,0
video9015.webm,0.7938086193832535,0
video9019.webm,0.7938086193832535,0
video9021.webm,0.7938086193832535,0
video9023.webm,0.8938086193832535,0
video9024.webm,0.7938086193832535,0
video9029.webm,0.7918460899896548,0
video903.webm,0.8898773401263137,0
video9030.webm,0.7938086193832535,0
video9036.webm,0.7938086193832535,0
video904.webm,0.7938086193832535,0
video9040.webm,0.7938086193832535,0
video9043.webm,0.7099336193832535,0
video9046.webm,0.7938086193832535,0
video9049.webm,0.7938086193832535,0
video9051.webm,0.7938086193832535,0
video9054.webm,0.7938086193832535,0
video9062.webm,0.7938086193832535,0
video9077.webm,0.7938086193832535,0
video9080.webm,0.7938086193832535,0
video9081.webm,0.7938086193832535,0
video9085.webm,0.7938086193832535,0
video9087.webm,0.7938086193832535,0
video9099.webm,0.7938086193832535,0
video91.webm,0.7938086193832535,0
video910.webm,0.7938086193832535,0
video9104.webm,0.8230586193832534,0
video911.webm,0.7099336193832535,0
video9111.webm,0.7938086193832535,0
video9122.webm,0.7938086193832535,0
video9124.webm,0.7938086193832535,0
video9126.webm,0.7938086193832535,0
video9129.webm,0.7938086193832535,0
video913.webm,0.7938086193832535,0
video9136.webm,0.7938086193832535,0
video9144.webm,0.7938086193832535,0
video9146.webm,0.7938086193832535,0
video9148.webm,0.7938086193832535,0
video9149.webm,0.7938086193832535,0
video9154.webm,0.7938086193832535,0
video9156.webm,0.7938086193832535,0
video9161.webm,0.7938086193832535,0
video9164.webm,0.7938086193832535,0
video9173.webm,0.7938086193832535,0
video9178.webm,0.6938086193832536,0
video9182.webm,0.7938086193832535,0
video9189.webm,0.7938086193832535,0
video9195.webm,0.8099336193832536,0
video9196.webm,0.7938086193832535,0
video9199.webm,0.7938086193832535,0
video9200.webm,0.7938086193832535,0
video9201.webm,0.7938086193832535,0
video9233.webm,0.7938086193832535,0
video9237.webm,0.7938086193832535,0
video9238.webm,0.7938086193832535,0
video9244.webm,0.9900586193832536,0
video9264.webm,0.7938086193832535,0
video9265.webm,0.7998086193832535,0
video9267.webm,0.7938086193832535,0
video9272.webm,0.7938086193832535,0
video9274.webm,0.7938086193832535,0
video9279.webm,0.7938086193832535,0
video9281.webm,0.7938086193832535,0
video9285.webm,0.7938086193832535,0
video9286.webm,0.7938086193832535,0
video9287.webm,0.7938086193832535,0
video9306.webm,0.7938086193832535,0
video9308.webm,0.7938086193832535,0
video9314.webm,0.8716836193832536,0
video9320.webm,0.7938086193832535,0
video9325.webm,0.7373086193832536,0
video9326.webm,0.7938086193832535,0
video9332.webm,0.7938086193832535,0
video9336.webm,0.7938086193832535,0
video9338.webm,0.7938086193832535,0
video9340.webm,0.8938086193832535,0
video9346.webm,0.7938086193832535,0
video935.webm,0.7938086193832535,0
video9351.webm,0.7938086193832535,0
video9352.webm,0.7938086193832535,0
video9355.webm,0.8078086193832534,0
video9363.webm,0.9278086193832535,0
video9364.webm,0.7938086193832535,0
video9378.webm,0.7938086193832535,0
video9383.webm,0.7938086193832535,0
video9384.webm,0.7938086193832535,0
video940.webm,0.7938086193832535,0
video9401.webm,0.7938086193832535,0
video9410.webm,0.7938086193832535,0
video9411.webm,0.7938086193832535,0
video9413.webm,0.7938086193832535,0
video9418.webm,0.7938086193832535,0
video9429.webm,0.7938086193832535,0
video9436.webm,0.8938086193832535,0
video944.webm,0.7938086193832535,0
video9442.webm,0.7938086193832535,0
video9444.webm,0.7938086193832535,0
video9447.webm,0.7938086193832535,0
video945.webm,0.7938086193832535,0
video9458.webm,0.7938086193832535,0
video9459.webm,0.7938086193832535,0
video946.webm,0.7938086193832535,0
video9467.webm,0.7938086193832535,0
video9471.webm,0.6978086193832534,0
video9482.webm,0.7938086193832535,0
video9489.webm,0.7938086193832535,0
video9491.webm,0.8030586193832534,0
video9494.webm,0.7938086193832535,0
video9498.webm,0.7369336193832536,0
video950.webm,0.7938086193832535,0
video9514.webm,0.7938086193832535,0
video9520.webm,0.7938086193832535,0
video9539.webm,0.7938086193832535,0
video9540.webm,0.7938086193832535,0
video955.webm,0.7938086193832535,0
video9563.webm,0.7938086193832535,0
video9569.webm,0.7938086193832535,0
video9570.webm,0.6938086193832536,0
video9578.webm,0.7369086841722712,0
video9579.webm,0.7938086193832535,0
video9580.webm,0.7938086193832535,0
video9581.webm,0.7938086193832535,0
video9594.webm,0.7938086193832535,0
video9597.webm,0.7938086193832535,0
video9603.webm,0.7938086193832535,0
video9616.webm,0.7938086193832535,0
video9617.webm,0.7938086193832535,0
video9622.webm,0.7938086193832535,0
video9626.webm,0.7938086193832535,0
video9629.webm,0.8469336193832535,0
video9644.webm,0.7938086193832535,0
video9664.webm,0.7938086193832535,0
video9666.webm,0.8938086193832535,0
video9669.webm,0.7938086193832535,0
video9678.webm,0.7938086193832535,0
video968.webm,0.7938086193832535,0
video9682.webm,0.7938086193832535,0
video9696.webm,0.7938086193832535,0
video9697.webm,0.7938086193832535,0
video97.webm,0.8938086193832535,0
video9700.webm,0.7938086193832535,0
video971.webm,0.7938086193832535,0
video9713.webm,0.7938086193832535,0
video9721.webm,0.7938086193832535,0
video9722.webm,0.7938086193832535,0
video9724.webm,0.7368086193832535,0
video9726.webm,0.7938086193832535,0
video9727.webm,0.7938086193832535,0
video9728.webm,0.8938086193832535,0
video973.webm,0.7938086193832535,0
video9734.webm,0.7938086193832535,0
video9735.webm,0.7938086193832535,0
video9750.webm,0.7938086193832535,0
video9759.webm,0.7938086193832535,0
video9761.webm,0.7938086193832535,0
video9763.webm,0.7938086193832535,0
video977.webm,0.7938086193832535,0
video9770.webm,0.7938086193832535,0
video9774.webm,0.7938086193833707,0
video9775.webm,0.7938086193832535,0
video9777.webm,0.7938086193832535,0
video978.webm,0.6938086193832536,0
video9784.webm,0.7938086193832535,0
video979.webm,0.7938086193832535,0
video9791.webm,0.7938086193832535,0
video9794.webm,0.7938086193832535,0
video9798.webm,0.7938086193832535,0
video98.webm,0.7938086193832535,0
video9800.webm,0.7938086193832535,0
video9804.webm,0.7938086193832535,0
video9811.webm,0.7938086193832535,0
video9814.webm,0.8938086193832535,0
video9817.webm,0.7099336193832535,0
video9818.webm,0.6768086193832535,0
video9830.webm,0.7938086193832535,0
video9836.webm,0.7938086193832535,0
video9837.webm,0.7760586193832535,0
video9841.webm,0.8470586193832536,0
video9863.webm,0.7938086193832535,0
video9865.webm,0.7938086193832535,0
video9866.webm,0.7938086193832535,0
video9867.webm,0.7938086193832535,0
video9868.webm,0.7938086193832535,0
video9869.webm,0.7938086193832535,0
video987.webm,0.7938086193832535,0
video9880.webm,0.7788086193832535,0
video9882.webm,0.7938086193832535,0
video9886.webm,0.8569336193832535,0
video9887.webm,0.7938086193832535,0
video989.webm,0.7938086193832535,0
video9899.webm,0.7938086193832535,0
video99.webm,0.7938086193832535,0
video9902.webm,0.7938086193832535,0
video9910.webm,0.7938086193832535,0
video9911.webm,0.7938086193832535,0
video9912.webm,0.7899336193832536,0
video9916.webm,0.7938086193832535,0
video9919.webm,0.7099336193832535,0
video9921.webm,0.7938086193832535,0
video9922.webm,0.7938227082390178,0
video9924.webm,0.7938086193832535,0
video9933.webm,0.7938086193832535,0
video9934.webm,0.7938086193832535,0
video9937.webm,0.7938086193832535,0
video9941.webm,0.9900586193832536,0
video9947.webm,0.7938086193832535,0
video9953.webm,0.7598086193832536,0
video9955.webm,0.7938086193832535,0
video996.webm,0.7938086193832535,0
video9962.webm,0.6938086193832536,0
video9973.webm,0.7938086193832535,0
video9978.webm,0.7938086193832535,0
video9979.webm,0.7375586193832535,0
