video1.webm,0.7937570811438505,0
video1000.webm,0.7786270423296879,0
video1002.webm,0.7992596166191512,0
video1008.webm,0.7891466377835771,0
video1010.webm,0.7804200384049312,0
video1011.webm,0.7864826120676748,0
video1013.webm,0.7903411582059442,0
video1016.webm,0.7934922871932601,0
video1018.webm,0.7970034580275648,0
video1026.webm,0.7895299448705392,0
video1029.webm,0.8002066997857149,0
video103.webm,0.7738033759355936,0
video1034.webm,0.7903573174910936,0
video1037.webm,0.8047270918492911,0
video1058.webm,0.7936681718543556,0
video1059.webm,0.7799502528049397,0
video1062.webm,0.7917002223113774,0
video1072.webm,0.8023284137005752,0
video1082.webm,0.802548596943064,0
video1087.webm,0.77391184781936,0
video109.webm,0.7847758610340614,0
video1092.webm,0.7780276228784241,0
video1094.webm,0.800655832255258,0
video1096.webm,0.8249366075516044,0
video1098.webm,0.7781014951153213,0
video11.webm,0.7859912743288708,0
video1101.webm,0.7963781986826142,0
video1108.webm,0.7960661690671322,0
video111.webm,0.8015405108210565,0
video1113.webm,0.7645635642198936,0
video1120.webm,0.7808231595556421,0
video1123.webm,0.7897138998976903,0
video1126.webm,0.7883894517856623,0
video1130.webm,0.7626465980942675,0
video6125.webm,0.8076601160777491,0
video613.webm,0.8106074640187848,0
video6130.webm,0.7749425363987507,0
video6137.webm,0.7834783704315124,0
video6144.webm,0.7827090312963493,0
video6147.webm,0.7882006529914892,0
video6153.webm,0.7946698182358617,0
video6159.webm,0.7889020096468983,0
video6176.webm,0.8017049630188096,0
video6180.webm,0.8003463116166265,0
video6181.webm,0.7914577103143318,0
video6193.webm,0.7975063821838678,0
video6197.webm,0.7997839970929118,0
video6200.webm,0.7623897918038328,0
video6202.webm,0.7776000650837742,0
video6211.webm,0.8065611304337238,0
video6217.webm,0.8232013505935583,0
video3350.webm,0.7828295716671767,0
video3355.webm,0.808191736998331,0
video3356.webm,0.7902798801702543,0
video3360.webm,0.8011922253450869,0
video3364.webm,0.7917960859034483,0
video3366.webm,0.7982956285286958,0
video3369.webm,0.8001655071453041,0
video337.webm,0.7765316291763342,0
video3372.webm,0.7555767742334594,0
video3374.webm,0.7919211810163441,0
video3378.webm,0.7815351629262406,0
video3381.webm,0.7802695718606028,0
video3383.webm,0.7802667149026985,0
video3385.webm,0.7865291753534549,0
video3413.webm,0.7952557349534833,0
video3419.webm,0.7755614648939497,0
video3422.webm,0.8072690761589111,0
video1068.webm,0.8151698073037804,0
video1138.webm,0.7948242850739466,0
video1248.webm,0.8024520361715283,0
video1316.webm,0.8030799238782393,0
video139.webm,0.7622166231295919,0
video15.webm,0.8107821398193691,0
video1653.webm,0.7852156435199179,0
video1773.webm,0.8030176852224723,0
video1890.webm,0.7902426941960992,0
video2040.webm,0.7934885727720348,0
video2102.webm,0.7990047568915063,0
video2225.webm,0.7873662716191914,0
video2299.webm,0.7821603565207961,0
video24.webm,0.754873911077923,0
video2481.webm,0.8118363211543279,0
video2631.webm,0.7828283628707622,0
video270.webm,0.7943680643557895,0
video2790.webm,0.8220739979907342,0
video2873.webm,0.7790482605444746,0
video2993.webm,0.7831043771174135,0
video3081.webm,0.7796196219476899,0
video3429.webm,0.8192791846905055,0
video343.webm,0.7766421639077085,0
video3432.webm,0.791407306220911,0
video3437.webm,0.7856214037585745,0
video3438.webm,0.7914876384343357,0
video3443.webm,0.760681374442142,0
video3445.webm,0.8151780032797876,0
video3446.webm,0.7981621854188233,0
video3458.webm,0.7976644601814481,0
video3461.webm,0.8003144508002549,0
video3464.webm,0.8145568144436746,0
video3467.webm,0.7641522462378398,0
video3469.webm,0.7903646732526767,0
video3473.webm,0.7504105956801429,0
video3475.webm,0.8008051215636178,0
video3483.webm,0.8032498280041056,0
video3484.webm,0.8210669972661054,0
video3485.webm,0.7908566759324126,0
video2043.webm,0.7929585681269179,0
video2047.webm,0.7380694374307359,0
video2048.webm,0.7776627408878337,0
video2053.webm,0.7791649870067549,0
video2056.webm,0.8102954145035824,0
video2057.webm,0.7901240268747101,0
video2067.webm,0.7914660486982605,0
video2080.webm,0.7821102271104842,0
video2081.webm,0.784660731080381,0
video2083.webm,0.7563765438519415,0
video2084.webm,0.7889501381122056,0
video2085.webm,0.7858536068834938,0
video2090.webm,0.795099082475343,0
video2092.webm,0.7901874269351564,0
video2094.webm,0.7723210771740375,0
video2096.webm,0.8100531475939426,0
video2099.webm,0.7593262602678422,0
video1892.webm,0.7913875597675363,0
video1902.webm,0.7804320803364498,0
video1910.webm,0.7944360861730928,0
video1917.webm,0.7779577131421458,0
video1925.webm,0.7872442848765452,0
video1927.webm,0.8122632665780048,0
video1930.webm,0.8116649923401924,0
video1932.webm,0.7835993329852164,0
video1935.webm,0.7875660973971677,0
video194.webm,0.8060644990489275,0
video1945.webm,0.827451753041696,0
video1949.webm,0.7919406474647211,0
video1959.webm,0.7947462905817605,0
video197.webm,0.7809939978190568,0
video1970.webm,0.824053152949296,0
video1972.webm,0.7426965254171378,0
video1978.webm,0.8001750076697439,0
video1987.webm,0.8062800547900073,0
video1992.webm,0.7897631655098,0
video1994.webm,0.7913214067240768,0
video2.webm,0.7882889503745394,0
video2000.webm,0.7879620517510008,0
video2006.webm,0.772185261241145,0
video2007.webm,0.790013214375111,0
video2010.webm,0.7836574437619005,0
video2015.webm,0.7577059427256412,0
video2017.webm,0.7784857208191742,0
video202.webm,0.8256954556024341,0
video2021.webm,0.7806577915296996,0
video2023.webm,0.771053407393046,0
video2039.webm,0.7983672390608191,0
video204.webm,0.7910853610443164,0
video7881.webm,0.7784759234877525,0
video7882.webm,0.7993707760212462,0
video7900.webm,0.7884121922369457,0
video7905.webm,0.7996074394388043,0
video7911.webm,0.8060124599478904,0
video7914.webm,0.8110584352272775,0
video7922.webm,0.7867865704485362,0
video7924.webm,0.8145593327779519,0
video7932.webm,0.7729359052748747,0
video7934.webm,0.7872550395751664,0
video7937.webm,0.8099797087916182,0
video7938.webm,0.8144921109371449,0
video7943.webm,0.7963262955560458,0
video7949.webm,0.8091789526199594,0
video7950.webm,0.8129871370985767,0
video7960.webm,0.7891920193097068,0
video7965.webm,0.7827672425804371,0
video7178.webm,0.7940497524693284,0
video7182.webm,0.7929331803368618,0
video7186.webm,0.7693388179137552,0
video7187.webm,0.7680213990311422,0
video7190.webm,0.7823023598506004,0
video7212.webm,0.7943282104739259,0
video7228.webm,0.789928887927758,0
video7232.webm,0.8157053988084882,0
video7234.webm,0.8157794955042361,0
video7236.webm,0.7873826618754766,0
video7247.webm,0.7979605100520226,0
video7252.webm,0.7813834317456355,0
video7254.webm,0.789330558092464,0
video7268.webm,0.8278745343661115,0
video7272.webm,0.8016334030179516,0
video7277.webm,0.7836132598360112,0
video7280.webm,0.789831725731478,0
video8841.webm,0.7949854309341159,0
video8844.webm,0.7749527118164724,0
video8847.webm,0.7884617067823941,0
video8848.webm,0.7854784976366184,0
video8850.webm,0.7841318012116495,0
video8854.webm,0.818017551122151,0
video8857.webm,0.7787452744128958,0
video8864.webm,0.7990687777059912,0
video8867.webm,0.7902207163402676,0
video888.webm,0.8080756271688748,0
video8880.webm,0.7919802843374608,0
video8882.webm,0.7966513614897517,0
video8884.webm,0.7852722643626417,0
video8886.webm,0.7922030413727245,0
video8898.webm,0.7820879864069442,0
video8899.webm,0.7778590814132517,0
video890.webm,0.787299696686044,0
video2633.webm,0.7864780481685446,0
video264.webm,0.8151530353039699,0
video2644.webm,0.7897958738331363,0
video2648.webm,0.8048945471708266,0
video2657.webm,0.7960106007041041,0
video266.webm,0.7927606888122983,0
video2661.webm,0.7608439224741259,0
video2662.webm,0.7907751345938926,0
video2675.webm,0.7772705103136387,0
video2676.webm,0.7988307185451257,0
video2679.webm,0.8101509810517443,0
video268.webm,0.8191553090112622,0
video2683.webm,0.8220812712701249,0
video2692.webm,0.7997717012367429,0
video2697.webm,0.8067206962343427,0
video2698.webm,0.7855713555902551,0
video2699.webm,0.7824556348526974,0
video4351.webm,0.7869954369370886,0
video436.webm,0.8140170995010165,0
video4361.webm,0.7775663148052576,0
video4362.webm,0.765029197391195,0
video4364.webm,0.8136857903019246,0
video4366.webm,0.7659974997007238,0
video4367.webm,0.7952323342668101,0
video4372.webm,0.7717866119596805,0
video4377.webm,0.7795705381655458,0
video4383.webm,0.8011562052281883,0
video4384.webm,0.7966572471771963,0
video4395.webm,0.7984358655378808,0
video4398.webm,0.8309640132206966,0
video4401.webm,0.7480708705776176,0
video4414.webm,0.7684486973687852,0
video4415.webm,0.7950548491573282,0
video4417.webm,0.8140609465132875,0
video4421.webm,0.7612990309351835,0
video5021.webm,0.7942891776267496,0
video5027.webm,0.7895890095145865,0
video5035.webm,0.7945639942072659,0
video5040.webm,0.7958615104907321,0
video5046.webm,0.806521099949152,0
video5052.webm,0.7723404819917967,0
video5053.webm,0.796804479998849,0
video5054.webm,0.7427430153189319,0
video5057.webm,0.7970162844088752,0
video5065.webm,0.7926785748094174,0
video5067.webm,0.7691287927390712,0
video507.webm,0.7881486714502802,0
video5071.webm,0.7961501534203863,0
video5073.webm,0.7768117897843769,0
video5077.webm,0.7807937753350394,0
video5079.webm,0.8036668295875051,0
video5092.webm,0.8001181372982925,0
video8908.webm,0.7758155089080223,0
video8917.webm,0.7895385134616405,0
video8919.webm,0.8000041597195217,0
video8921.webm,0.7725470747905059,0
video8922.webm,0.7889117010204396,0
video8925.webm,0.790427646676067,0
video8927.webm,0.7544006265653622,0
video893.webm,0.7831590994955874,0
video8936.webm,0.7948043478041695,0
video8939.webm,0.7991056534495381,0
video894.webm,0.7912022562814827,0
video8941.webm,0.7950734091168524,0
video8943.webm,0.78988321765866,0
video8947.webm,0.8021505913339134,0
video8951.webm,0.7947861172119223,0
video8958.webm,0.7751126541988463,0
video8966.webm,0.7842083606417192,0
video897.webm,0.8081728684365901,0
video1390.webm,0.8166513414526672,0
video1391.webm,0.7875320539926335,0
video1396.webm,0.792500133818779,0
video14.webm,0.7875008061328319,0
video1400.webm,0.7828312144385657,0
video1418.webm,0.8002664983315323,0
video1424.webm,0.7933929505899251,0
video1425.webm,0.7792010940535998,0
video144.webm,0.7996280098954394,0
video1442.webm,0.8044813686228519,0
video1448.webm,0.767738741316695,0
video1450.webm,0.7924590994645,0
video1468.webm,0.7757632219480797,0
video1469.webm,0.7888879257394915,0
video147.webm,0.7998214808021865,0
video1475.webm,0.7853836718693906,0
video148.webm,0.7627957358969661,0
video1495.webm,0.782142700878685,0
video6548.webm,0.7852010841053833,0
video6549.webm,0.7680409620310371,0
video655.webm,0.8119405424766526,0
video6553.webm,0.7888649162764845,0
video6571.webm,0.789528950889432,0
video6575.webm,0.7701751102136918,0
video658.webm,0.7842349626559355,0
video6580.webm,0.8060862126355743,0
video659.webm,0.7987586141832977,0
video6597.webm,0.826499402411568,0
video6603.webm,0.8060457187383682,0
video6605.webm,0.7677382649306022,0
video6606.webm,0.7836410356161053,0
video6612.webm,0.7997258575642251,0
video6614.webm,0.7652746062236626,0
video6615.webm,0.7752551164425759,0
video6620.webm,0.7600811943951298,0
video3878.webm,0.815544195581375,0
video3879.webm,0.8177916044077989,0
video388.webm,0.8071466183026952,0
video3883.webm,0.7957921144695665,0
video3888.webm,0.7929823003723498,0
video3900.webm,0.8248182314288707,0
video3902.webm,0.7995676446622012,0
video3906.webm,0.7766832611774384,0
video3911.webm,0.7923499458504094,0
video3915.webm,0.7956809055569783,0
video3916.webm,0.7435717153593073,0
video3920.webm,0.776780622785601,0
video3921.webm,0.7909938008901698,0
video3930.webm,0.7956463223626519,0
video3934.webm,0.7956745114571551,0
video3935.webm,0.7930570141791584,0
video3939.webm,0.8016341580142934,0
video3945.webm,0.8023228578035942,0
video8440.webm,0.7780227791350623,0
video8445.webm,0.8055581145754422,0
video845.webm,0.8049456143402459,0
video8450.webm,0.7983418931642684,0
video8457.webm,0.7882200244093487,0
video8460.webm,0.7987899591201033,0
video8462.webm,0.8097898978091205,0
video8463.webm,0.7631209843439177,0
video8467.webm,0.7651306575050132,0
video8469.webm,0.7832830846501292,0
video8483.webm,0.7837560570954039,0
video8484.webm,0.7679385928629613,0
video8486.webm,0.7684440805167018,0
video8490.webm,0.8016647364457207,0
video8501.webm,0.7731722371592482,0
video8502.webm,0.7939223386274321,0
video8511.webm,0.8078420531856153,0
video2229.webm,0.7853025755907141,0
video2230.webm,0.7959673806144961,0
video2231.webm,0.8245069040345802,0
video2241.webm,0.8232856277086953,0
video2243.webm,0.7893324671555266,0
video2247.webm,0.7850847522530913,0
video226.webm,0.7637457064395987,0
video2265.webm,0.8057380259370819,0
video2269.webm,0.8071219164604863,0
video2271.webm,0.8064422896010757,0
video2277.webm,0.8199236637003035,0
video2279.webm,0.7910470041882327,0
video2281.webm,0.8007590160697813,0
video2287.webm,0.772695314992945,0
video2288.webm,0.7839397774585835,0
video229.webm,0.8138053072069427,0
video2294.webm,0.7919501182726294,0
video5096.webm,0.7888719961518529,0
video5098.webm,0.7862449426314599,0
video5102.webm,0.8202685414375095,0
video5116.webm,0.8111834572007166,0
video5118.webm,0.8202662216124182,0
video5119.webm,0.7921151011227542,0
video5125.webm,0.7713961008743442,0
video5139.webm,0.815023961259941,0
video514.webm,0.7890650106327032,0
video5148.webm,0.8007477621500328,0
video5149.webm,0.7775369743231476,0
video5152.webm,0.7947018360918202,0
video5175.webm,0.8058109954387536,0
video5180.webm,0.7780509155684392,0
video5188.webm,0.7952961935376138,0
video5190.webm,0.7918664793881034,0
video5191.webm,0.7937735647290454,0
video520.webm,0.8102461090013511,0
video7284.webm,0.7961650876677615,0
video7294.webm,0.7798280568917438,0
video7316.webm,0.8178805877478835,0
video7323.webm,0.8167061079664134,0
video7326.webm,0.7856348151247721,0
video7327.webm,0.79753876483578,0
video7330.webm,0.8028392898734256,0
video7332.webm,0.760768709274168,0
video7340.webm,0.8176169067774094,0
video7353.webm,0.8047474957567587,0
video7354.webm,0.8055670732684638,0
video7356.webm,0.7727570534161972,0
video7357.webm,0.7680747310836795,0
video7366.webm,0.7950836620870498,0
video7368.webm,0.7524329327907032,0
video7369.webm,0.7900864659782413,0
video7371.webm,0.806796104715027,0
video7379.webm,0.8026791646496361,0
video7653.webm,0.81458163652689,0
video7658.webm,0.8049630857177639,0
video766.webm,0.8051466905290455,0
video7663.webm,0.7849543139070102,0
video7666.webm,0.7786050449998918,0
video7668.webm,0.7835140206301402,0
video768.webm,0.8039886952030026,0
video7684.webm,0.8079758479562851,0
video7685.webm,0.7612738892360449,0
video7693.webm,0.8178131751400459,0
video7695.webm,0.7881923993449872,0
video7700.webm,0.8221581172674681,0
video7708.webm,0.8113450923359207,0
video7709.webm,0.7938077670286477,0
video7712.webm,0.783852739133447,0
video772.webm,0.782391576409987,0
video7727.webm,0.8020044081159343,0
video2716.webm,0.7882663183294992,0
video2720.webm,0.7948347006639271,0
video2721.webm,0.804006426735078,0
video2723.webm,0.7954383121233917,0
video2725.webm,0.8052822164627315,0
video2730.webm,0.7863118955097501,0
video2735.webm,0.8103508561981169,0
video2746.webm,0.776196290247066,0
video2751.webm,0.7760391924235986,0
video2752.webm,0.7748363766773616,0
video2753.webm,0.7918196852728002,0
video2754.webm,0.8008121449226889,0
video2766.webm,0.7940109118258819,0
video2768.webm,0.7953646374239899,0
video2776.webm,0.7983899971430501,0
video2778.webm,0.7999588825766722,0
video2783.webm,0.7776797793444155,0
video2877.webm,0.7891141913676794,0
video2885.webm,0.7906051228584043,0
video289.webm,0.8005605571884638,0
video2890.webm,0.7953161074727206,0
video2905.webm,0.7864522810496248,0
video2912.webm,0.7779765372194307,0
video2918.webm,0.7915032299307931,0
video2926.webm,0.8099776247343873,0
video2940.webm,0.7704745278524808,0
video2950.webm,0.7777983894109298,0
video2957.webm,0.7914146952302749,0
video2966.webm,0.8116460955559128,0
video2969.webm,0.7790600232175303,0
video2975.webm,0.7862211967076331,0
video2976.webm,0.8135860651338791,0
video2980.webm,0.8028784918267835,0
video2989.webm,0.7998967950999483,0
video9581.webm,0.769225956051034,0
video9594.webm,0.7856613103564418,0
video9597.webm,0.8019970533071588,0
video9603.webm,0.7763078153624452,0
video9616.webm,0.7695594878546888,0
video9617.webm,0.7878441469307466,0
video9622.webm,0.7873551335144634,0
video9626.webm,0.780808652220037,0
video9629.webm,0.7680129016690376,0
video9644.webm,0.8065634019688661,0
video9664.webm,0.7714186487907222,0
video9666.webm,0.8164106462765154,0
video9669.webm,0.7626522365289329,0
video9678.webm,0.784873734651296,0
video968.webm,0.8018422173166896,0
video9682.webm,0.8054468788766156,0
video9696.webm,0.8075261672104004,0
video9237.webm,0.781793109373772,0
video9238.webm,0.7897114457038944,0
video9244.webm,0.8082349074933115,0
video9264.webm,0.8081885155794009,0
video9265.webm,0.812139131120293,0
video9267.webm,0.7748966297854469,0
video9272.webm,0.7930759834247199,0
video9274.webm,0.7902249413898358,0
video9279.webm,0.7679528421928379,0
video9281.webm,0.7984839695386987,0
video9285.webm,0.7845607062572798,0
video9286.webm,0.7901378787903435,0
video9287.webm,0.8007170606339719,0
video9306.webm,0.7879561007919832,0
video9308.webm,0.7570380916165325,0
video9314.webm,0.7776041973941823,0
video9320.webm,0.7878547477455703,0
video6636.webm,0.7964889785187954,0
video6638.webm,0.798387469947663,0
video6642.webm,0.7643219035131196,0
video6644.webm,0.8103613221228649,0
video6653.webm,0.7919569920833865,0
video6657.webm,0.7790749829150921,0
video666.webm,0.789429872128002,0
video6665.webm,0.7701572546789074,0
video6666.webm,0.7996615889150842,0
video6679.webm,0.7969673997045073,0
video6685.webm,0.8025225551112934,0
video6693.webm,0.8174874498114093,0
video6697.webm,0.7950021010870002,0
video6698.webm,0.7861957727792562,0
video670.webm,0.7810953881607314,0
video6701.webm,0.7642676201686587,0
video6705.webm,0.7808123630755284,0
video6916.webm,0.7616736689749719,0
video693.webm,0.8091124460804366,0
video6930.webm,0.7712909075056122,0
video6938.webm,0.7890317538525718,0
video694.webm,0.7987155964777805,0
video6943.webm,0.7990783941919256,0
video6944.webm,0.7605939504892991,0
video6957.webm,0.7678534669173382,0
video6963.webm,0.8006134586246703,0
video6967.webm,0.8110371170567048,0
video6969.webm,0.8257116160623643,0
video6971.webm,0.8018071836574211,0
video6972.webm,0.7997180665205742,0
video698.webm,0.7850534194101078,0
video6980.webm,0.7739276197815015,0
video6982.webm,0.7633248786925543,0
video6986.webm,0.7924021471917361,0
video6987.webm,0.8105749592084729,0
video5603.webm,0.7858328031604844,0
video5613.webm,0.7730139292795508,0
video5631.webm,0.7941671209809402,0
video5632.webm,0.8015003899397497,0
video5633.webm,0.7955602385827529,0
video5634.webm,0.7662694370881249,0
video5635.webm,0.8030986565535028,0
video5636.webm,0.7531683760080007,0
video5642.webm,0.7875119986464775,0
video5647.webm,0.7713724668870114,0
video5652.webm,0.7990895160027109,0
video5659.webm,0.771928098455109,0
video5672.webm,0.8092248697823351,0
video5680.webm,0.7981299861065346,0
video5683.webm,0.7974494220814138,0
video5690.webm,0.8021014634479511,0
video5692.webm,0.7805055003015603,0
video5356.webm,0.7708521168140114,0
video5366.webm,0.7641282780428367,0
video5370.webm,0.7712649307155821,0
video5374.webm,0.80081172259047,0
video5378.webm,0.798995474057284,0
video5380.webm,0.8277034484551085,0
video5385.webm,0.7965631747152548,0
video5393.webm,0.7919291791663545,0
video5399.webm,0.7920813245286936,0
video5402.webm,0.7961403622813086,0
video5412.webm,0.80685037377766,0
video5415.webm,0.7671690477430864,0
video5416.webm,0.814521737413698,0
video5423.webm,0.817585359983068,0
video5428.webm,0.7763950769755602,0
video5430.webm,0.7764883678624217,0
video5431.webm,0.8221097577694597,0
video4682.webm,0.7589651511016398,0
video4683.webm,0.8242724649645733,0
video469.webm,0.7935062336289667,0
video4691.webm,0.7873288555441359,0
video4693.webm,0.7649193574276425,0
video4694.webm,0.7913236442433382,0
video4696.webm,0.7928692508391245,0
video4698.webm,0.7687228920874145,0
video4705.webm,0.7925419621629279,0
video471.webm,0.7554391696637826,0
video4711.webm,0.7846788908260242,0
video4713.webm,0.7867386799605363,0
video4724.webm,0.7921882608025955,0
video4727.webm,0.7959693976719848,0
video4728.webm,0.8061384596485754,0
video474.webm,0.7820335386251155,0
video4744.webm,0.7847356873136068,0
video4748.webm,0.7889787379995837,0
video9777.webm,0.7909108892320462,0
video978.webm,0.7975916657534758,0
video9784.webm,0.8060431261012445,0
video979.webm,0.800789151086081,0
video9791.webm,0.7889758881137836,0
video9794.webm,0.7888335200092103,0
video9798.webm,0.8033514962652694,0
video98.webm,0.7826851293997947,0
video9800.webm,0.798427379800114,0
video9804.webm,0.7855078065832206,0
video9811.webm,0.7919822084680253,0
video9814.webm,0.8310924955275153,0
video9817.webm,0.7758836896321106,0
video9818.webm,0.7843545411230286,0
video9830.webm,0.8017030565555724,0
video9836.webm,0.8029702122584104,0
video9837.webm,0.783707179956649,0
video9841.webm,0.8271233228076975,0
video1252.webm,0.7898544798389492,0
video1262.webm,0.7997314145013549,0
video1268.webm,0.7968109553415984,0
video1269.webm,0.8016287551145216,0
video127.webm,0.7943577897991215,0
video1271.webm,0.7859379934671369,0
video1276.webm,0.7967331605316784,0
video1279.webm,0.7728417609338356,0
video1287.webm,0.7823046613761995,0
video1292.webm,0.7667117950218667,0
video1302.webm,0.79755916815238,0
video1303.webm,0.7842039744563798,0
video1304.webm,0.7751005303128267,0
video1306.webm,0.7853229411197864,0
video1308.webm,0.7886611617435103,0
video1313.webm,0.80317168076936,0
video1314.webm,0.7993772427569694,0
video360.webm,0.7901513240096194,0
video3600.webm,0.7600778564316887,0
video3609.webm,0.7770741608345938,0
video3615.webm,0.8195109118405836,0
video3621.webm,0.7968129026962383,0
video3623.webm,0.7882724057530085,0
video3625.webm,0.8067508942175224,0
video363.webm,0.8119399540598109,0
video3630.webm,0.7948259239157436,0
video3633.webm,0.7616478671387186,0
video3638.webm,0.7936244812542067,0
video3640.webm,0.8105824118170163,0
video3644.webm,0.783999346145264,0
video3645.webm,0.784086385521563,0
video3646.webm,0.7890874914483492,0
video3648.webm,0.7888355060278773,0
video3651.webm,0.7982197394704388,0
video739.webm,0.8005219643121377,0
video7393.webm,0.7902546396556283,0
video7395.webm,0.7873371524754713,0
video7403.webm,0.785625377293852,0
video7412.webm,0.8035276039473134,0
video7413.webm,0.8284277796928408,0
video7418.webm,0.776192623589527,0
video7420.webm,0.8383665550085917,0
video7425.webm,0.7554070813752767,0
video7430.webm,0.8022015656269652,0
video7440.webm,0.8034991559059581,0
video7441.webm,0.7979728815288527,0
video7449.webm,0.8069524857295967,0
video7450.webm,0.7867551186267246,0
video7455.webm,0.7930625826038037,0
video7459.webm,0.7870108004995529,0
video7460.webm,0.7743248730171558,0
video5209.webm,0.7910208210593932,0
video5353.webm,0.8066576478937867,0
video5449.webm,0.7764832452993371,0
video5599.webm,0.812688032720003,0
video5695.webm,0.791852812995467,0
video5839.webm,0.7853510995311666,0
video5917.webm,0.7855784124912495,0
video6008.webm,0.8128954178954305,0
video6124.webm,0.8124930464886397,0
video6220.webm,0.7445433335170106,0
video6345.webm,0.7995848593362839,0
video6411.webm,0.7888850388423952,0
video653.webm,0.802829805707006,0
video6631.webm,0.7439668457695635,0
video6709.webm,0.8001988190898701,0
video6778.webm,0.7885326981022706,0
video691.webm,0.8053950837368139,0
video6995.webm,0.7912062690240278,0
video7062.webm,0.7849108955965789,0
video7171.webm,0.8232123602841417,0
video7282.webm,0.7751169013176628,0
video822.webm,0.7980379727491513,0
video8223.webm,0.7941119167969586,0
video8232.webm,0.7735616702368437,0
video8237.webm,0.7878300765564362,0
video8242.webm,0.7906976593059762,0
video8244.webm,0.7785608355536178,0
video8248.webm,0.8096754956423811,0
video8250.webm,0.8153844807053632,0
video8255.webm,0.7507333267298772,0
video8257.webm,0.8031210081304013,0
video8258.webm,0.7834319859125854,0
video826.webm,0.791013870423638,0
video8262.webm,0.8109652136675173,0
video8264.webm,0.7901276671307177,0
video8270.webm,0.7749249283453893,0
video8273.webm,0.771167854627183,0
video8278.webm,0.796564254724376,0
video1500.webm,0.8000526126689037,0
video1501.webm,0.8096046820027555,0
video1512.webm,0.803859785119344,0
video152.webm,0.8042472079245306,0
video1520.webm,0.7750537572629698,0
video1521.webm,0.7995563073339944,0
video1523.webm,0.7977823108748205,0
video1532.webm,0.8021279172087584,0
video1545.webm,0.7519780521860994,0
video1552.webm,0.8158714966248499,0
video1557.webm,0.7702002689369325,0
video1566.webm,0.7864409010499306,0
video1567.webm,0.7928175021727887,0
video1568.webm,0.7876015278278105,0
video1577.webm,0.8166665741007635,0
video1578.webm,0.8008625893327342,0
video1579.webm,0.7991696378138652,0
video1582.webm,0.8233541613326439,0
video1585.webm,0.8039338681822766,0
video1587.webm,0.7820478305183657,0
video1588.webm,0.761758577544376,0
video1589.webm,0.780658285448053,0
video1616.webm,0.7789041137827717,0
video1617.webm,0.7719332395225258,0
video1620.webm,0.807626680699671,0
video1621.webm,0.7582873314945643,0
video1622.webm,0.8034230469383008,0
video1623.webm,0.8086626916052065,0
video1624.webm,0.7643256792965007,0
video1626.webm,0.76086931630259,0
video1635.webm,0.7789316307096564,0
video1641.webm,0.7999849536113229,0
video1650.webm,0.7654418397553971,0
video1651.webm,0.7651707799858862,0
video6355.webm,0.7919954588514051,0
video6360.webm,0.7935838227548301,0
video6364.webm,0.7771594198376013,0
video6365.webm,0.7722521157054038,0
video6367.webm,0.7884128950079418,0
video6369.webm,0.8003366248332556,0
video637.webm,0.7771139739743264,0
video6371.webm,0.7951132022408975,0
video6372.webm,0.8047669117603101,0
video6374.webm,0.7973244812491049,0
video6375.webm,0.8073119828950216,0
video6383.webm,0.802678154737101,0
video6384.webm,0.7918165034134166,0
video6389.webm,0.7840801056192186,0
video6394.webm,0.7932015710833085,0
video64.webm,0.7853909084622299,0
video6405.webm,0.7840674588926253,0
video2995.webm,0.7683089329332174,0
video3008.webm,0.7940333792168935,0
video3011.webm,0.7929730709051737,0
video3013.webm,0.7861231593110791,0
video3016.webm,0.7887510726146607,0
video3017.webm,0.7779344729626991,0
video3027.webm,0.8146986667792425,0
video3033.webm,0.8081560309169084,0
video3034.webm,0.8155775847493131,0
video3038.webm,0.7599540335255776,0
video3045.webm,0.8060559672452162,0
video3052.webm,0.802912903784598,0
video3064.webm,0.7921826535875441,0
video307.webm,0.8052943269609703,0
video3070.webm,0.8092472160653199,0
video3071.webm,0.79088884802192,0
video3075.webm,0.8193297525717322,0
video5844.webm,0.7919289815238624,0
video5847.webm,0.795606110285216,0
video5855.webm,0.7975655622665826,0
video5857.webm,0.78659894249697,0
video5858.webm,0.7893712579123552,0
video5868.webm,0.7782723557281405,0
video5870.webm,0.7796244317070883,0
video5878.webm,0.7810126577129753,0
video588.webm,0.8095714094537829,0
video5882.webm,0.8014329884247002,0
video5885.webm,0.7766441951279381,0
video5894.webm,0.7982411629961579,0
video59.webm,0.7993202939405761,0
video5905.webm,0.8002629653273374,0
video5908.webm,0.8019770001318797,0
video5915.webm,0.7933824560490819,0
video5916.webm,0.7890725011287761,0
video4093.webm,0.7706312969451927,0
video4096.webm,0.8063483016718213,0
video4102.webm,0.8215173116079494,0
video4105.webm,0.788151146599811,0
video4112.webm,0.7927335520981763,0
video4114.webm,0.8071168500693999,0
video4115.webm,0.7891294119738628,0
video4126.webm,0.7977710174548601,0
video4127.webm,0.7668785199286279,0
video4132.webm,0.805238180161242,0
video4133.webm,0.7971579405904408,0
video4134.webm,0.7817474666424622,0
video4137.webm,0.7929732620473473,0
video414.webm,0.8050378819603066,0
video4146.webm,0.7931512001980927,0
video415.webm,0.7921680769575118,0
video4151.webm,0.8120692055082608,0
video2401.webm,0.7774914191154289,0
video2407.webm,0.779796071146274,0
video2409.webm,0.8083054007228535,0
video2415.webm,0.8243459521770681,0
video2416.webm,0.779237528905194,0
video2417.webm,0.7678551596400934,0
video242.webm,0.7782310251583271,0
video2427.webm,0.8058994520739257,0
video2428.webm,0.8313038459799892,0
video2439.webm,0.7810856700887646,0
video2442.webm,0.8051157410591291,0
video2451.webm,0.7490379450490894,0
video2452.webm,0.8251441973197781,0
video246.webm,0.7847962964338302,0
video2462.webm,0.7882031592699551,0
video2465.webm,0.787713232357444,0
video2468.webm,0.805369181237777,0
video8523.webm,0.7960278305481219,0
video8527.webm,0.757637805936662,0
video8528.webm,0.8329211230536335,0
video8533.webm,0.7841270831258598,0
video8534.webm,0.7749206898141313,0
video8536.webm,0.7929231249382864,0
video8537.webm,0.7849828326118229,0
video8539.webm,0.7873040829951886,0
video854.webm,0.8010441799374748,0
video8540.webm,0.8172680407328161,0
video8541.webm,0.7818015243841641,0
video8548.webm,0.7880311002691752,0
video8555.webm,0.8075584933159718,0
video8559.webm,0.8067701885133874,0
video856.webm,0.7817520610560673,0
video8564.webm,0.7898423374960826,0
video8567.webm,0.7939274442664979,0
video8569.webm,0.8165845148441199,0
video8570.webm,0.8018941657350207,0
video8571.webm,0.7876472163464584,0
video8574.webm,0.7838223727052881,0
video8589.webm,0.7898705554432495,0
video8599.webm,0.7973927955095708,0
video8608.webm,0.7761559268542116,0
video8610.webm,0.7983500608900685,0
video8612.webm,0.8031413519687,0
video8617.webm,0.7979714329863384,0
video8620.webm,0.7968075298086694,0
video8626.webm,0.7890886092392433,0
video8627.webm,0.80011532039584,0
video863.webm,0.7925923076826475,0
video8634.webm,0.7887293640381415,0
video8639.webm,0.7791268952345594,0
video8645.webm,0.8207994916139204,0
video8651.webm,0.7832711998733801,0
video4888.webm,0.7584431531539633,0
video4889.webm,0.7956451392447609,0
video4895.webm,0.8046675510531671,0
video4898.webm,0.7693181919389094,0
video4899.webm,0.7645187029868886,0
video490.webm,0.7998015261249486,0
video4905.webm,0.8002866632766982,0
video4908.webm,0.8163812290062696,0
video4913.webm,0.8064290846293608,0
video4915.webm,0.7907368511569046,0
video4919.webm,0.818572056647546,0
video493.webm,0.8177098479528511,0
video4937.webm,0.8082698581312774,0
video4939.webm,0.7697007375521817,0
video4942.webm,0.7765729872682532,0
video4945.webm,0.8096619292753413,0
video4947.webm,0.7994126375283809,0
video4952.webm,0.7861598767269833,0
video4953.webm,0.8079435677181428,0
video4955.webm,0.7790072095950611,0
video4957.webm,0.8060430993639722,0
video4958.webm,0.7842697554692611,0
video4969.webm,0.8105716624517723,0
video4981.webm,0.7749010910189181,0
video4982.webm,0.8053749315876515,0
video4985.webm,0.7843307515650937,0
video4988.webm,0.786375272756756,0
video5.webm,0.8053993503776167,0
video50.webm,0.7905515190729828,0
video5003.webm,0.7947954256169973,0
video5005.webm,0.7866675464042389,0
video5009.webm,0.7893903252179131,0
video5011.webm,0.7953128249892463,0
video4555.webm,0.7895344895921185,0
video4556.webm,0.8212459661383311,0
video4560.webm,0.7893992855395072,0
video4561.webm,0.7675016822257116,0
video457.webm,0.7666749304704217,0
video4572.webm,0.7843990352072143,0
video4574.webm,0.785651034121413,0
video4579.webm,0.8047046608239431,0
video4584.webm,0.7900045980135193,0
video4586.webm,0.8073661076087673,0
video4588.webm,0.7884902088840566,0
video4589.webm,0.8068482738380693,0
video459.webm,0.8017174651229455,0
video4591.webm,0.7980578287546994,0
video4592.webm,0.78660459268667,0
video4593.webm,0.7980198331263486,0
video4596.webm,0.7944380155587168,0
video7733.webm,0.7983810008111701,0
video7734.webm,0.7957117986632685,0
video7735.webm,0.7726853606657448,0
video774.webm,0.7925365332481102,0
video7744.webm,0.7891207130807194,0
video7747.webm,0.806120947165015,0
video7750.webm,0.7945034669677323,0
video7755.webm,0.8075833466163268,0
video7764.webm,0.7988300613239032,0
video7765.webm,0.7810302242370646,0
video7766.webm,0.8101464792408242,0
video7767.webm,0.8276583973261173,0
video7768.webm,0.7883897854956897,0
video7776.webm,0.7920842521753273,0
video7778.webm,0.8058496651683297,0
video7779.webm,0.7858816848176324,0
video7781.webm,0.7874676969044491,0
video7790.webm,0.7249489997837912,0
video7794.webm,0.7920669188055479,0
video7796.webm,0.7945677390111753,0
video7797.webm,0.7958627079636423,0
video7798.webm,0.8261307153518365,0
video780.webm,0.8106419566741698,0
video7810.webm,0.8051014397622217,0
video7814.webm,0.7998801933019998,0
video7827.webm,0.7940926750976584,0
video7829.webm,0.7975672728654031,0
video7836.webm,0.7977059093438462,0
video784.webm,0.7801104434606161,0
video7843.webm,0.8100091683645269,0
video7845.webm,0.7707314327036913,0
video7847.webm,0.7667371724002232,0
video7850.webm,0.7902006347285617,0
video7855.webm,0.7632624770076719,0
video7857.webm,0.8075980124218594,0
video7859.webm,0.7888387668069443,0
video7860.webm,0.8055980885853186,0
video7864.webm,0.7689671093414083,0
video7866.webm,0.7617441023808047,0
video7870.webm,0.79434059205308,0
video7871.webm,0.7890201061405535,0
video7876.webm,0.7953375168954679,0
video6715.webm,0.7784475888675322,0
video6720.webm,0.7826781150682561,0
video6723.webm,0.8113651431981254,0
video6724.webm,0.7922161218853502,0
video6729.webm,0.8166121361332347,0
video673.webm,0.8004590561244719,0
video6732.webm,0.8016340094391423,0
video6738.webm,0.7798421814796173,0
video6739.webm,0.785441298457187,0
video6744.webm,0.7790135043813049,0
video6750.webm,0.7731926718305698,0
video6758.webm,0.7864372053710786,0
video6761.webm,0.7809910089954792,0
video6768.webm,0.7952802149458122,0
video6770.webm,0.7616793185438324,0
video6774.webm,0.7808806910737561,0
video6775.webm,0.788307387021183,0
video5210.webm,0.7787500466407745,0
video5216.webm,0.7852217438358023,0
video5217.webm,0.7856331785898083,0
video523.webm,0.8232624586235459,0
video5236.webm,0.7986411187644481,0
video5256.webm,0.7603820421609309,0
video526.webm,0.8148251260426267,0
video5261.webm,0.7883056256617507,0
video5267.webm,0.7851230567513707,0
video527.webm,0.7923919558777422,0
video5273.webm,0.803917978080335,0
video5276.webm,0.783245941823195,0
video5277.webm,0.7794529021423074,0
video5278.webm,0.801178509640491,0
video528.webm,0.7824826158258141,0
video5288.webm,0.7520490323234073,0
video5294.webm,0.7916791069706786,0
video5295.webm,0.7987890828485693,0
video5297.webm,0.7907812132087735,0
video5299.webm,0.7976419994538473,0
video5307.webm,0.7615049746091144,0
video5308.webm,0.7995714434930569,0
video5313.webm,0.7568621505552475,0
video5315.webm,0.7832484575812046,0
video5322.webm,0.7819019482909858,0
video5324.webm,0.7977296032293832,0
video5325.webm,0.7886959433248911,0
video5333.webm,0.7872885487562208,0
video5335.webm,0.7766268816890236,0
video5347.webm,0.8014480044337979,0
video2109.webm,0.81119764634174,0
video2110.webm,0.7964023128535069,0
video2113.webm,0.7708994292359377,0
video2123.webm,0.796780033343861,0
video213.webm,0.7763171700554298,0
video2134.webm,0.7978780969538727,0
video2139.webm,0.7999017733190606,0
video2142.webm,0.7882138967447252,0
video2154.webm,0.7851910856501693,0
video2158.webm,0.8009276476948173,0
video2160.webm,0.7974404956223055,0
video2161.webm,0.7892148859891986,0
video2164.webm,0.7812890725438159,0
video2167.webm,0.7971460127487517,0
video2170.webm,0.7985894182270565,0
video2174.webm,0.7822455075458298,0
video219.webm,0.7953942834857296,0
video2194.webm,0.786894727036517,0
video2195.webm,0.794137568617477,0
video2196.webm,0.7953295526155235,0
video2198.webm,0.7867654235171233,0
video2204.webm,0.7956965497878292,0
video2216.webm,0.8114568525748808,0
video2219.webm,0.7838453526480599,0
video8099.webm,0.7949686548357232,0
video810.webm,0.8084994424836969,0
video8106.webm,0.8079254507678244,0
video8107.webm,0.7730323380450598,0
video8116.webm,0.7975824853764237,0
video8117.webm,0.7802077946686664,0
video8119.webm,0.7830091445837118,0
video8125.webm,0.8078143438236207,0
video8129.webm,0.8109179004335342,0
video8130.webm,0.7979299781163393,0
video8133.webm,0.7839156389463733,0
video8135.webm,0.7946689620034825,0
video8139.webm,0.780006370998124,0
video8141.webm,0.7946912238557196,0
video8143.webm,0.7995354094344638,0
video8144.webm,0.7821509053874607,0
video8148.webm,0.7830580071466825,0
video815.webm,0.7863456196328454,0
video8154.webm,0.8155819073216397,0
video8160.webm,0.7687661997722754,0
video8164.webm,0.7850369100136005,0
video8173.webm,0.81952236743531,0
video8176.webm,0.8061130706026028,0
video8177.webm,0.8131100210865861,0
video8183.webm,0.8193872630942155,0
video8203.webm,0.8221739906917704,0
video8204.webm,0.7945632525407795,0
video8212.webm,0.774699180100056,0
video9326.webm,0.8000288393161515,0
video9332.webm,0.797579541686603,0
video9336.webm,0.8136354550122318,0
video9338.webm,0.7980745388695601,0
video9340.webm,0.7972973169315272,0
video9346.webm,0.8032677824374868,0
video935.webm,0.7675226822917357,0
video9351.webm,0.7924427660874866,0
video9352.webm,0.8003345098129729,0
video9355.webm,0.8014466077685604,0
video9363.webm,0.8272632320802761,0
video9364.webm,0.7859447969542094,0
video9378.webm,0.8018438886309348,0
video9383.webm,0.7980830243465207,0
video9384.webm,0.7593016347105199,0
video940.webm,0.7955691737119726,0
video9401.webm,0.8054724696000617,0
video3660.webm,0.7555883932364065,0
video3661.webm,0.782260324844398,0
video3670.webm,0.7643479290827143,0
video3671.webm,0.806304771465631,0
video3674.webm,0.7814880854933229,0
video3678.webm,0.7772582204728831,0
video3681.webm,0.7913378225918011,0
video3684.webm,0.76826813981761,0
video3687.webm,0.7851068558374289,0
video3689.webm,0.8170381553895861,0
video3695.webm,0.8222122285824112,0
video3703.webm,0.7597390306378975,0
video3706.webm,0.7935838478780456,0
video3708.webm,0.775957615551835,0
video3709.webm,0.806093695609766,0
video3716.webm,0.8151388697505496,0
video3722.webm,0.7973763772584999,0
video3725.webm,0.7933884337312543,0
video374.webm,0.8056198397849401,0
video3743.webm,0.8002893184954594,0
video3744.webm,0.7961439476753385,0
video3753.webm,0.8122847055837656,0
video376.webm,0.7579750763998633,0
video3774.webm,0.7897141450211905,0
video3775.webm,0.7934031206847029,0
video3781.webm,0.7662000030752263,0
video3782.webm,0.7780787341079374,0
video3796.webm,0.788883696768877,0
video380.webm,0.8014332785176563,0
video3805.webm,0.7965136662926414,0
video3806.webm,0.7667441090442079,0
video3808.webm,0.7919829571546343,0
video3823.webm,0.8173542320997198,0
video3826.webm,0.8088069937227035,0
video3827.webm,0.7862333652561081,0
video383.webm,0.7949554369050286,0
video3830.webm,0.8225218801761963,0
video3841.webm,0.7881255911099064,0
video3848.webm,0.802256504926335,0
video3856.webm,0.7820650713484953,0
video3865.webm,0.7542294391848832,0
video3870.webm,0.7662090178297427,0
video3875.webm,0.8045327096153562,0
video6997.webm,0.8045270030455328,0
video7.webm,0.7826978613293684,0
video70.webm,0.8066451626331064,0
video700.webm,0.7918825060555054,0
video7000.webm,0.7975647720932163,0
video7014.webm,0.8012113883752406,0
video7019.webm,0.8115949436749117,0
video702.webm,0.8184618898240472,0
video7020.webm,0.8065298793457927,0
video7032.webm,0.804101446703894,0
video7035.webm,0.796891261287663,0
video7036.webm,0.7952917984413671,0
video7039.webm,0.8163803631527734,0
video7049.webm,0.7933021950063643,0
video7053.webm,0.8023943454763918,0
video7054.webm,0.8069521835660194,0
video7055.webm,0.8200427661776198,0
video706.webm,0.8105317939301431,0
video7068.webm,0.7900128942063328,0
video707.webm,0.7924887088799375,0
video7075.webm,0.7943922012481182,0
video7076.webm,0.7729026047743005,0
video7092.webm,0.7918473184450061,0
video71.webm,0.7687656167331325,0
video710.webm,0.79200805841342,0
video7107.webm,0.813643608443583,0
video7111.webm,0.8194041866488435,0
video7120.webm,0.8043430266530459,0
video7123.webm,0.7944385742965834,0
video7124.webm,0.8039586319109784,0
video7130.webm,0.7824775012439793,0
video7137.webm,0.8068424772296314,0
video7139.webm,0.816802346174989,0
video714.webm,0.7757710029859399,0
video7158.webm,0.7821355972511016,0
video7169.webm,0.7988845105709069,0
video3494.webm,0.8122370631343643,0
video350.webm,0.7974167646560503,0
video3502.webm,0.7985907405656661,0
video3514.webm,0.7942520003860407,0
video3520.webm,0.8078290261425453,0
video3521.webm,0.7963299163261134,0
video3522.webm,0.7934822706763991,0
video3531.webm,0.768241392390809,0
video3541.webm,0.7891085544751658,0
video3542.webm,0.7908682286395973,0
video3544.webm,0.7882500203826398,0
video3548.webm,0.8113641325039993,0
video3549.webm,0.7956896255104575,0
video3550.webm,0.7907157020497084,0
video3552.webm,0.7706693530535735,0
video3559.webm,0.7672419534109594,0
video3562.webm,0.7908342489094304,0
video3565.webm,0.8174930118866265,0
video3566.webm,0.7968840335128793,0
video3568.webm,0.7734202554196902,0
video3573.webm,0.7816591130721343,0
video3581.webm,0.8034499581240722,0
video3586.webm,0.7974238297129321,0
video3587.webm,0.8077136901405543,0
video3589.webm,0.8022874863236586,0
video2795.webm,0.8137060191415549,0
video2806.webm,0.7823659732685977,0
video2810.webm,0.7817767107250555,0
video2814.webm,0.797466235328867,0
video2815.webm,0.7615227026645363,0
video2818.webm,0.8081736277353306,0
video2820.webm,0.8066744176973303,0
video2822.webm,0.8114131436094032,0
video2824.webm,0.8091612105662576,0
video2837.webm,0.8204152154639286,0
video2842.webm,0.8081756327125552,0
video2847.webm,0.7866490887962139,0
video285.webm,0.8271731230335111,0
video2851.webm,0.8084608818612133,0
video2852.webm,0.7912575081206168,0
video2854.webm,0.7577137832242717,0
video2856.webm,0.7576253258843079,0
video2858.webm,0.7516159225062209,0
video286.webm,0.7638127038699122,0
video2864.webm,0.7905610714749023,0
video2870.webm,0.7994758077723003,0
video2872.webm,0.7966260783309959,0
video9865.webm,0.7788985557860245,0
video9866.webm,0.8135283943078042,0
video9867.webm,0.8171938015406573,0
video9868.webm,0.7872754439814262,0
video9869.webm,0.7903613564817865,0
video987.webm,0.8062215486291893,0
video9880.webm,0.7830286732903419,0
video9882.webm,0.7810269167070031,0
video9886.webm,0.8090957561097494,0
video9887.webm,0.7892957324434708,0
video989.webm,0.7827358488714201,0
video9899.webm,0.7912966581940142,0
video99.webm,0.7854581877964686,0
video9902.webm,0.7958835432261342,0
video9910.webm,0.7947065776469944,0
video9911.webm,0.8143908614912763,0
video9912.webm,0.8013685078235221,0
video9916.webm,0.8099491161883315,0
video9919.webm,0.7556653254304021,0
video9921.webm,0.7895311107533758,0
video9922.webm,0.792579527043113,0
video9924.webm,0.7999321951551401,0
video9933.webm,0.783920923242162,0
video9934.webm,0.7948356137903777,0
video9937.webm,0.7831401911156544,0
video9941.webm,0.8007713826954276,0
video9947.webm,0.7712612484726828,0
video9953.webm,0.8031943961901218,0
video9955.webm,0.7977539119062351,0
video996.webm,0.7719624110631378,0
video9962.webm,0.7774714053681953,0
video9973.webm,0.7992939150058215,0
video9978.webm,0.7648651631078441,0
video9979.webm,0.7868772731325215,0
video5923.webm,0.8045473749736456,0
video5928.webm,0.7712098691728524,0
video5933.webm,0.7871660722307007,0
video5946.webm,0.8020196220123943,0
video595.webm,0.8050390877984308,0
video596.webm,0.7724917428515998,0
video597.webm,0.8043804629396621,0
video5971.webm,0.8035207238223036,0
video5973.webm,0.7987092177879259,0
video5982.webm,0.7773843435727513,0
video5983.webm,0.8311117817172631,0
video5985.webm,0.7565733258733106,0
video5987.webm,0.8208742014724594,0
video5988.webm,0.7995601310500751,0
video5996.webm,0.8030443985809628,0
video5997.webm,0.7941859486604202,0
video5999.webm,0.8211311891756918,0
video601.webm,0.7939595376364379,0
video6014.webm,0.7926023860350431,0
video6020.webm,0.777329027606434,0
video6023.webm,0.8333866323360746,0
video6025.webm,0.7941273334229954,0
video6029.webm,0.7930808141142521,0
video6035.webm,0.7959704640668768,0
video6045.webm,0.7961066513748905,0
video6046.webm,0.813139947208295,0
video6053.webm,0.7967394958212562,0
video6066.webm,0.7936636155881683,0
video6070.webm,0.7558279834889661,0
video6078.webm,0.8052569350311244,0
video6082.webm,0.7897802580632317,0
video6083.webm,0.7792463718089163,0
video6085.webm,0.7877108341531062,0
video6090.webm,0.7678295511316885,0
video6101.webm,0.7975751937709621,0
video6108.webm,0.8153760686569427,0
video6113.webm,0.7760338455712521,0
video6118.webm,0.7748096477411461,0
video2487.webm,0.7651559634992741,0
video2493.webm,0.7978140587667026,0
video2503.webm,0.8162669380570275,0
video2504.webm,0.7904113266172722,0
video2506.webm,0.7746509387645274,0
video2510.webm,0.7893689761385361,0
video2511.webm,0.802645653329958,0
video2518.webm,0.8007904955994789,0
video252.webm,0.7762817163724189,0
video2521.webm,0.7661802704418136,0
video2522.webm,0.7838505873771807,0
video2526.webm,0.8059634231067903,0
video2534.webm,0.8052311327001213,0
video2537.webm,0.7980282916915667,0
video2544.webm,0.8024405990482205,0
video2560.webm,0.7820753294398186,0
video2563.webm,0.8001717432059405,0
video2565.webm,0.8061101541503375,0
video2572.webm,0.7789338420981338,0
video2577.webm,0.780046130753543,0
video2578.webm,0.7965768088264168,0
video2579.webm,0.7893044545251343,0
video2590.webm,0.7893777746128887,0
video2595.webm,0.7751577369450808,0
video2606.webm,0.7836511642605644,0
video2611.webm,0.7758297017109924,0
video2612.webm,0.7781763955355002,0
video2617.webm,0.7853567438608648,0
video262.webm,0.798149089372619,0
video2624.webm,0.782253330184908,0
video2626.webm,0.7842281701275116,0
video263.webm,0.820137942118524,0
video4167.webm,0.7946986712224547,0
video4176.webm,0.7700010334383253,0
video4177.webm,0.7892533699111778,0
video4181.webm,0.7943481443272951,0
video4188.webm,0.7794415079185236,0
video4197.webm,0.8026559304020823,0
video4199.webm,0.7875343903089609,0
video42.webm,0.8041495611997719,0
video420.webm,0.776889252638933,0
video4201.webm,0.8050581611224692,0
video4215.webm,0.788263461852144,0
video422.webm,0.7829619648523723,0
video4221.webm,0.7982476507933264,0
video4222.webm,0.7911483137704229,0
video4225.webm,0.7979285063076362,0
video4232.webm,0.7703535771985975,0
video4234.webm,0.8034713267267077,0
video4244.webm,0.7844935763466401,0
video4253.webm,0.7904441340181376,0
video4259.webm,0.7650638799309013,0
video426.webm,0.7961223378371112,0
video4267.webm,0.7956586560775565,0
video4268.webm,0.8231921233406679,0
video427.webm,0.7749395541935094,0
video4270.webm,0.8106441962791259,0
video4271.webm,0.813007402989498,0
video4289.webm,0.8145668594307934,0
video429.webm,0.8216883515070877,0
video4290.webm,0.800795836653781,0
video4300.webm,0.776652531529368,0
video4301.webm,0.7629164705069923,0
video4304.webm,0.7864691323760757,0
video4311.webm,0.8132701721456986,0
video4313.webm,0.7670304132007769,0
video4317.webm,0.7981070919928261,0
video432.webm,0.7987024199407458,0
video4320.webm,0.7761831583512545,0
video4326.webm,0.7970997278334728,0
video4330.webm,0.8165625482486027,0
video4333.webm,0.7726524593113826,0
video3948.webm,0.7649629948157332,0
video3950.webm,0.8024480227092088,0
video3951.webm,0.7856212427121633,0
video3954.webm,0.8013053488844133,0
video3958.webm,0.7876983005379781,0
video3959.webm,0.7854564582974602,0
video3963.webm,0.7895178568030323,0
video3966.webm,0.7801070870585592,0
video397.webm,0.8153212743007645,0
video3973.webm,0.7844476448420982,0
video3978.webm,0.7976174610593036,0
video3987.webm,0.7812443204968387,0
video3990.webm,0.8035515115162932,0
video3992.webm,0.7808788592052468,0
video3996.webm,0.7799963619345419,0
video3998.webm,0.8142645063911961,0
video3999.webm,0.7814090890455813,0
video8285.webm,0.7738227026739772,0
video8298.webm,0.8003229238392963,0
video8302.webm,0.8124130203009015,0
video8307.webm,0.7680185616242765,0
video8312.webm,0.7919754280115796,0
video8315.webm,0.8018032739531571,0
video832.webm,0.8111223148193693,0
video8320.webm,0.7918624233752581,0
video8321.webm,0.799513507012545,0
video8332.webm,0.803393069207706,0
video8340.webm,0.8003305761434619,0
video8342.webm,0.792231006161913,0
video8343.webm,0.7722583581335192,0
video836.webm,0.7949264988242462,0
video8362.webm,0.7973435916291517,0
video8370.webm,0.7992574268133145,0
video8372.webm,0.7719239432761311,0
video8373.webm,0.7900607885255673,0
video8376.webm,0.7865868261086539,0
video8388.webm,0.8011306095293278,0
video8391.webm,0.7881990797303212,0
video8392.webm,0.7905044980490865,0
video8393.webm,0.7784731281376306,0
video8404.webm,0.8024444951889805,0
video8408.webm,0.7769105241545626,0
video841.webm,0.8012681965680997,0
video8411.webm,0.7831154522982581,0
video8412.webm,0.7861545757238739,0
video8413.webm,0.8082399448174212,0
video8416.webm,0.7777870760002249,0
video8417.webm,0.8124282519315125,0
video8418.webm,0.8062196567419067,0
video8419.webm,0.8246233916250564,0
video8424.webm,0.8066331935558261,0
video8431.webm,0.8219498383414827,0
video5463.webm,0.804055692015577,0
video5464.webm,0.7564340685503929,0
video5468.webm,0.8038472758381456,0
video5469.webm,0.8146126178828288,0
video5471.webm,0.8033278476265386,0
video5473.webm,0.78152276103314,0
video5475.webm,0.7873026315533137,0
video5485.webm,0.7678978633125438,0
video5492.webm,0.7712351045839622,0
video5493.webm,0.7798485802659884,0
video5499.webm,0.7824453965912853,0
video551.webm,0.7742153719104317,0
video5515.webm,0.7983062187436406,0
video5517.webm,0.8020151089645905,0
video5523.webm,0.8164856052857064,0
video5527.webm,0.7650982346102946,0
video5529.webm,0.7919417677533311,0
video5531.webm,0.8053648194933702,0
video5532.webm,0.7985431354649997,0
video5534.webm,0.7705855431898766,0
video5537.webm,0.8012158949721764,0
video5540.webm,0.8045499678755452,0
video5549.webm,0.7937977549401687,0
video5556.webm,0.777024354005237,0
video5557.webm,0.8333240386221517,0
video5558.webm,0.7837026084822282,0
video5572.webm,0.7904743858392015,0
video5574.webm,0.7636977177029782,0
video5583.webm,0.7647948198327873,0
video5586.webm,0.7944652324866253,0
video7464.webm,0.813251887581262,0
video7645.webm,0.7532836268410763,0
video7730.webm,0.7847315563018479,0
video7791.webm,0.7843503375561718,0
video7877.webm,0.7907156057274511,0
video7966.webm,0.7816974194258814,0
video8094.webm,0.7876312136970662,0
video8213.webm,0.7905207399954439,0
video8281.webm,0.8068755090058256,0
video8432.webm,0.796404207779806,0
video8519.webm,0.7765937181668395,0
video8656.webm,0.8048482601009702,0
video873.webm,0.7768302081253355,0
video8839.webm,0.7635470992324884,0
video8901.webm,0.7742284651611818,0
video8971.webm,0.8045885309579033,0
video9043.webm,0.7950026486594096,0
video9124.webm,0.8069393585104072,0
video9233.webm,0.7827162258025679,0
video9325.webm,0.7628604135321457,0
video9410.webm,0.7731941842229954,0
video9580.webm,0.8008477863529985,0
video9697.webm,0.8197022057070233,0
video9775.webm,0.7656002060984651,0
video9863.webm,0.7997098090058968,0
video320.webm,0.7766854764007465,0
video3203.webm,0.7841053194966854,0
video3209.webm,0.791966183157531,0
video3210.webm,0.8050724366590281,0
video3219.webm,0.7991456057869265,0
video3222.webm,0.7950762985361751,0
video3226.webm,0.7959817675157549,0
video3228.webm,0.7761680769355754,0
video3229.webm,0.8115056534633133,0
video3233.webm,0.7885822896646024,0
video3234.webm,0.7892388310212416,0
video3240.webm,0.8178105466322986,0
video3241.webm,0.7953569603856611,0
video3253.webm,0.7927778475966588,0
video3257.webm,0.7595017248205154,0
video3260.webm,0.7882506766818164,0
video3267.webm,0.8241554030886982,0
video3272.webm,0.7869762155519231,0
video3083.webm,0.7712272575275341,0
video3085.webm,0.8031786396308196,0
video3088.webm,0.7817962270734095,0
video309.webm,0.8070673586245928,0
video3108.webm,0.807825366390251,0
video3110.webm,0.8140817327291352,0
video3115.webm,0.7785164875265969,0
video312.webm,0.7902169952014444,0
video314.webm,0.8123344993406163,0
video3140.webm,0.7930462145390473,0
video3141.webm,0.806801865143547,0
video3143.webm,0.784929726083049,0
video3148.webm,0.7978982542982809,0
video3156.webm,0.8280187689883025,0
video3157.webm,0.7889422866728817,0
video3164.webm,0.7633215906287394,0
video3166.webm,0.8002320154483702,0
video3170.webm,0.7959969393764496,0
video3174.webm,0.8186779682746776,0
video1140.webm,0.8028002245234777,0
video1141.webm,0.7929123888333988,0
video1142.webm,0.7717223696702693,0
video1151.webm,0.7680284882236236,0
video1155.webm,0.8003111330368461,0
video1157.webm,0.7970404029880825,0
video1158.webm,0.8058384663233996,0
video116.webm,0.7842988589636547,0
video1169.webm,0.7901966487092484,0
video117.webm,0.7717575888092293,0
video1172.webm,0.7745536172793169,0
video1179.webm,0.7861603315047551,0
video118.webm,0.7858972777070387,0
video1180.webm,0.7957534268731489,0
video1187.webm,0.795505690422562,0
video1206.webm,0.7813325425274591,0
video1209.webm,0.7635583086717754,0
video1218.webm,0.8104444894908452,0
video1226.webm,0.7596727953847828,0
video1227.webm,0.7952179419800518,0
video1232.webm,0.8051914018445689,0
video1237.webm,0.7987172012418412,0
video1240.webm,0.7921389809155264,0
video3274.webm,0.8167431629621769,0
video3349.webm,0.8052662005678171,0
video3424.webm,0.7955645509296011,0
video3486.webm,0.7820616001833134,0
video3594.webm,0.787844983329934,0
video3658.webm,0.8018167969619716,0
video3729.webm,0.780421453292549,0
video3876.webm,0.7814537806186803,0
video3947.webm,0.8120682930930465,0
video4001.webm,0.8006540937181231,0
video4090.webm,0.785127591605491,0
video4166.webm,0.7944422742868565,0
video4248.webm,0.7877478855783596,0
video4346.webm,0.7982160835485229,0
video4426.webm,0.7961845088376374,0
video4551.webm,0.7913907910484392,0
video4600.webm,0.7706988829309582,0
video468.webm,0.7664347510682461,0
video4755.webm,0.7961186911122543,0
video4887.webm,0.7833649779634198,0
video5014.webm,0.7797743911116157,0
video3198.webm,0.7645328318070053,0
video5094.webm,0.7995945888763213,0
video7384.webm,0.7923809105001708,0
video6222.webm,0.7831092938015901,0
video6223.webm,0.7607581822237537,0
video6226.webm,0.7736824066729867,0
video6228.webm,0.8138584497997475,0
video6229.webm,0.7832986479753205,0
video6238.webm,0.79973315333991,0
video6241.webm,0.8157400472016929,0
video6242.webm,0.759380140627306,0
video6249.webm,0.7850445893111665,0
video6251.webm,0.7682419534019302,0
video6253.webm,0.799517302272321,0
video6259.webm,0.8068630361217063,0
video6263.webm,0.8027155160696736,0
video6267.webm,0.8136822283980075,0
video6273.webm,0.7937157237442405,0
video6274.webm,0.7682868913328634,0
video6282.webm,0.7743370366907016,0
video6283.webm,0.8315140689370615,0
video6287.webm,0.8024255040403852,0
video6292.webm,0.7945225916154188,0
video630.webm,0.7823899205122771,0
video6300.webm,0.7605580529364921,0
video6301.webm,0.7956968183928181,0
video6302.webm,0.8155676644947467,0
video6308.webm,0.7915543277881663,0
video6314.webm,0.7983187746540881,0
video6327.webm,0.8173619156517951,0
video6334.webm,0.8070280844865966,0
video6341.webm,0.7902116338652114,0
video6414.webm,0.7821307466276849,0
video6417.webm,0.7980087176329402,0
video6424.webm,0.8032706919571196,0
video6428.webm,0.7678980787742089,0
video6430.webm,0.7967867486448889,0
video6435.webm,0.7667288404517928,0
video6443.webm,0.7721445592754291,0
video6445.webm,0.8037411906866715,0
video6449.webm,0.7946316635992982,0
video645.webm,0.798540436333003,0
video6451.webm,0.7955637135095504,0
video6455.webm,0.7835033769327001,0
video6459.webm,0.771512068738399,0
video6464.webm,0.7789839969606432,0
video6468.webm,0.8050920092493127,0
video6469.webm,0.7809357220449417,0
video6471.webm,0.789064854539776,0
video6472.webm,0.7958221588946867,0
video6482.webm,0.8018953239824054,0
video6487.webm,0.809970132134258,0
video6490.webm,0.812209920311795,0
video6495.webm,0.792581455729779,0
video6497.webm,0.7541611008310645,0
video6500.webm,0.8020249428127635,0
video6511.webm,0.7970541367309885,0
video6513.webm,0.79748131263308,0
video6514.webm,0.8035763392950405,0
video6520.webm,0.7903340930161924,0
video6522.webm,0.7939489844367172,0
video6529.webm,0.8020729873821374,0
video7467.webm,0.8167137031482937,0
video7476.webm,0.7872630149560415,0
video748.webm,0.8093344856382895,0
video7482.webm,0.77712350693046,0
video7484.webm,0.7749264881869978,0
video7487.webm,0.826597526452627,0
video7490.webm,0.8116295250417757,0
video7501.webm,0.790636556773772,0
video7509.webm,0.8043985403909778,0
video7512.webm,0.790261453145962,0
video7514.webm,0.7897279000113114,0
video7529.webm,0.8020997980426302,0
video7537.webm,0.7884770897901987,0
video7547.webm,0.805324251723803,0
video7551.webm,0.7656224827491831,0
video7553.webm,0.7775837988031168,0
video7557.webm,0.7893239598885085,0
video7559.webm,0.7972074827378709,0
video756.webm,0.8220120068918426,0
video7561.webm,0.8051149494040951,0
video7564.webm,0.7769125746911838,0
video7570.webm,0.7830077220157745,0
video7577.webm,0.8123929649841939,0
video7583.webm,0.8228177465611443,0
video7586.webm,0.7872661939915913,0
video7594.webm,0.7996995405451137,0
video7595.webm,0.8153870367753135,0
video7601.webm,0.8092286156787686,0
video7620.webm,0.7951655631911102,0
video7622.webm,0.7931371271057674,0
video7623.webm,0.813226120447671,0
video7630.webm,0.8119895177558905,0
video7639.webm,0.7925926965665426,0
video8662.webm,0.7889390147618867,0
video8666.webm,0.8076905914080678,0
video8675.webm,0.7965689149626314,0
video8681.webm,0.790141624656323,0
video8682.webm,0.8047499284272652,0
video8686.webm,0.7816123904172305,0
video8688.webm,0.7916889225474856,0
video8690.webm,0.8020006427152205,0
video8697.webm,0.8241238196601649,0
video8699.webm,0.7823806779806226,0
video8703.webm,0.7987277914701387,0
video8706.webm,0.7919301769252551,0
video8707.webm,0.8015149840500968,0
video8712.webm,0.815669309523212,0
video8715.webm,0.8010942935979763,0
video8716.webm,0.7884076866917739,0
video8721.webm,0.7931926536796438,0
video8728.webm,0.7783175110222553,0
video9046.webm,0.8040237114076649,0
video9049.webm,0.8085572785725912,0
video9051.webm,0.7582649618832727,0
video9054.webm,0.7873198703201836,0
video9062.webm,0.7843019770608181,0
video9077.webm,0.79808649476178,0
video9080.webm,0.8107806339015428,0
video9081.webm,0.8036472598041933,0
video9085.webm,0.8107493142210956,0
video9087.webm,0.7870419790628049,0
video9099.webm,0.7924486823618169,0
video91.webm,0.792497939397314,0
video910.webm,0.7897589140492459,0
video9104.webm,0.7999360001485676,0
video911.webm,0.7809928870920763,0
video9111.webm,0.7632682377139733,0
video9122.webm,0.7881621960359962,0
video8737.webm,0.7767614869088676,0
video8745.webm,0.8024483093468641,0
video8747.webm,0.7928815839579687,0
video875.webm,0.7758581305282763,0
video876.webm,0.7821213037700351,0
video8761.webm,0.813878051065613,0
video8767.webm,0.7853356213212096,0
video8769.webm,0.7961922221239351,0
video8773.webm,0.7988930623425758,0
video8777.webm,0.7898768855358219,0
video8787.webm,0.8064942015599027,0
video8793.webm,0.7982350680512029,0
video8798.webm,0.7622897688404328,0
video8801.webm,0.7884726762591349,0
video8809.webm,0.7910922107349909,0
video8812.webm,0.8241187629279539,0
video882.webm,0.7919504190838299,0
video8823.webm,0.7635048154418108,0
video8824.webm,0.7744759398376573,0
video8831.webm,0.7785377516985571,0
video8832.webm,0.8105165982914954,0
video8836.webm,0.810064097785317,0
video570.webm,0.8108405647215063,0
video5708.webm,0.7524536812695858,0
video5714.webm,0.782975828261784,0
video572.webm,0.7768516646676024,0
video5726.webm,0.7956922765902,0
video5727.webm,0.7709904747977234,0
video5728.webm,0.7915930094497711,0
video5732.webm,0.8137186405330284,0
video5735.webm,0.757692741869469,0
video5738.webm,0.7827392489169593,0
video5741.webm,0.8004180475197801,0
video5744.webm,0.7661920764339254,0
video5749.webm,0.8087675030434945,0
video575.webm,0.8002707633609107,0
video5752.webm,0.7983269873693752,0
video5774.webm,0.7861025322825032,0
video5782.webm,0.789851072854344,0
video5787.webm,0.7853823619243626,0
video5789.webm,0.7631064331428665,0
video5792.webm,0.7871918995818284,0
video5795.webm,0.7889505710073557,0
video5796.webm,0.8006160692981034,0
video5798.webm,0.794724455507494,0
video5803.webm,0.8129627525393636,0
video5814.webm,0.7757838828716104,0
video5820.webm,0.8116736000935663,0
video5827.webm,0.8093959470974755,0
video5830.webm,0.7906213051842906,0
video5834.webm,0.8131999253445146,0
video5836.webm,0.7886669874243617,0
video8975.webm,0.8093347078334333,0
video8982.webm,0.7899907030002145,0
video8991.webm,0.7751067064376045,0
video8993.webm,0.7724970766386868,0
video8996.webm,0.784264176678634,0
video9.webm,0.7779196873851483,0
video9002.webm,0.7699893864140249,0
video9015.webm,0.7958581675607062,0
video9019.webm,0.7956198248551034,0
video9021.webm,0.7783507347261484,0
video9023.webm,0.8207252401379898,0
video9024.webm,0.805010105462815,0
video9029.webm,0.7990651547705302,0
video903.webm,0.8028745783823512,0
video9030.webm,0.7887837986365669,0
video9036.webm,0.8323239970357996,0
video904.webm,0.7994618184994241,0
video9040.webm,0.8046347009383757,0
video1659.webm,0.7940007818451835,0
video1666.webm,0.7979466059843049,0
video1668.webm,0.8084825192959649,0
video1671.webm,0.804318750967409,0
video169.webm,0.7727722305862437,0
video1692.webm,0.7996544740022389,0
video1706.webm,0.7717390003194798,0
video1710.webm,0.785912096810577,0
video1712.webm,0.7985636275689927,0
video1713.webm,0.7676234786614698,0
video1720.webm,0.7794930406092965,0
video1723.webm,0.7808747023063701,0
video1726.webm,0.7817411524950036,0
video1728.webm,0.8089659283235603,0
video174.webm,0.7891642583433339,0
video1752.webm,0.7896775460862185,0
video1754.webm,0.8086870202016883,0
video1775.webm,0.7986022090003688,0
video1776.webm,0.7732473034250475,0
video1783.webm,0.7771260555093567,0
video1787.webm,0.7647392541049035,0
video1788.webm,0.7783186756389642,0
video1791.webm,0.7887857544624822,0
video1792.webm,0.7650641021295516,0
video1796.webm,0.7951644917311381,0
video1798.webm,0.796600651969474,0
video1808.webm,0.7765566428714565,0
video181.webm,0.7895346201558338,0
video1816.webm,0.8047107041016401,0
video1820.webm,0.7595977262779833,0
video1831.webm,0.7898692475865227,0
video1836.webm,0.798674423301472,0
video1840.webm,0.8003627805867118,0
video1842.webm,0.7853675183081326,0
video1845.webm,0.7840021686070343,0
video1853.webm,0.7905918720773654,0
video1856.webm,0.7802681965106278,0
video1870.webm,0.7765464571663786,0
video1875.webm,0.8027945359530226,0
video1876.webm,0.7716534506190896,0
video4436.webm,0.7705238585913426,0
video4437.webm,0.7684748897753887,0
video4438.webm,0.7938044213102935,0
video4445.webm,0.7775750253229206,0
video445.webm,0.7918233754848557,0
video4454.webm,0.7812434140826564,0
video4457.webm,0.7903053351018903,0
video4466.webm,0.8020453947265735,0
video4489.webm,0.7896764953841878,0
video4490.webm,0.7927049856675911,0
video450.webm,0.7860107359648941,0
video4502.webm,0.7850867895318023,0
video4509.webm,0.7886004930615598,0
video4514.webm,0.8112319210140027,0
video4517.webm,0.7948786570505174,0
video4521.webm,0.7962553110285328,0
video4532.webm,0.7796414882774565,0
video4535.webm,0.8068518354299304,0
video4541.webm,0.8041543428705348,0
video1318.webm,0.788131795291907,0
video1320.webm,0.7895053853913216,0
video1323.webm,0.801700927677814,0
video1326.webm,0.7879579791730459,0
video1327.webm,0.7867548627711348,0
video1331.webm,0.7904422060175696,0
video1334.webm,0.7768571622881486,0
video1339.webm,0.7708976800162658,0
video134.webm,0.7870666126143061,0
video1344.webm,0.7782168847164159,0
video1349.webm,0.781587298929196,0
video135.webm,0.7648745701244491,0
video1350.webm,0.8037817640064407,0
video1360.webm,0.7948756963428218,0
video1361.webm,0.8048939118125803,0
video1362.webm,0.7938492334721452,0
video1370.webm,0.7860074860524423,0
video1372.webm,0.8052278074657466,0
video1374.webm,0.8158919820776661,0
video1376.webm,0.8138460223034457,0
video1379.webm,0.7798317602119081,0
video1381.webm,0.7970606159163968,0
video1384.webm,0.7908800641802844,0
video6787.webm,0.8039585019533777,0
video6805.webm,0.7908094581625903,0
video6818.webm,0.7982614829466042,0
video6821.webm,0.7962113101779875,0
video6824.webm,0.7692509501707325,0
video6827.webm,0.819369747275967,0
video6835.webm,0.8031359397543928,0
video6837.webm,0.7752366883617458,0
video6838.webm,0.7729527703860603,0
video6840.webm,0.8032641617761469,0
video6843.webm,0.7800342999716731,0
video6848.webm,0.7983384317734062,0
video685.webm,0.7996015241406818,0
video6855.webm,0.7593856989503026,0
video6857.webm,0.7806719486333071,0
video6867.webm,0.7939475852110899,0
video6868.webm,0.7602719598130027,0
video6874.webm,0.8086326789363945,0
video6881.webm,0.8200450282001159,0
video6884.webm,0.7874501400940279,0
video6892.webm,0.7933357140513948,0
video6902.webm,0.8085969610333351,0
video6906.webm,0.7903880393820297,0
video3279.webm,0.7947612657527844,0
video328.webm,0.7625929770015436,0
video3289.webm,0.7828935115375408,0
video3290.webm,0.7864413529188162,0
video3293.webm,0.7895227717951384,0
video3295.webm,0.7726348224447435,0
video3296.webm,0.7748448402034384,0
video3298.webm,0.833052866523187,0
video3300.webm,0.7957816846328214,0
video3302.webm,0.7963554250922368,0
video3303.webm,0.7929033346854665,0
video3306.webm,0.7944659292119357,0
video3310.webm,0.8150987120752249,0
video3312.webm,0.776350720234915,0
video3320.webm,0.8062481063719265,0
video3326.webm,0.7811293199336632,0
video3332.webm,0.7680708868799933,0
video3336.webm,0.8300155940079237,0
video3337.webm,0.8112918607253765,0
video3342.webm,0.8032890388034777,0
video3345.webm,0.7675228059493924,0
video3347.webm,0.7936419624230362,0
video97.webm,0.8128722286521765,0
video9700.webm,0.8027394104265584,0
video971.webm,0.7890472067266319,0
video9713.webm,0.8136466634359407,0
video9721.webm,0.7739715493293268,0
video9722.webm,0.8087640917376446,0
video9724.webm,0.7909173978668909,0
video9726.webm,0.8008733155968387,0
video9727.webm,0.7975332326144816,0
video9728.webm,0.8076708337978601,0
video973.webm,0.7872565946315137,0
video9734.webm,0.7997545585598692,0
video9735.webm,0.8096878218548902,0
video9750.webm,0.7920854884258623,0
video9759.webm,0.7902219447318928,0
video9761.webm,0.7905326689354658,0
video9763.webm,0.7764797115145747,0
video977.webm,0.8080123066924549,0
video9770.webm,0.7687433798235429,0
video9774.webm,0.7736869303157324,0
video4757.webm,0.7928689278538763,0
video4762.webm,0.7967322302189481,0
video4767.webm,0.8029026743390435,0
video4778.webm,0.7875321264805766,0
video4784.webm,0.7967171649324669,0
video4785.webm,0.7865652456973227,0
video4786.webm,0.8025837882762473,0
video4789.webm,0.7931649059291043,0
video4792.webm,0.787978269925071,0
video4806.webm,0.8100817226724761,0
video482.webm,0.8042755362951797,0
video4847.webm,0.7787217241927379,0
video4849.webm,0.7910957594702603,0
video4856.webm,0.7818789881714354,0
video4859.webm,0.7978600196830895,0
video4861.webm,0.7842729550711798,0
video4875.webm,0.7998500298524992,0
video4880.webm,0.7836564209735178,0
video4883.webm,0.7621856440262681,0
video4603.webm,0.7836163747186288,0
video4608.webm,0.7800204477698012,0
video4616.webm,0.8077034839104763,0
video4624.webm,0.7887051623599377,0
video4633.webm,0.783956173398651,0
video4636.webm,0.7796362204296498,0
video4638.webm,0.7828265357295009,0
video4641.webm,0.8146144503888464,0
video4650.webm,0.8042104112875816,0
video4656.webm,0.8148096067980317,0
video4659.webm,0.7846488717169081,0
video466.webm,0.7826794956172053,0
video4665.webm,0.7955727868298849,0
video4669.webm,0.8002619988940312,0
video4672.webm,0.7599640971501403,0
video4673.webm,0.8052257062521195,0
video4675.webm,0.7857217795368352,0
video4676.webm,0.7890970660884801,0
video9411.webm,0.7708071871913922,0
video9413.webm,0.8031523700969525,0
video9418.webm,0.7781985960552351,0
video9429.webm,0.7977346500278,0
video9436.webm,0.7894217095573021,0
video944.webm,0.7964970501041974,0
video9442.webm,0.8167817044118335,0
video9444.webm,0.8038651933003753,0
video9447.webm,0.7904860837813988,0
video945.webm,0.7841534083322681,0
video9458.webm,0.7820873851362145,0
video9459.webm,0.7909538349155493,0
video946.webm,0.739581534966246,0
video9467.webm,0.7941167426253302,0
video9471.webm,0.7876110859665622,0
video9482.webm,0.8018090226628495,0
video9489.webm,0.8154843785421955,0
video9491.webm,0.7806452436158909,0
video9494.webm,0.792433889747726,0
video9498.webm,0.7847602238273466,0
video950.webm,0.7837476997912913,0
video9514.webm,0.8076146496734136,0
video9520.webm,0.822648824113116,0
video9539.webm,0.7766691178278414,0
video9540.webm,0.7922490374852282,0
video955.webm,0.795243052474651,0
video9563.webm,0.787386719078776,0
video9569.webm,0.7939881004041971,0
video9570.webm,0.8142214314089448,0
video9578.webm,0.8218847427519259,0
video9579.webm,0.7432012323836845,0
video230.webm,0.8006688870115128,0
video2305.webm,0.770013042229479,0
video2307.webm,0.7705352773014842,0
video2313.webm,0.7731828266039809,0
video232.webm,0.794881517587679,0
video2320.webm,0.8069468434050393,0
video2331.webm,0.7847390075568538,0
video2333.webm,0.8384005933854424,0
video2338.webm,0.7949108064850998,0
video2346.webm,0.8045997321726264,0
video235.webm,0.7853824838904455,0
video2350.webm,0.8101275575315202,0
video2366.webm,0.7891328547714522,0
video2368.webm,0.8000878442972279,0
video2371.webm,0.7735270893759014,0
video2378.webm,0.7984100074939515,0
video2384.webm,0.8076814073915157,0
video2390.webm,0.7649569733101741,0
video2392.webm,0.7881870527820328,0
video7968.webm,0.7958130418918592,0
video7971.webm,0.7910393945876272,0
video7974.webm,0.812555700803577,0
video7978.webm,0.7796035981822493,0
video7979.webm,0.7895044025497878,0
video7982.webm,0.7683010734964285,0
video7989.webm,0.8036183057151346,0
video8003.webm,0.7809204413972024,0
video8005.webm,0.8131418252371103,0
video8006.webm,0.7973256124940187,0
video8007.webm,0.7921597984699338,0
video8011.webm,0.815036108322118,0
video8017.webm,0.8056814163055364,0
video802.webm,0.7690335879579134,0
video8020.webm,0.793493584453329,0
video8025.webm,0.7982106969834719,0
video8031.webm,0.781524248211463,0
video8034.webm,0.7574476640369355,0
video8039.webm,0.8020202528428596,0
video804.webm,0.7827689613717347,0
video8046.webm,0.7692786084184401,0
video8053.webm,0.7719421414474522,0
video8055.webm,0.7959616405948292,0
video8070.webm,0.7854247366790003,0
video8083.webm,0.7597477332742869,0
video8093.webm,0.8159380768219568,0
video9126.webm,0.7822415436405357,0
video9129.webm,0.8032937009622217,0
video913.webm,0.774142984269225,0
video9136.webm,0.8102367994184767,0
video9144.webm,0.8047465638083623,0
video9146.webm,0.7540283595211995,0
video9148.webm,0.7726145136109397,0
video9149.webm,0.775916979912629,0
video9154.webm,0.7801343196435783,0
video9156.webm,0.763361769019225,0
video9161.webm,0.819168937605686,0
video9164.webm,0.7914218974935373,0
video9173.webm,0.8069429934497068,0
video9178.webm,0.7682077136230842,0
video9182.webm,0.7771820982526125,0
video9189.webm,0.7930913747712472,0
video9195.webm,0.834988978771547,0
video9196.webm,0.7822409833327976,0
video9199.webm,0.8005535895696956,0
video9200.webm,0.7963012046099902,0
video9201.webm,0.7872321564704894,0
video4002.webm,0.7923066103552229,0
video4013.webm,0.8009109552562952,0
video4019.webm,0.7492286520570028,0
video4021.webm,0.7868327011124384,0
video4023.webm,0.8140359759254179,0
video4025.webm,0.7677750864806759,0
video4027.webm,0.7705910090625351,0
video4034.webm,0.7762891304903048,0
video4036.webm,0.7962333996906054,0
video4037.webm,0.8013563613369205,0
video4038.webm,0.8105662258689402,0
video4041.webm,0.8074974326401,0
video4042.webm,0.7980252515539794,0
video4048.webm,0.7868648574354903,0
video4053.webm,0.8005811095687818,0
video406.webm,0.800966353483676,0
video4072.webm,0.7842045101039667,0
video4073.webm,0.8075589548598371,0
video4076.webm,0.7786593209356482,0
video4084.webm,0.807904455590535,0
