video1.webm,0.849291540984075,0
video1000.webm,0.8870815306000772,0
video1002.webm,0.9057790116620655,0
video1008.webm,0.9488095764157101,0
video1010.webm,0.8798501459484501,0
video1011.webm,0.8680205059949567,0
video1013.webm,0.9265964267131039,0
video1016.webm,0.8757485691768424,0
video1018.webm,0.9039944476377774,0
video1026.webm,0.8928891817014983,0
video1029.webm,0.8554668979231653,0
video103.webm,0.8939825613439046,0
video1034.webm,0.8484256455564116,0
video1037.webm,0.8730271626827469,0
video1058.webm,0.8917375884345665,0
video1059.webm,0.8461132224924425,0
video1062.webm,0.90333212260936,0
video1072.webm,0.8755421687444616,0
video1082.webm,0.8530532860484887,0
video1087.webm,0.8278073359623335,0
video109.webm,0.8461746850747954,0
video1092.webm,0.8712191758628384,0
video1094.webm,0.8964931409474853,0
video1096.webm,0.8727971514638507,0
video1098.webm,0.8361554217135789,0
video11.webm,0.8513422548463886,0
video1101.webm,0.8566546329217706,0
video1108.webm,0.8386894517944502,0
video111.webm,0.8711196379920109,0
video1113.webm,0.8345406605906389,0
video1120.webm,0.8703358575067377,0
video1123.webm,0.8365114175886185,0
video1126.webm,0.8809211504081251,0
video1130.webm,0.8240271879468404,0
video6125.webm,0.8900610690439283,0
video613.webm,0.8898415284946415,0
video6130.webm,0.8816313881890638,0
video6137.webm,0.8465967843124292,0
video6144.webm,0.8667567735940349,0
video6147.webm,0.8744632921025681,0
video6153.webm,0.8324280934045102,0
video6159.webm,0.8424160994774381,0
video6176.webm,0.8743613735994274,0
video6180.webm,0.8968605054125857,0
video6181.webm,0.9007379879174435,0
video6193.webm,0.8775230740896631,0
video6197.webm,0.8708362062151752,0
video6200.webm,0.8698474701319333,0
video6202.webm,0.8250202801384853,0
video6211.webm,0.9090703807799969,0
video6217.webm,0.9192924085432255,0
video3350.webm,0.8323622819450137,0
video3355.webm,0.8614853822429376,0
video3356.webm,0.8846632226214469,0
video3360.webm,0.9021784911740158,0
video3364.webm,0.8312024100792852,0
video3366.webm,0.8254504227557383,0
video3369.webm,0.8617508186903882,0
video337.webm,0.8942359525563451,0
video3372.webm,0.8212923283991075,0
video3374.webm,0.8328988846799067,0
video3378.webm,0.804238035702199,0
video3381.webm,0.8520238477237589,0
video3383.webm,0.8218408459164991,0
video3385.webm,0.9008545362591406,0
video3413.webm,0.857555963050979,0
video3419.webm,0.875808887894493,0
video3422.webm,0.9130948251091302,0
video1068.webm,0.8949084608822713,0
video1138.webm,0.8821582108507658,0
video1248.webm,0.8696104284978621,0
video1316.webm,0.9077532371519614,0
video139.webm,0.8176471638299011,0
video15.webm,0.879377967696699,0
video1653.webm,0.8393631658697619,0
video1773.webm,0.8996000543173136,0
video1890.webm,0.8076477140504006,0
video2040.webm,0.8754196997165017,0
video2102.webm,0.8293841323694537,0
video2225.webm,0.8057635081287526,0
video2299.webm,0.8380042936272113,0
video24.webm,0.8048593824210797,0
video2481.webm,0.8849006073581575,0
video2631.webm,0.9003782601307895,0
video270.webm,0.850986635975884,0
video2790.webm,0.9124781236260955,0
video2873.webm,0.870055737141204,0
video2993.webm,0.9131563291076773,0
video3081.webm,0.8282714762618628,0
video3429.webm,0.9087277434986677,0
video343.webm,0.8554481640381575,0
video3432.webm,0.8578941218955948,0
video3437.webm,0.8660290663841679,0
video3438.webm,0.828905828983516,0
video3443.webm,0.7556986600152644,0
video3445.webm,0.8465979797379595,0
video3446.webm,0.8886174630966593,0
video3458.webm,0.8555766335868332,0
video3461.webm,0.8636667837197222,0
video3464.webm,0.8745812998817023,0
video3467.webm,0.7991145646406843,0
video3469.webm,0.8751039278758873,0
video3473.webm,0.8802527773085107,0
video3475.webm,0.8339510330454262,0
video3483.webm,0.861340392238778,0
video3484.webm,0.9137991127495281,0
video3485.webm,0.8697883522961916,0
video2043.webm,0.855522326350985,0
video2047.webm,0.7568369250788408,0
video2048.webm,0.8163339291947677,0
video2053.webm,0.8342350214006002,0
video2056.webm,0.901561188908182,0
video2057.webm,0.8448812786079006,0
video2067.webm,0.8480056285085942,0
video2080.webm,0.9145443152972998,0
video2081.webm,0.8641941085537903,0
video2083.webm,0.8047796739990251,0
video2084.webm,0.8465805139603442,0
video2085.webm,0.8583116841413284,0
video2090.webm,0.8741015588012122,0
video2092.webm,0.8382052120991853,0
video2094.webm,0.9013304198785095,0
video2096.webm,0.916912824765322,0
video2099.webm,0.8639532134413095,0
video1892.webm,0.8432989986548308,0
video1902.webm,0.8788374715081937,0
video1910.webm,0.8366613574471142,0
video1917.webm,0.8712697885625647,0
video1925.webm,0.8581390128354885,0
video1927.webm,0.9327450215458192,0
video1930.webm,0.8767601318842999,0
video1932.webm,0.8333337097894666,0
video1935.webm,0.9071975793547954,0
video194.webm,0.8501286032833844,0
video1945.webm,0.9347756570069907,0
video1949.webm,0.8973886544394527,0
video1959.webm,0.8497757777671892,0
video197.webm,0.8649577089332057,0
video1970.webm,0.8734424033504871,0
video1972.webm,0.7966614855469092,0
video1978.webm,0.8722149042194749,0
video1987.webm,0.8920665190042304,0
video1992.webm,0.8862198481467302,0
video1994.webm,0.8755620233570602,0
video2.webm,0.8349172872703464,0
video2000.webm,0.8241803475630326,0
video2006.webm,0.8827607867954628,0
video2007.webm,0.884349809329214,0
video2010.webm,0.8446126080869716,0
video2015.webm,0.8607112819485305,0
video2017.webm,0.8128425652939486,0
video202.webm,0.8982021502520454,0
video2021.webm,0.8537447997415195,0
video2023.webm,0.8318025155578228,0
video2039.webm,0.9313173369470296,0
video204.webm,0.9008007957040336,0
video7881.webm,0.852103458746985,0
video7882.webm,0.8871926710806856,0
video7900.webm,0.878434836886399,0
video7905.webm,0.9152403666134299,0
video7911.webm,0.8977047103519362,0
video7914.webm,0.8973947079417537,0
video7922.webm,0.8575367703440028,0
video7924.webm,0.8518204869254488,0
video7932.webm,0.8527910145001106,0
video7934.webm,0.8412232477759541,0
video7937.webm,0.8859987140614005,0
video7938.webm,0.9144416267212423,0
video7943.webm,0.916447619392565,0
video7949.webm,0.9040339239921785,0
video7950.webm,0.8709183956119592,0
video7960.webm,0.7992664435640672,0
video7965.webm,0.8139136578141196,0
video7178.webm,0.9179229951939957,0
video7182.webm,0.9079364667490399,0
video7186.webm,0.8057857255106375,0
video7187.webm,0.860111073060578,0
video7190.webm,0.8732383183964024,0
video7212.webm,0.9144279844524278,0
video7228.webm,0.8304496129792699,0
video7232.webm,0.9108637525020815,0
video7234.webm,0.9174427464704176,0
video7236.webm,0.8786223358013479,0
video7247.webm,0.9193642294362705,0
video7252.webm,0.8381729330761769,0
video7254.webm,0.9113249767242008,0
video7268.webm,0.9199862238665832,0
video7272.webm,0.8705639488774368,0
video7277.webm,0.8622178230924884,0
video7280.webm,0.8463943687146585,0
video8841.webm,0.8765026607965316,0
video8844.webm,0.8193602764524645,0
video8847.webm,0.8771457329761086,0
video8848.webm,0.8395905825557429,0
video8850.webm,0.8939954351999931,0
video8854.webm,0.8803353879006677,0
video8857.webm,0.8430461342617226,0
video8864.webm,0.8984781376686259,0
video8867.webm,0.8713886656841865,0
video888.webm,0.8750876669522663,0
video8880.webm,0.8553453332924549,0
video8882.webm,0.8822092325265983,0
video8884.webm,0.8449671359956271,0
video8886.webm,0.8852230116520432,0
video8898.webm,0.8466165465526293,0
video8899.webm,0.7788549532700508,0
video890.webm,0.8547066283504775,0
video2633.webm,0.8604151695576492,0
video264.webm,0.8831054227695163,0
video2644.webm,0.8585804138018419,0
video2648.webm,0.8604512922937091,0
video2657.webm,0.8305910986551606,0
video266.webm,0.8935697381341259,0
video2661.webm,0.84660288143854,0
video2662.webm,0.8691512998177419,0
video2675.webm,0.8773310411046197,0
video2676.webm,0.9314348444162678,0
video2679.webm,0.9086782237856107,0
video268.webm,0.9098791786769773,0
video2683.webm,0.9104841407978371,0
video2692.webm,0.8918685214953932,0
video2697.webm,0.9250307502484318,0
video2698.webm,0.8275663484456851,0
video2699.webm,0.8717700643612816,0
video4351.webm,0.8293818840409641,0
video436.webm,0.936226756479007,0
video4361.webm,0.8590238001990248,0
video4362.webm,0.7851738313858797,0
video4364.webm,0.9122529624848335,0
video4366.webm,0.8578845425110253,0
video4367.webm,0.8515282112208145,0
video4372.webm,0.8005629521928604,0
video4377.webm,0.8345593414240401,0
video4383.webm,0.8788454323477392,0
video4384.webm,0.9290956255794279,0
video4395.webm,0.9315321592631226,0
video4398.webm,0.9177133908647603,0
video4401.webm,0.8336256139308305,0
video4414.webm,0.7979914932556915,0
video4415.webm,0.87540911453289,0
video4417.webm,0.8950935730127138,0
video4421.webm,0.8367948943318385,0
video5021.webm,0.8731536828397691,0
video5027.webm,0.8219514465628286,0
video5035.webm,0.8845102485383085,0
video5040.webm,0.8871946946062539,0
video5046.webm,0.8631096181970387,0
video5052.webm,0.8527808128236231,0
video5053.webm,0.825366171779872,0
video5054.webm,0.8264622712121278,0
video5057.webm,0.8020420967134977,0
video5065.webm,0.8705314449122808,0
video5067.webm,0.8133748409838223,0
video507.webm,0.8974461224017319,0
video5071.webm,0.8691516197270093,0
video5073.webm,0.8611096537929315,0
video5077.webm,0.8610762445633953,0
video5079.webm,0.9168035558104746,0
video5092.webm,0.8459349216322751,0
video8908.webm,0.8540978439535885,0
video8917.webm,0.8261387954852764,0
video8919.webm,0.8611741023470577,0
video8921.webm,0.8609749304576366,0
video8922.webm,0.8673885869588951,0
video8925.webm,0.8789049082849618,0
video8927.webm,0.822620358686643,0
video893.webm,0.8340118056486716,0
video8936.webm,0.89189587403996,0
video8939.webm,0.8858091348647369,0
video894.webm,0.8559182677225897,0
video8941.webm,0.837063228410745,0
video8943.webm,0.8281457895034573,0
video8947.webm,0.8731975764230215,0
video8951.webm,0.8720705513049514,0
video8958.webm,0.8758011600995274,0
video8966.webm,0.8677383676961805,0
video897.webm,0.9346487877678322,0
video1390.webm,0.9321678972042748,0
video1391.webm,0.8791831425793006,0
video1396.webm,0.8526361335009717,0
video14.webm,0.8520930249212773,0
video1400.webm,0.8410540478921786,0
video1418.webm,0.9303353382325326,0
video1424.webm,0.8927827451746284,0
video1425.webm,0.8139435622349153,0
video144.webm,0.8644639428706361,0
video1442.webm,0.85276413157657,0
video1448.webm,0.8444661708101093,0
video1450.webm,0.8756424813400424,0
video1468.webm,0.8628918315284685,0
video1469.webm,0.8759377870712451,0
video147.webm,0.8735827789223983,0
video1475.webm,0.8711416497010988,0
video148.webm,0.8269188121989898,0
video1495.webm,0.8521576670364285,0
video6548.webm,0.880323902895696,0
video6549.webm,0.8417928598096582,0
video655.webm,0.9030314636189898,0
video6553.webm,0.8529521027370536,0
video6571.webm,0.8341406031807115,0
video6575.webm,0.8293080333344074,0
video658.webm,0.865519262698699,0
video6580.webm,0.8732303668217353,0
video659.webm,0.8931968767059922,0
video6597.webm,0.9045932447029162,0
video6603.webm,0.8386119001107298,0
video6605.webm,0.823247641824175,0
video6606.webm,0.8615941752203911,0
video6612.webm,0.9327846175544023,0
video6614.webm,0.8359351483070429,0
video6615.webm,0.8079279466788778,0
video6620.webm,0.850229543150579,0
video3878.webm,0.9184231264992565,0
video3879.webm,0.8963727083946994,0
video388.webm,0.8395076265217613,0
video3883.webm,0.8936134879344387,0
video3888.webm,0.8658389531557021,0
video3900.webm,0.9337347626027654,0
video3902.webm,0.8922670054151689,0
video3906.webm,0.8108272193451744,0
video3911.webm,0.8682014237544673,0
video3915.webm,0.8809492508392319,0
video3916.webm,0.7937274670594704,0
video3920.webm,0.8159266717207573,0
video3921.webm,0.9111374221662613,0
video3930.webm,0.8710584132785152,0
video3934.webm,0.9425600790321393,0
video3935.webm,0.8645913566403092,0
video3939.webm,0.8973916121678824,0
video3945.webm,0.9338626604968573,0
video8440.webm,0.8485226720266512,0
video8445.webm,0.8882580607979857,0
video845.webm,0.8737796537436083,0
video8450.webm,0.8706365783462284,0
video8457.webm,0.8623374542294361,0
video8460.webm,0.8843200154432769,0
video8462.webm,0.8696159296246143,0
video8463.webm,0.8233295719665069,0
video8467.webm,0.8320708198853987,0
video8469.webm,0.8871665084212892,0
video8483.webm,0.8366956536058431,0
video8484.webm,0.8609430397203579,0
video8486.webm,0.8172649065248995,0
video8490.webm,0.9086024605093408,0
video8501.webm,0.8315391518768347,0
video8502.webm,0.8532283044600707,0
video8511.webm,0.9030113991184523,0
video2229.webm,0.8517685861933271,0
video2230.webm,0.8424400065383758,0
video2231.webm,0.9266356816258395,0
video2241.webm,0.9092526971192274,0
video2243.webm,0.8764995923229751,0
video2247.webm,0.8608853581308341,0
video226.webm,0.8431285999438828,0
video2265.webm,0.8543855121345981,0
video2269.webm,0.9074956444283382,0
video2271.webm,0.9050321934508913,0
video2277.webm,0.8935313560345676,0
video2279.webm,0.8763211584928268,0
video2281.webm,0.9036075586799279,0
video2287.webm,0.8449593305880798,0
video2288.webm,0.8362650443652432,0
video229.webm,0.88349290950693,0
video2294.webm,0.8356387569932543,0
video5096.webm,0.886694170966807,0
video5098.webm,0.847897587059009,0
video5102.webm,0.9063796520429039,0
video5116.webm,0.8745634225085975,0
video5118.webm,0.9304567308022731,0
video5119.webm,0.8323320800600421,0
video5125.webm,0.8704470960896741,0
video5139.webm,0.8701105025474141,0
video514.webm,0.8418278329852348,0
video5148.webm,0.8975712387661032,0
video5149.webm,0.8774697997219777,0
video5152.webm,0.921481320506753,0
video5175.webm,0.9167521390016106,0
video5180.webm,0.8434929984290832,0
video5188.webm,0.8813645208478681,0
video5190.webm,0.863041223728989,0
video5191.webm,0.88970824264931,0
video520.webm,0.8909812808874583,0
video7284.webm,0.8548639062808243,0
video7294.webm,0.865461849834321,0
video7316.webm,0.8878490464387108,0
video7323.webm,0.8936607732258957,0
video7326.webm,0.8619274290134287,0
video7327.webm,0.8476489866002944,0
video7330.webm,0.8666388737038511,0
video7332.webm,0.7968482175580132,0
video7340.webm,0.9577012274243606,0
video7353.webm,0.9209513133672947,0
video7354.webm,0.8819809104638526,0
video7356.webm,0.8153988185159908,0
video7357.webm,0.8297557773643199,0
video7366.webm,0.8345063688047638,0
video7368.webm,0.8304457058219271,0
video7369.webm,0.8494557757404247,0
video7371.webm,0.8910571276778743,0
video7379.webm,0.8784255140498959,0
video7653.webm,0.8745174244219942,0
video7658.webm,0.8071094897212544,0
video766.webm,0.8823658175481688,0
video7663.webm,0.9043533265335817,0
video7666.webm,0.9049873325737784,0
video7668.webm,0.882697278523498,0
video768.webm,0.9177298662383886,0
video7684.webm,0.8634851577030492,0
video7685.webm,0.8458095555646902,0
video7693.webm,0.9041903562631208,0
video7695.webm,0.8688830886540732,0
video7700.webm,0.873190812554821,0
video7708.webm,0.8552541516684502,0
video7709.webm,0.8667967808880791,0
video7712.webm,0.8409931583849599,0
video772.webm,0.8325892517099547,0
video7727.webm,0.8610824928450668,0
video2716.webm,0.9216247167814555,0
video2720.webm,0.8589903454870988,0
video2721.webm,0.9275210548966343,0
video2723.webm,0.8490514355625528,0
video2725.webm,0.8927572120921453,0
video2730.webm,0.8965667966051358,0
video2735.webm,0.8815250942682441,0
video2746.webm,0.8858482918073876,0
video2751.webm,0.8149209267757713,0
video2752.webm,0.8419397386667582,0
video2753.webm,0.9134642820736298,0
video2754.webm,0.8853996323142346,0
video2766.webm,0.8345343505753101,0
video2768.webm,0.8392300975019756,0
video2776.webm,0.911392098495922,0
video2778.webm,0.8792603335998053,0
video2783.webm,0.8526801526937742,0
video2877.webm,0.8849083169457331,0
video2885.webm,0.873660907391489,0
video289.webm,0.915428430238271,0
video2890.webm,0.9440877626233272,0
video2905.webm,0.8563768695458707,0
video2912.webm,0.8124977501104647,0
video2918.webm,0.8516242519805683,0
video2926.webm,0.9018604303239247,0
video2940.webm,0.7918221294564607,0
video2950.webm,0.7691096533713139,0
video2957.webm,0.8875323423126833,0
video2966.webm,0.8719660127995493,0
video2969.webm,0.8805796544431259,0
video2975.webm,0.868977700826943,0
video2976.webm,0.9022142690078204,0
video2980.webm,0.8865226372692562,0
video2989.webm,0.8953205286385976,0
video9581.webm,0.8685745054567482,0
video9594.webm,0.9297146750563374,0
video9597.webm,0.9266030440408871,0
video9603.webm,0.8314056609341106,0
video9616.webm,0.8100396548449207,0
video9617.webm,0.8364800432739149,0
video9622.webm,0.852360300593265,0
video9626.webm,0.8480453910653178,0
video9629.webm,0.8344555580251414,0
video9644.webm,0.9153573687184058,0
video9664.webm,0.8417788769620055,0
video9666.webm,0.8801827475720071,0
video9669.webm,0.8411965002912579,0
video9678.webm,0.8406538015496221,0
video968.webm,0.8972646705395747,0
video9682.webm,0.8992145758314951,0
video9696.webm,0.8920319522317008,0
video9237.webm,0.8384943751408893,0
video9238.webm,0.8744144866846353,0
video9244.webm,0.8995502905773066,0
video9264.webm,0.904137521623754,0
video9265.webm,0.8777433169691308,0
video9267.webm,0.8418176365511616,0
video9272.webm,0.8287152128758882,0
video9274.webm,0.8906951049109765,0
video9279.webm,0.831311028063171,0
video9281.webm,0.8873939496860734,0
video9285.webm,0.8110378087957363,0
video9286.webm,0.8581915161729133,0
video9287.webm,0.9262979567907235,0
video9306.webm,0.862039302380913,0
video9308.webm,0.800259206949165,0
video9314.webm,0.8775943585512572,0
video9320.webm,0.8469398718781886,0
video6636.webm,0.8103097242240537,0
video6638.webm,0.8711998638920725,0
video6642.webm,0.8121092663324688,0
video6644.webm,0.8950199959253918,0
video6653.webm,0.8731391053123534,0
video6657.webm,0.8533090117057022,0
video666.webm,0.860243203711911,0
video6665.webm,0.857513625428954,0
video6666.webm,0.8962800982409186,0
video6679.webm,0.8808613753559037,0
video6685.webm,0.8550843276112701,0
video6693.webm,0.868602845331586,0
video6697.webm,0.897775488295016,0
video6698.webm,0.8590625916744129,0
video670.webm,0.7876866993548685,0
video6701.webm,0.8151453172022686,0
video6705.webm,0.8161303229616897,0
video6916.webm,0.7980099164297542,0
video693.webm,0.8801174531444936,0
video6930.webm,0.8323585366605655,0
video6938.webm,0.8994567920794143,0
video694.webm,0.8750413399448032,0
video6943.webm,0.8513971582070469,0
video6944.webm,0.8416200447728203,0
video6957.webm,0.856742852120264,0
video6963.webm,0.9103809396331201,0
video6967.webm,0.9178549856270686,0
video6969.webm,0.9071969987622346,0
video6971.webm,0.8561476498769637,0
video6972.webm,0.9100856988564714,0
video698.webm,0.8426199853560298,0
video6980.webm,0.8224604369709243,0
video6982.webm,0.8284670672093016,0
video6986.webm,0.8744016152964679,0
video6987.webm,0.8802792673278815,0
video5603.webm,0.7734576373862793,0
video5613.webm,0.8570830502361917,0
video5631.webm,0.8549283063896135,0
video5632.webm,0.8697522726200603,0
video5633.webm,0.8352115146345481,0
video5634.webm,0.9033615549357381,0
video5635.webm,0.8573341958363846,0
video5636.webm,0.771267681651743,0
video5642.webm,0.8262414671160563,0
video5647.webm,0.8437946323440448,0
video5652.webm,0.9208954308236692,0
video5659.webm,0.862808711385347,0
video5672.webm,0.9136213737551787,0
video5680.webm,0.8765919377749446,0
video5683.webm,0.8647083684455174,0
video5690.webm,0.879096049981129,0
video5692.webm,0.9004091362046582,0
video5356.webm,0.8204496665916867,0
video5366.webm,0.79957884907525,0
video5370.webm,0.8273395592663508,0
video5374.webm,0.9065871126897788,0
video5378.webm,0.8626204724685056,0
video5380.webm,0.8627316635904432,0
video5385.webm,0.8964782415059304,0
video5393.webm,0.8638467725431053,0
video5399.webm,0.8996075198744046,0
video5402.webm,0.8968476698368899,0
video5412.webm,0.9048328506391456,0
video5415.webm,0.8027739844370773,0
video5416.webm,0.9142119355095357,0
video5423.webm,0.858775527930269,0
video5428.webm,0.8734388695453716,0
video5430.webm,0.8729640009332914,0
video5431.webm,0.9217293798807654,0
video4682.webm,0.8810910465437629,0
video4683.webm,0.8830630918739419,0
video469.webm,0.8591479114041529,0
video4691.webm,0.9094744237008666,0
video4693.webm,0.7924627752113949,0
video4694.webm,0.8994924322032842,0
video4696.webm,0.8564559673258639,0
video4698.webm,0.8205302846290388,0
video4705.webm,0.8690725621748185,0
video471.webm,0.8260816504809693,0
video4711.webm,0.893863154866226,0
video4713.webm,0.8971194692372292,0
video4724.webm,0.8814885770754072,0
video4727.webm,0.8631254193392267,0
video4728.webm,0.878432746138799,0
video474.webm,0.8186877039176118,0
video4744.webm,0.8077564856410997,0
video4748.webm,0.8539791221146349,0
video9777.webm,0.8761009094547371,0
video978.webm,0.8768454346696629,0
video9784.webm,0.8636703173329716,0
video979.webm,0.8584935966516445,0
video9791.webm,0.8801703150835899,0
video9794.webm,0.8500318060158875,0
video9798.webm,0.8851620764071847,0
video98.webm,0.8373022579402036,0
video9800.webm,0.8835157180151887,0
video9804.webm,0.8598656571420081,0
video9811.webm,0.8686377845681086,0
video9814.webm,0.9398671335655532,0
video9817.webm,0.8346857083496907,0
video9818.webm,0.8398046683205194,0
video9830.webm,0.8837832013129588,0
video9836.webm,0.9060206158319437,0
video9837.webm,0.919602881101755,0
video9841.webm,0.9113288906999566,0
video1252.webm,0.8162251291104207,0
video1262.webm,0.8927331456772449,0
video1268.webm,0.8836409959490109,0
video1269.webm,0.8775367622211004,0
video127.webm,0.8243765197819383,0
video1271.webm,0.833562113832762,0
video1276.webm,0.866188417910637,0
video1279.webm,0.820418979537892,0
video1287.webm,0.8831749965791009,0
video1292.webm,0.8114116018022897,0
video1302.webm,0.8581895338046706,0
video1303.webm,0.8494532540924548,0
video1304.webm,0.8654345075888255,0
video1306.webm,0.8044055988275944,0
video1308.webm,0.8388360450148243,0
video1313.webm,0.9516077514010255,0
video1314.webm,0.9003184348243699,0
video360.webm,0.8696848671307439,0
video3600.webm,0.8369923384058907,0
video3609.webm,0.8468498601399864,0
video3615.webm,0.889100688679328,0
video3621.webm,0.8581706144787282,0
video3623.webm,0.8166353242624204,0
video3625.webm,0.8865547604276796,0
video363.webm,0.9077646860962483,0
video3630.webm,0.8403090810235859,0
video3633.webm,0.8090224372406304,0
video3638.webm,0.8578799361486074,0
video3640.webm,0.8790542859475242,0
video3644.webm,0.8703293995081249,0
video3645.webm,0.7809966787306584,0
video3646.webm,0.9336773304996642,0
video3648.webm,0.9092867448186726,0
video3651.webm,0.8736116118840789,0
video739.webm,0.895874358234799,0
video7393.webm,0.832297478456461,0
video7395.webm,0.8660821137121646,0
video7403.webm,0.896846460054413,0
video7412.webm,0.9031429770155417,0
video7413.webm,0.9146081649497144,0
video7418.webm,0.8761767762373792,0
video7420.webm,0.8736679789129447,0
video7425.webm,0.8444878155708133,0
video7430.webm,0.8580160634719092,0
video7440.webm,0.8915192939512325,0
video7441.webm,0.901863867553467,0
video7449.webm,0.8495460067431905,0
video7450.webm,0.8650423446135468,0
video7455.webm,0.8756871372242081,0
video7459.webm,0.8307178715534111,0
video7460.webm,0.8364582359720666,0
video5209.webm,0.8532850312813014,0
video5353.webm,0.8571878194905759,0
video5449.webm,0.8509060252827761,0
video5599.webm,0.9517681759242993,0
video5695.webm,0.935668158686861,0
video5839.webm,0.874969833777706,0
video5917.webm,0.8103777161708122,0
video6008.webm,0.944179433444795,0
video6124.webm,0.8831811028918047,0
video6220.webm,0.858016267711206,0
video6345.webm,0.8499299117508871,0
video6411.webm,0.8323293394097593,0
video653.webm,0.8812502382687967,0
video6631.webm,0.7903403908794558,0
video6709.webm,0.8577151334345965,0
video6778.webm,0.8469287737003941,0
video691.webm,0.8650031922093269,0
video6995.webm,0.8818063215846316,0
video7062.webm,0.8920997156032798,0
video7171.webm,0.9164820368399514,0
video7282.webm,0.8284054703916309,0
video822.webm,0.8940753087642275,0
video8223.webm,0.9126878026948719,0
video8232.webm,0.8129877255552456,0
video8237.webm,0.9026079559955531,0
video8242.webm,0.8718488364647344,0
video8244.webm,0.8563356315090761,0
video8248.webm,0.8926075594808717,0
video8250.webm,0.8700884939200747,0
video8255.webm,0.8390932706429355,0
video8257.webm,0.850183631091154,0
video8258.webm,0.8176162674101374,0
video826.webm,0.8862946642735281,0
video8262.webm,0.8710173166456674,0
video8264.webm,0.8587606492008651,0
video8270.webm,0.7960263919164828,0
video8273.webm,0.7970189232656156,0
video8278.webm,0.8615348016595941,0
video1500.webm,0.8585313802660435,0
video1501.webm,0.9088644460386961,0
video1512.webm,0.9269473820417288,0
video152.webm,0.9006537993365922,0
video1520.webm,0.8047733710267636,0
video1521.webm,0.8584704689747151,0
video1523.webm,0.9227956775560469,0
video1532.webm,0.9190516743030397,0
video1545.webm,0.8239003893163889,0
video1552.webm,0.9115306789882912,0
video1557.webm,0.8890187516275364,0
video1566.webm,0.8707734650895081,0
video1567.webm,0.8533746155342403,0
video1568.webm,0.8883800885398705,0
video1577.webm,0.8527707943867744,0
video1578.webm,0.8973474589502893,0
video1579.webm,0.8726775935388149,0
video1582.webm,0.9073859141495144,0
video1585.webm,0.8463335304770829,0
video1587.webm,0.8509505197583099,0
video1588.webm,0.7972917640387199,0
video1589.webm,0.8308168936598562,0
video1616.webm,0.860466778319328,0
video1617.webm,0.8157153406416175,0
video1620.webm,0.8791611381006116,0
video1621.webm,0.7643095940723079,0
video1622.webm,0.8844274696372226,0
video1623.webm,0.925178147845498,0
video1624.webm,0.8349857489586323,0
video1626.webm,0.8522186950347472,0
video1635.webm,0.8566977753207013,0
video1641.webm,0.9058243664032727,0
video1650.webm,0.8229385228278231,0
video1651.webm,0.8672460065958533,0
video6355.webm,0.8558063450886185,0
video6360.webm,0.8884151721227682,0
video6364.webm,0.7992927423088002,0
video6365.webm,0.8378822661681318,0
video6367.webm,0.874539489388331,0
video6369.webm,0.8835579300874302,0
video637.webm,0.8552797958999542,0
video6371.webm,0.9062548005114798,0
video6372.webm,0.8688352150719265,0
video6374.webm,0.853713024388072,0
video6375.webm,0.8902427445426377,0
video6383.webm,0.8599414468967079,0
video6384.webm,0.8598395875206536,0
video6389.webm,0.850448084088541,0
video6394.webm,0.8935128343014528,0
video64.webm,0.8749274891235574,0
video6405.webm,0.8982298566593083,0
video2995.webm,0.8112492108028719,0
video3008.webm,0.9082025200712858,0
video3011.webm,0.8495774206447746,0
video3013.webm,0.8204841228187912,0
video3016.webm,0.8722724140657135,0
video3017.webm,0.8405712094387022,0
video3027.webm,0.8949546739551618,0
video3033.webm,0.8470244571938046,0
video3034.webm,0.9349562367333734,0
video3038.webm,0.778055376018282,0
video3045.webm,0.8759614517985544,0
video3052.webm,0.862385952841245,0
video3064.webm,0.8566802735980318,0
video307.webm,0.8781237919190515,0
video3070.webm,0.9160485706127628,0
video3071.webm,0.820567227255655,0
video3075.webm,0.9051362067966806,0
video5844.webm,0.8714954738088105,0
video5847.webm,0.879884349682146,0
video5855.webm,0.9121050330676002,0
video5857.webm,0.862549339565214,0
video5858.webm,0.8389619940673899,0
video5868.webm,0.8323736780689677,0
video5870.webm,0.8032439875693453,0
video5878.webm,0.8717481323182312,0
video588.webm,0.8765653693278119,0
video5882.webm,0.8661996836107889,0
video5885.webm,0.8879245241146119,0
video5894.webm,0.8775507918989539,0
video59.webm,0.8913150336583143,0
video5905.webm,0.8733252974490994,0
video5908.webm,0.8719936962830396,0
video5915.webm,0.8542582945694865,0
video5916.webm,0.8826194757525284,0
video4093.webm,0.8320428991591388,0
video4096.webm,0.8968876515137024,0
video4102.webm,0.8868470210835233,0
video4105.webm,0.8731334590272195,0
video4112.webm,0.8508770349650141,0
video4114.webm,0.9125359899464941,0
video4115.webm,0.9121122898801417,0
video4126.webm,0.8802629015830196,0
video4127.webm,0.8135385722073454,0
video4132.webm,0.8690884279938009,0
video4133.webm,0.8770773600142409,0
video4134.webm,0.807020399068353,0
video4137.webm,0.8813637438800894,0
video414.webm,0.8499777828352674,0
video4146.webm,0.8723230419401781,0
video415.webm,0.876804766904014,0
video4151.webm,0.8920471662670407,0
video2401.webm,0.8822292758163731,0
video2407.webm,0.8018119700460762,0
video2409.webm,0.8725460431320223,0
video2415.webm,0.9376855585128789,0
video2416.webm,0.867123142083991,0
video2417.webm,0.8394370209284936,0
video242.webm,0.8566289440330132,0
video2427.webm,0.8889000278374872,0
video2428.webm,0.9211575294915949,0
video2439.webm,0.8366171623907982,0
video2442.webm,0.8493837131840888,0
video2451.webm,0.8103638477218689,0
video2452.webm,0.9064770038057154,0
video246.webm,0.851244003777255,0
video2462.webm,0.8959231428141191,0
video2465.webm,0.9069473550994843,0
video2468.webm,0.8437255466225891,0
video8523.webm,0.838151734944845,0
video8527.webm,0.7872838080030224,0
video8528.webm,0.8932163068409441,0
video8533.webm,0.8526619824018725,0
video8534.webm,0.8871737607717728,0
video8536.webm,0.8633068084979275,0
video8537.webm,0.8729581048629795,0
video8539.webm,0.8751625250561655,0
video854.webm,0.8447446907267471,0
video8540.webm,0.8687135613988756,0
video8541.webm,0.9276435699782755,0
video8548.webm,0.8608491801457702,0
video8555.webm,0.8875666082449926,0
video8559.webm,0.9041437456251361,0
video856.webm,0.8612456578203871,0
video8564.webm,0.9312663410247901,0
video8567.webm,0.8255268459203035,0
video8569.webm,0.9231065898056067,0
video8570.webm,0.89812186509413,0
video8571.webm,0.8374691349767925,0
video8574.webm,0.8882135726668425,0
video8589.webm,0.8471398326156122,0
video8599.webm,0.8811744434969226,0
video8608.webm,0.8692032305486782,0
video8610.webm,0.8579122432157675,0
video8612.webm,0.8409332782667932,0
video8617.webm,0.8533219473062963,0
video8620.webm,0.8909355562686381,0
video8626.webm,0.8953987702416437,0
video8627.webm,0.8426660669620486,0
video863.webm,0.8335608915133593,0
video8634.webm,0.8979512019696283,0
video8639.webm,0.8556875679390226,0
video8645.webm,0.8992529052633548,0
video8651.webm,0.8389334038964521,0
video4888.webm,0.7872138800536738,0
video4889.webm,0.8535726406630358,0
video4895.webm,0.8706102161957968,0
video4898.webm,0.8447929302913723,0
video4899.webm,0.7656262551688906,0
video490.webm,0.8928606043269403,0
video4905.webm,0.8909448397975042,0
video4908.webm,0.8751032334295651,0
video4913.webm,0.9026221121658139,0
video4915.webm,0.9049376393924563,0
video4919.webm,0.9354876617721306,0
video493.webm,0.9130590292595513,0
video4937.webm,0.9198292836624454,0
video4939.webm,0.7944195921535497,0
video4942.webm,0.8050617480889337,0
video4945.webm,0.9391580037875704,0
video4947.webm,0.9463457967192936,0
video4952.webm,0.8802600626878302,0
video4953.webm,0.9069834118383208,0
video4955.webm,0.8267731733491058,0
video4957.webm,0.9055950554769184,0
video4958.webm,0.8835049713121034,0
video4969.webm,0.9290510880684909,0
video4981.webm,0.8229112600484734,0
video4982.webm,0.8578754740259796,0
video4985.webm,0.8842491350911498,0
video4988.webm,0.8340325228467038,0
video5.webm,0.8996227516173725,0
video50.webm,0.8844764550664731,0
video5003.webm,0.8585685376442643,0
video5005.webm,0.8769127563004783,0
video5009.webm,0.8791138823495225,0
video5011.webm,0.8372676948540192,0
video4555.webm,0.8311886006429501,0
video4556.webm,0.8984154270879375,0
video4560.webm,0.9070787255862278,0
video4561.webm,0.8057418082338038,0
video457.webm,0.8073119838249592,0
video4572.webm,0.8980709683884686,0
video4574.webm,0.9166740826818254,0
video4579.webm,0.9261663969819788,0
video4584.webm,0.8760578159293037,0
video4586.webm,0.8742634997223978,0
video4588.webm,0.862825078715376,0
video4589.webm,0.8767381939269323,0
video459.webm,0.8602871126759157,0
video4591.webm,0.8363223980307865,0
video4592.webm,0.9055970964547573,0
video4593.webm,0.8683815384396518,0
video4596.webm,0.8830346692919941,0
video7733.webm,0.8617630630008234,0
video7734.webm,0.8676139755281145,0
video7735.webm,0.809020175022904,0
video774.webm,0.8318218172726629,0
video7744.webm,0.8644387954126137,0
video7747.webm,0.8830078349166207,0
video7750.webm,0.8389645754832964,0
video7755.webm,0.8755377517489256,0
video7764.webm,0.8515163597775646,0
video7765.webm,0.8348298980893221,0
video7766.webm,0.8608818832800329,0
video7767.webm,0.9078315301922928,0
video7768.webm,0.830730565038759,0
video7776.webm,0.8498718816242323,0
video7778.webm,0.8633706515053154,0
video7779.webm,0.9225166261011655,0
video7781.webm,0.8687618522406176,0
video7790.webm,0.806613376259848,0
video7794.webm,0.9155389086321153,0
video7796.webm,0.8370786254447706,0
video7797.webm,0.8651575784258323,0
video7798.webm,0.9042426712191511,0
video780.webm,0.8783443823714395,0
video7810.webm,0.8780924294420926,0
video7814.webm,0.8904048411922435,0
video7827.webm,0.9199329399817884,0
video7829.webm,0.826395178878372,0
video7836.webm,0.8818186063461517,0
video784.webm,0.8684195673440029,0
video7843.webm,0.9001029628095097,0
video7845.webm,0.8108342127063876,0
video7847.webm,0.8433403424934908,0
video7850.webm,0.8915560678646716,0
video7855.webm,0.8609305074093254,0
video7857.webm,0.8804247347273179,0
video7859.webm,0.885314057571768,0
video7860.webm,0.89677919739377,0
video7864.webm,0.8551479448158282,0
video7866.webm,0.9029326522017453,0
video7870.webm,0.8603837086582237,0
video7871.webm,0.8528529447171731,0
video7876.webm,0.8527541162525908,0
video6715.webm,0.7627633877175286,0
video6720.webm,0.8510735033347451,0
video6723.webm,0.9433724697428388,0
video6724.webm,0.812093818724153,0
video6729.webm,0.9063750716719035,0
video673.webm,0.9006576448777535,0
video6732.webm,0.867898870228543,0
video6738.webm,0.8342673589472902,0
video6739.webm,0.8729894061382173,0
video6744.webm,0.8293250310328016,0
video6750.webm,0.8789627231292773,0
video6758.webm,0.9081401437368876,0
video6761.webm,0.8393562538821625,0
video6768.webm,0.8996389344821859,0
video6770.webm,0.8319501356513671,0
video6774.webm,0.8432141116171775,0
video6775.webm,0.8934828345907935,0
video5210.webm,0.8425021638686104,0
video5216.webm,0.8307683610079837,0
video5217.webm,0.8847567963474474,0
video523.webm,0.8829318765231398,0
video5236.webm,0.9221792589158472,0
video5256.webm,0.7914066215839279,0
video526.webm,0.8759164048872373,0
video5261.webm,0.8860789638048375,0
video5267.webm,0.8799179192262017,0
video527.webm,0.8848522237043842,0
video5273.webm,0.9010574459599578,0
video5276.webm,0.8861793098945561,0
video5277.webm,0.8224372196925865,0
video5278.webm,0.8920788406541754,0
video528.webm,0.8518269006240996,0
video5288.webm,0.7984049615039732,0
video5294.webm,0.8291414449736959,0
video5295.webm,0.8782228098918021,0
video5297.webm,0.8648640362898179,0
video5299.webm,0.8759133778265952,0
video5307.webm,0.8218834647123611,0
video5308.webm,0.8336401853320186,0
video5313.webm,0.809773228699433,0
video5315.webm,0.8579980009493988,0
video5322.webm,0.8656526816537302,0
video5324.webm,0.8516497637217875,0
video5325.webm,0.8522315513241733,0
video5333.webm,0.8704947874241253,0
video5335.webm,0.810690739483638,0
video5347.webm,0.9115020219706343,0
video2109.webm,0.8988273454993444,0
video2110.webm,0.9056537286049657,0
video2113.webm,0.8124584174025219,0
video2123.webm,0.8513719911139824,0
video213.webm,0.853570342581178,0
video2134.webm,0.8643572915804612,0
video2139.webm,0.8722921117970407,0
video2142.webm,0.8985839687711255,0
video2154.webm,0.7990156245857855,0
video2158.webm,0.9051374501589503,0
video2160.webm,0.8651327235019345,0
video2161.webm,0.8964111287098468,0
video2164.webm,0.8670825279440697,0
video2167.webm,0.901724974206018,0
video2170.webm,0.9028035499477184,0
video2174.webm,0.8323837762891496,0
video219.webm,0.9261141815679719,0
video2194.webm,0.8425972324378405,0
video2195.webm,0.8498122764619364,0
video2196.webm,0.866701583677495,0
video2198.webm,0.8476640208931079,0
video2204.webm,0.8748783659370838,0
video2216.webm,0.8996681293903419,0
video2219.webm,0.8637282174949266,0
video8099.webm,0.8758711273383849,0
video810.webm,0.8715944370905361,0
video8106.webm,0.8144516903495317,0
video8107.webm,0.8472046267353628,0
video8116.webm,0.8778772777751093,0
video8117.webm,0.8363954423261395,0
video8119.webm,0.8614081949104632,0
video8125.webm,0.8523625081534121,0
video8129.webm,0.8965776443602601,0
video8130.webm,0.8893304789069936,0
video8133.webm,0.8611837686797587,0
video8135.webm,0.8670407887497585,0
video8139.webm,0.8156999134631202,0
video8141.webm,0.8548051876676694,0
video8143.webm,0.8627536775355207,0
video8144.webm,0.8714775485084655,0
video8148.webm,0.8789850555520831,0
video815.webm,0.8287443439903998,0
video8154.webm,0.913167313611933,0
video8160.webm,0.7845901798776691,0
video8164.webm,0.8589975478650026,0
video8173.webm,0.8874143759606073,0
video8176.webm,0.896648940059962,0
video8177.webm,0.9113842253533411,0
video8183.webm,0.9178383263035196,0
video8203.webm,0.9339263180188444,0
video8204.webm,0.8757338581753074,0
video8212.webm,0.8651778517161861,0
video9326.webm,0.8743191508843644,0
video9332.webm,0.8176515624634466,0
video9336.webm,0.9166760084264223,0
video9338.webm,0.8819875327404012,0
video9340.webm,0.9130032066458259,0
video9346.webm,0.8700887337152695,0
video935.webm,0.7822003695120411,0
video9351.webm,0.84800053813452,0
video9352.webm,0.87541623798451,0
video9355.webm,0.866053308045847,0
video9363.webm,0.891536271436389,0
video9364.webm,0.8414585001181837,0
video9378.webm,0.8714263658221207,0
video9383.webm,0.8406221883450867,0
video9384.webm,0.8268296644299229,0
video940.webm,0.8841273458008789,0
video9401.webm,0.8444673278703924,0
video3660.webm,0.8384742363664794,0
video3661.webm,0.8146370064381862,0
video3670.webm,0.8424534521812309,0
video3671.webm,0.861447353930232,0
video3674.webm,0.8706956497548294,0
video3678.webm,0.8180271919314055,0
video3681.webm,0.8741133024446048,0
video3684.webm,0.8740683415220094,0
video3687.webm,0.843210523919425,0
video3689.webm,0.8841033560076784,0
video3695.webm,0.9178973680040962,0
video3703.webm,0.8225760385883198,0
video3706.webm,0.9298870299315536,0
video3708.webm,0.8691834655020522,0
video3709.webm,0.8806170920361016,0
video3716.webm,0.9241189049177774,0
video3722.webm,0.8767248079357717,0
video3725.webm,0.8820861925281422,0
video374.webm,0.9350368974040937,0
video3743.webm,0.8906914849306391,0
video3744.webm,0.8728651145848937,0
video3753.webm,0.9263567443938665,0
video376.webm,0.7995219862028176,0
video3774.webm,0.8842638778161264,0
video3775.webm,0.8795895316117691,0
video3781.webm,0.8615622490018862,0
video3782.webm,0.8833508431318916,0
video3796.webm,0.8593246533968615,0
video380.webm,0.8733300775065644,0
video3805.webm,0.889460316112561,0
video3806.webm,0.7767860898033541,0
video3808.webm,0.8764882223895855,0
video3823.webm,0.9109111348748795,0
video3826.webm,0.8945815487946585,0
video3827.webm,0.8293999603733961,0
video383.webm,0.9007504560201356,0
video3830.webm,0.9121753620010464,0
video3841.webm,0.8323240099895248,0
video3848.webm,0.8702198447920662,0
video3856.webm,0.8862348594359847,0
video3865.webm,0.8129335180871567,0
video3870.webm,0.8390809478876001,0
video3875.webm,0.8587985726322792,0
video6997.webm,0.8500356030339504,0
video7.webm,0.8744231294710951,0
video70.webm,0.8389294003373641,0
video700.webm,0.8402167301990223,0
video7000.webm,0.8984095345968915,0
video7014.webm,0.9158126408309105,0
video7019.webm,0.8926165373237561,0
video702.webm,0.8901977417785841,0
video7020.webm,0.8845405199100045,0
video7032.webm,0.8248899703223781,0
video7035.webm,0.866536562717107,0
video7036.webm,0.8700739465000886,0
video7039.webm,0.8850956447879248,0
video7049.webm,0.8781576257896851,0
video7053.webm,0.9109790727014297,0
video7054.webm,0.8837502542744049,0
video7055.webm,0.8954498122003752,0
video706.webm,0.8413653829725745,0
video7068.webm,0.857750295136925,0
video707.webm,0.8914794806144438,0
video7075.webm,0.8940415858957604,0
video7076.webm,0.8328420888742081,0
video7092.webm,0.8920568391876588,0
video71.webm,0.79556936687926,0
video710.webm,0.8873764218311013,0
video7107.webm,0.8865895383954381,0
video7111.webm,0.8428177984881763,0
video7120.webm,0.9003229571591987,0
video7123.webm,0.8584064808394299,0
video7124.webm,0.8484071722695721,0
video7130.webm,0.8999833321341186,0
video7137.webm,0.9168135001129164,0
video7139.webm,0.8728516622379593,0
video714.webm,0.8582278695371707,0
video7158.webm,0.8883832643813533,0
video7169.webm,0.9049126847779236,0
video3494.webm,0.856574512636742,0
video350.webm,0.9067830535113909,0
video3502.webm,0.8704428969115158,0
video3514.webm,0.8104316747492686,0
video3520.webm,0.9066038587554585,0
video3521.webm,0.8589323976282343,0
video3522.webm,0.8415796739921685,0
video3531.webm,0.8200720959611091,0
video3541.webm,0.8161171630528247,0
video3542.webm,0.8767550362830265,0
video3544.webm,0.8811766319659268,0
video3548.webm,0.8953918097231259,0
video3549.webm,0.9043786827465107,0
video3550.webm,0.849521588711325,0
video3552.webm,0.8850544210315239,0
video3559.webm,0.8394233783511862,0
video3562.webm,0.8415436632067844,0
video3565.webm,0.9036523096650256,0
video3566.webm,0.8784150703312711,0
video3568.webm,0.8072515064677971,0
video3573.webm,0.8379882640381886,0
video3581.webm,0.8530762101826437,0
video3586.webm,0.7788573134411347,0
video3587.webm,0.9042119890512279,0
video3589.webm,0.8857579668437199,0
video2795.webm,0.837313620696418,0
video2806.webm,0.8745806031460018,0
video2810.webm,0.8555194351143486,0
video2814.webm,0.8621052333745266,0
video2815.webm,0.8000161004851098,0
video2818.webm,0.8999607785971362,0
video2820.webm,0.8940493636801667,0
video2822.webm,0.8689905308653907,0
video2824.webm,0.8713799962949949,0
video2837.webm,0.8568050706211054,0
video2842.webm,0.8649516077994178,0
video2847.webm,0.8578743953693981,0
video285.webm,0.8914027857309348,0
video2851.webm,0.9030856017373922,0
video2852.webm,0.9267674327530762,0
video2854.webm,0.8325179839499525,0
video2856.webm,0.7969604709097701,0
video2858.webm,0.8069900031222106,0
video286.webm,0.8508816844243541,0
video2864.webm,0.870441711852567,0
video2870.webm,0.9095937247501881,0
video2872.webm,0.8664966912566714,0
video9865.webm,0.8805192611560408,0
video9866.webm,0.9001500710900405,0
video9867.webm,0.8555202678192994,0
video9868.webm,0.9082181158452926,0
video9869.webm,0.8643573725775986,0
video987.webm,0.8699371882730428,0
video9880.webm,0.879944292286565,0
video9882.webm,0.8873694125154642,0
video9886.webm,0.9312737757312094,0
video9887.webm,0.8663039581537306,0
video989.webm,0.837522008704856,0
video9899.webm,0.8975448671712583,0
video99.webm,0.8094473598587746,0
video9902.webm,0.8144359947364745,0
video9910.webm,0.8978124583338974,0
video9911.webm,0.9310824479558613,0
video9912.webm,0.8917515514949039,0
video9916.webm,0.9062395138634248,0
video9919.webm,0.8169015611665654,0
video9921.webm,0.9131006922987415,0
video9922.webm,0.9055089904890388,0
video9924.webm,0.8862880886411614,0
video9933.webm,0.9165195067642339,0
video9934.webm,0.8640041468034938,0
video9937.webm,0.860430697970541,0
video9941.webm,0.8632460279627355,0
video9947.webm,0.8426192630497784,0
video9953.webm,0.8412312471185006,0
video9955.webm,0.8849424128012835,0
video996.webm,0.7817601852415536,0
video9962.webm,0.8379479209256456,0
video9973.webm,0.8709355255555019,0
video9978.webm,0.7834278094285465,0
video9979.webm,0.8515815470915195,0
video5923.webm,0.9060139371180683,0
video5928.webm,0.830579964842229,0
video5933.webm,0.8360091303403526,0
video5946.webm,0.7851379811361454,0
video595.webm,0.8630258312294347,0
video596.webm,0.8555201265109172,0
video597.webm,0.8370923161786068,0
video5971.webm,0.9149332861883269,0
video5973.webm,0.8610572703660938,0
video5982.webm,0.8441865478112377,0
video5983.webm,0.8666547415702471,0
video5985.webm,0.8381527764316105,0
video5987.webm,0.9163380214129904,0
video5988.webm,0.8964439412207124,0
video5996.webm,0.8974719508735112,0
video5997.webm,0.8902090704225333,0
video5999.webm,0.8930267017818309,0
video601.webm,0.901093890010103,0
video6014.webm,0.833295928411154,0
video6020.webm,0.8693633234319317,0
video6023.webm,0.8716803186480061,0
video6025.webm,0.896042888258679,0
video6029.webm,0.8638996675645948,0
video6035.webm,0.8582883608554852,0
video6045.webm,0.8724685310063867,0
video6046.webm,0.8953845119006145,0
video6053.webm,0.811078787229017,0
video6066.webm,0.7986063539723086,0
video6070.webm,0.8299171318628619,0
video6078.webm,0.8835816162632246,0
video6082.webm,0.8086264139275692,0
video6083.webm,0.8511723673330186,0
video6085.webm,0.9307411195923045,0
video6090.webm,0.8815082912258253,0
video6101.webm,0.8894369307162205,0
video6108.webm,0.8947938622900193,0
video6113.webm,0.8208238352803863,0
video6118.webm,0.8828527161233919,0
video2487.webm,0.8538558584112564,0
video2493.webm,0.8587542105150399,0
video2503.webm,0.8726977959703682,0
video2504.webm,0.8759390968617834,0
video2506.webm,0.8127233371833287,0
video2510.webm,0.8548886375213439,0
video2511.webm,0.8462780402267862,0
video2518.webm,0.8806239494425739,0
video252.webm,0.8590776818787708,0
video2521.webm,0.8279146266474721,0
video2522.webm,0.8711371439093019,0
video2526.webm,0.8880428795735956,0
video2534.webm,0.8660991117421393,0
video2537.webm,0.8863954275457807,0
video2544.webm,0.8929274184623193,0
video2560.webm,0.8021821002139012,0
video2563.webm,0.8425912301908849,0
video2565.webm,0.8939577876757735,0
video2572.webm,0.8409882674905891,0
video2577.webm,0.8297656011667844,0
video2578.webm,0.8550330031697227,0
video2579.webm,0.8357212105320964,0
video2590.webm,0.8317325600573927,0
video2595.webm,0.8508252311488668,0
video2606.webm,0.9325617649736422,0
video2611.webm,0.8789626783397277,0
video2612.webm,0.8563126155098247,0
video2617.webm,0.8910710308130575,0
video262.webm,0.8377853416174852,0
video2624.webm,0.8558109692603547,0
video2626.webm,0.8603385161169234,0
video263.webm,0.87621900339347,0
video4167.webm,0.8769956995903686,0
video4176.webm,0.8406251772054173,0
video4177.webm,0.8332230246180631,0
video4181.webm,0.889774649293849,0
video4188.webm,0.849893362183942,0
video4197.webm,0.8894597411523618,0
video4199.webm,0.8591179393457339,0
video42.webm,0.8781543122726743,0
video420.webm,0.793656857444577,0
video4201.webm,0.8588367317630676,0
video4215.webm,0.8848626515141002,0
video422.webm,0.8542190293297177,0
video4221.webm,0.9206598104466002,0
video4222.webm,0.9053462805038998,0
video4225.webm,0.8318436137202091,0
video4232.webm,0.8633985164183425,0
video4234.webm,0.9075321318585111,0
video4244.webm,0.8794348866771237,0
video4253.webm,0.8321127776519665,0
video4259.webm,0.8304385271562058,0
video426.webm,0.8964799313108412,0
video4267.webm,0.873518419943019,0
video4268.webm,0.8955009668487024,0
video427.webm,0.8131786934600014,0
video4270.webm,0.8903728936854595,0
video4271.webm,0.8503178277223628,0
video4289.webm,0.8779033808894003,0
video429.webm,0.9292860865228671,0
video4290.webm,0.908221018572274,0
video4300.webm,0.7990380281676384,0
video4301.webm,0.8365445890914216,0
video4304.webm,0.8713796944766592,0
video4311.webm,0.9103437246012506,0
video4313.webm,0.8567322904116295,0
video4317.webm,0.8744691229988684,0
video432.webm,0.9328883598947472,0
video4320.webm,0.8538456293072882,0
video4326.webm,0.876844395504025,0
video4330.webm,0.9156494908414963,0
video4333.webm,0.8627631720617804,0
video3948.webm,0.8835005619706497,0
video3950.webm,0.8578974669017971,0
video3951.webm,0.8802963315390671,0
video3954.webm,0.8705854458759474,0
video3958.webm,0.8411544625866396,0
video3959.webm,0.8461689174097711,0
video3963.webm,0.8604919744164248,0
video3966.webm,0.8264677032248945,0
video397.webm,0.8588523902510857,0
video3973.webm,0.8323924498976395,0
video3978.webm,0.878709680295081,0
video3987.webm,0.8492242168914832,0
video3990.webm,0.9524510377475,0
video3992.webm,0.8304616360979076,0
video3996.webm,0.8908373327944072,0
video3998.webm,0.8909188886438819,0
video3999.webm,0.8885743702459944,0
video8285.webm,0.8149044762905642,0
video8298.webm,0.860975194217681,0
video8302.webm,0.8669214894683446,0
video8307.webm,0.8784466789903822,0
video8312.webm,0.8649207290181002,0
video8315.webm,0.9144638483595254,0
video832.webm,0.8711538834925449,0
video8320.webm,0.8303432284087151,0
video8321.webm,0.871060260358742,0
video8332.webm,0.909300339273158,0
video8340.webm,0.8516528295144608,0
video8342.webm,0.8626410363435058,0
video8343.webm,0.8377517462371076,0
video836.webm,0.870843625384138,0
video8362.webm,0.8883501626823697,0
video8370.webm,0.9368544591360791,0
video8372.webm,0.811500201603278,0
video8373.webm,0.8783840397562632,0
video8376.webm,0.8356955653371397,0
video8388.webm,0.8726702484927548,0
video8391.webm,0.8790353731494235,0
video8392.webm,0.8779742499243068,0
video8393.webm,0.8824393448084219,0
video8404.webm,0.8345044267427776,0
video8408.webm,0.8474962512197992,0
video841.webm,0.9448387098093215,0
video8411.webm,0.85967916873658,0
video8412.webm,0.8788517188706927,0
video8413.webm,0.9137005710368931,0
video8416.webm,0.8387802840225305,0
video8417.webm,0.8731540841809524,0
video8418.webm,0.8999163663009445,0
video8419.webm,0.8426763559484822,0
video8424.webm,0.843232142276056,0
video8431.webm,0.8694626054073629,0
video5463.webm,0.8839331329775046,0
video5464.webm,0.8454475551630174,0
video5468.webm,0.8704271235327017,0
video5469.webm,0.9091253351817177,0
video5471.webm,0.8751184929014797,0
video5473.webm,0.8823650299904275,0
video5475.webm,0.8865196976180911,0
video5485.webm,0.8111766557346896,0
video5492.webm,0.8942760025033027,0
video5493.webm,0.8337888817662523,0
video5499.webm,0.8322050836636916,0
video551.webm,0.7886451730025031,0
video5515.webm,0.8478263250731511,0
video5517.webm,0.8513335387656301,0
video5523.webm,0.862655094496345,0
video5527.webm,0.8316093449041935,0
video5529.webm,0.858816045644494,0
video5531.webm,0.8507226524346231,0
video5532.webm,0.8695499626854228,0
video5534.webm,0.8225032021919176,0
video5537.webm,0.8878032405354718,0
video5540.webm,0.9106629870276048,0
video5549.webm,0.859487035248974,0
video5556.webm,0.8560201061702963,0
video5557.webm,0.892910195077192,0
video5558.webm,0.9226482608470404,0
video5572.webm,0.8555890817431985,0
video5574.webm,0.8281978580793679,0
video5583.webm,0.8318706972083352,0
video5586.webm,0.8409445098456775,0
video7464.webm,0.8480402098687078,0
video7645.webm,0.8361552125424422,0
video7730.webm,0.8658107492211147,0
video7791.webm,0.8164346816786804,0
video7877.webm,0.8576427715583173,0
video7966.webm,0.8557736354261021,0
video8094.webm,0.8206011401490871,0
video8213.webm,0.8595423219192299,0
video8281.webm,0.920032757948005,0
video8432.webm,0.9015699609839319,0
video8519.webm,0.8003664516945375,0
video8656.webm,0.9165504809833036,0
video873.webm,0.7928157572397397,0
video8839.webm,0.8468922632428267,0
video8901.webm,0.8784677099040205,0
video8971.webm,0.9139589386493712,0
video9043.webm,0.940011193021391,0
video9124.webm,0.9333953667962143,0
video9233.webm,0.853514060156773,0
video9325.webm,0.8635684222855509,0
video9410.webm,0.9068768515473788,0
video9580.webm,0.8287099610423717,0
video9697.webm,0.9213944656225606,0
video9775.webm,0.8474291703693912,0
video9863.webm,0.8743162579294593,0
video320.webm,0.7879200867159084,0
video3203.webm,0.8557572782431343,0
video3209.webm,0.8748468140875105,0
video3210.webm,0.9050489433112491,0
video3219.webm,0.8875186754441661,0
video3222.webm,0.8250156497187924,0
video3226.webm,0.8704537938344763,0
video3228.webm,0.8546606705448231,0
video3229.webm,0.9108136128031776,0
video3233.webm,0.8246350357315141,0
video3234.webm,0.8718321527913343,0
video3240.webm,0.9226620459214473,0
video3241.webm,0.8873741519051479,0
video3253.webm,0.8656253655730434,0
video3257.webm,0.8483890934906407,0
video3260.webm,0.88771236296806,0
video3267.webm,0.9003403002763659,0
video3272.webm,0.8532524809833991,0
video3083.webm,0.8416985805563445,0
video3085.webm,0.9020036071242609,0
video3088.webm,0.8546545587823327,0
video309.webm,0.8886664309362776,0
video3108.webm,0.882081669746775,0
video3110.webm,0.8756690196844155,0
video3115.webm,0.8381260836326826,0
video312.webm,0.8929842796594368,0
video314.webm,0.8802897326567495,0
video3140.webm,0.8672865966341788,0
video3141.webm,0.8694956903725757,0
video3143.webm,0.824424495329986,0
video3148.webm,0.9477822579955848,0
video3156.webm,0.8817880031338622,0
video3157.webm,0.9290226585234791,0
video3164.webm,0.8087205495644297,0
video3166.webm,0.889901743698265,0
video3170.webm,0.8651399745570503,0
video3174.webm,0.9258757759940491,0
video1140.webm,0.9276778532148209,0
video1141.webm,0.8657434250530782,0
video1142.webm,0.7981837548400873,0
video1151.webm,0.8616189112328217,0
video1155.webm,0.8179172796826575,0
video1157.webm,0.930279284137996,0
video1158.webm,0.8679883173237823,0
video116.webm,0.8316519961109441,0
video1169.webm,0.8498046211243094,0
video117.webm,0.8751964806104227,0
video1172.webm,0.8305274172204679,0
video1179.webm,0.8859641506118174,0
video118.webm,0.8622612140883282,0
video1180.webm,0.8873007016326417,0
video1187.webm,0.8397643917763099,0
video1206.webm,0.8628906215255068,0
video1209.webm,0.8228654661207201,0
video1218.webm,0.8935081039361933,0
video1226.webm,0.7608938814596282,0
video1227.webm,0.8610475018366691,0
video1232.webm,0.9103021207240096,0
video1237.webm,0.8906815561437773,0
video1240.webm,0.8480797666507478,0
video3274.webm,0.8850279808471551,0
video3349.webm,0.8781091250352441,0
video3424.webm,0.849613294250916,0
video3486.webm,0.8371957739085462,0
video3594.webm,0.8118844503711152,0
video3658.webm,0.8968769920236169,0
video3729.webm,0.7865171122373416,0
video3876.webm,0.857809187698564,0
video3947.webm,0.9170460121616127,0
video4001.webm,0.8868862425540078,0
video4090.webm,0.8621134679437991,0
video4166.webm,0.8233842282464927,0
video4248.webm,0.8879161191596354,0
video4346.webm,0.8483888054965306,0
video4426.webm,0.8838849584303681,0
video4551.webm,0.8462975513692987,0
video4600.webm,0.8449497017350449,0
video468.webm,0.8707471177371704,0
video4755.webm,0.8887926744138477,0
video4887.webm,0.867266160643943,0
video5014.webm,0.8699203319888017,0
video3198.webm,0.8094309459132834,0
video5094.webm,0.8699552922390701,0
video7384.webm,0.8083318237841972,0
video6222.webm,0.8493585093692817,0
video6223.webm,0.832837559063445,0
video6226.webm,0.8105556118748839,0
video6228.webm,0.86638388390999,0
video6229.webm,0.8324297109636939,0
video6238.webm,0.8987445378458655,0
video6241.webm,0.9380381634786855,0
video6242.webm,0.8427354832665244,0
video6249.webm,0.8951702696595751,0
video6251.webm,0.8178849941795495,0
video6253.webm,0.8844570023446482,0
video6259.webm,0.8709740598361777,0
video6263.webm,0.9226812865568608,0
video6267.webm,0.8833200969387823,0
video6273.webm,0.8955362607375957,0
video6274.webm,0.907538519722987,0
video6282.webm,0.838426281415563,0
video6283.webm,0.9000958174500955,0
video6287.webm,0.9161121027178457,0
video6292.webm,0.8256685874239532,0
video630.webm,0.8933122793731028,0
video6300.webm,0.7462354437911877,0
video6301.webm,0.9049950352177991,0
video6302.webm,0.9593199159819359,0
video6308.webm,0.7654068291142697,0
video6314.webm,0.8449755847030578,0
video6327.webm,0.9282440945531429,0
video6334.webm,0.9039172742076389,0
video6341.webm,0.8265965712434374,0
video6414.webm,0.8621184127448456,0
video6417.webm,0.8861250474653014,0
video6424.webm,0.9025315164898936,0
video6428.webm,0.8163985900998537,0
video6430.webm,0.9130172016184672,0
video6435.webm,0.7889995160816206,0
video6443.webm,0.8197224594346135,0
video6445.webm,0.8876452802849131,0
video6449.webm,0.9150255422296467,0
video645.webm,0.9059390824704149,0
video6451.webm,0.8996218215566261,0
video6455.webm,0.8508572387097478,0
video6459.webm,0.8343853433646622,0
video6464.webm,0.8367940249950832,0
video6468.webm,0.8985013907560169,0
video6469.webm,0.8461553273715614,0
video6471.webm,0.8598230604326332,0
video6472.webm,0.8473411335148973,0
video6482.webm,0.828240549488319,0
video6487.webm,0.9318923992623032,0
video6490.webm,0.8960854360676834,0
video6495.webm,0.889163411311701,0
video6497.webm,0.7614517292883903,0
video6500.webm,0.902073036475322,0
video6511.webm,0.8224822956072388,0
video6513.webm,0.842395627925924,0
video6514.webm,0.8794820760698582,0
video6520.webm,0.895254001457403,0
video6522.webm,0.8679117027500488,0
video6529.webm,0.9267509993680009,0
video7467.webm,0.9489302679214617,0
video7476.webm,0.8742886369332032,0
video748.webm,0.9176515930004894,0
video7482.webm,0.8329702216118213,0
video7484.webm,0.854277094936999,0
video7487.webm,0.9417203846185619,0
video7490.webm,0.9270881689072643,0
video7501.webm,0.8319929927047854,0
video7509.webm,0.8976146132432188,0
video7512.webm,0.8544705731773766,0
video7514.webm,0.8604491526187118,0
video7529.webm,0.8970771655152271,0
video7537.webm,0.8731424515841673,0
video7547.webm,0.8711612863167031,0
video7551.webm,0.8230395296138863,0
video7553.webm,0.8702539038278941,0
video7557.webm,0.8676170936494628,0
video7559.webm,0.8561829062034019,0
video756.webm,0.8941429850249228,0
video7561.webm,0.8652583963353793,0
video7564.webm,0.8321136568286398,0
video7570.webm,0.8552446334698937,0
video7577.webm,0.901999130234174,0
video7583.webm,0.8850623241894471,0
video7586.webm,0.8828191329489989,0
video7594.webm,0.8758598011786075,0
video7595.webm,0.887532436437876,0
video7601.webm,0.877971260025424,0
video7620.webm,0.848454462885977,0
video7622.webm,0.9136528631113168,0
video7623.webm,0.9382733490021862,0
video7630.webm,0.872131301446943,0
video7639.webm,0.8296560895271033,0
video8662.webm,0.8450245691353296,0
video8666.webm,0.8892232175767817,0
video8675.webm,0.8580356938618797,0
video8681.webm,0.8553195171923013,0
video8682.webm,0.8727819046995001,0
video8686.webm,0.86304939403384,0
video8688.webm,0.866245080467134,0
video8690.webm,0.9264745217975674,0
video8697.webm,0.9413925979350732,0
video8699.webm,0.7986704282738087,0
video8703.webm,0.8836106329686444,0
video8706.webm,0.8743317216861038,0
video8707.webm,0.9457847939784196,0
video8712.webm,0.8519865068856265,0
video8715.webm,0.8314048462707411,0
video8716.webm,0.920682149591361,0
video8721.webm,0.9353576409094433,0
video8728.webm,0.8440802947000074,0
video9046.webm,0.8725007011023987,0
video9049.webm,0.9224275572125089,0
video9051.webm,0.7857200306063752,0
video9054.webm,0.8731757156022836,0
video9062.webm,0.8329230605292989,0
video9077.webm,0.8595505885949776,0
video9080.webm,0.8953116312070545,0
video9081.webm,0.8870939128022993,0
video9085.webm,0.816226708708901,0
video9087.webm,0.8734374409134178,0
video9099.webm,0.876705450003451,0
video91.webm,0.7842888627894227,0
video910.webm,0.8537770890000697,0
video9104.webm,0.8698348290927554,0
video911.webm,0.8733154307263035,0
video9111.webm,0.8135883979973678,0
video9122.webm,0.8831830793577476,0
video8737.webm,0.8179903845415548,0
video8745.webm,0.8744718991332493,0
video8747.webm,0.8746407550075068,0
video875.webm,0.8506067176596677,0
video876.webm,0.867750231515529,0
video8761.webm,0.9158992385855658,0
video8767.webm,0.8297650295368403,0
video8769.webm,0.8385042826463248,0
video8773.webm,0.9053979104562089,0
video8777.webm,0.8769436646469355,0
video8787.webm,0.8800759727471552,0
video8793.webm,0.8595630164499026,0
video8798.webm,0.8210900281311122,0
video8801.webm,0.8283085763487491,0
video8809.webm,0.8434032678773374,0
video8812.webm,0.9204840371402576,0
video882.webm,0.8565714971282216,0
video8823.webm,0.8694524736932825,0
video8824.webm,0.8040866095285,0
video8831.webm,0.8255202197065383,0
video8832.webm,0.9114699749411093,0
video8836.webm,0.9120405005058831,0
video570.webm,0.8906338391198958,0
video5708.webm,0.7986477068808723,0
video5714.webm,0.8664164764783713,0
video572.webm,0.8713326104054558,0
video5726.webm,0.8688225157438806,0
video5727.webm,0.8527073861909992,0
video5728.webm,0.8649083466169443,0
video5732.webm,0.8692510687331291,0
video5735.webm,0.8350637365615774,0
video5738.webm,0.8486543579669477,0
video5741.webm,0.8355460777240485,0
video5744.webm,0.8582731880326355,0
video5749.webm,0.9072952008903157,0
video575.webm,0.8842031544999006,0
video5752.webm,0.8664813774486902,0
video5774.webm,0.8758532456655311,0
video5782.webm,0.8263787135206747,0
video5787.webm,0.8330182896975306,0
video5789.webm,0.814422216281983,0
video5792.webm,0.8586283373531958,0
video5795.webm,0.8378944623939867,0
video5796.webm,0.8967447244802405,0
video5798.webm,0.8713603568961639,0
video5803.webm,0.852140582811507,0
video5814.webm,0.8673128348597776,0
video5820.webm,0.921220742981846,0
video5827.webm,0.9088236518856453,0
video5830.webm,0.8300321795935147,0
video5834.webm,0.9128880586266575,0
video5836.webm,0.8597308898828193,0
video8975.webm,0.8542234038000874,0
video8982.webm,0.8969538660921017,0
video8991.webm,0.7859666046010804,0
video8993.webm,0.8582314312150847,0
video8996.webm,0.8603572266710329,0
video9.webm,0.8137101150579046,0
video9002.webm,0.8301647319056145,0
video9015.webm,0.87202089330153,0
video9019.webm,0.912686632607181,0
video9021.webm,0.9000308133889864,0
video9023.webm,0.9439136168563257,0
video9024.webm,0.9133211433977078,0
video9029.webm,0.8794170542123654,0
video903.webm,0.839904430123486,0
video9030.webm,0.8822557833142332,0
video9036.webm,0.8820050776311379,0
video904.webm,0.8535228972478478,0
video9040.webm,0.8945422362991402,0
video1659.webm,0.8022295114508529,0
video1666.webm,0.855012595767924,0
video1668.webm,0.9065980241062929,0
video1671.webm,0.8976920101037067,0
video169.webm,0.8743024937338558,0
video1692.webm,0.8515091110077626,0
video1706.webm,0.8474519280330451,0
video1710.webm,0.8367987640113178,0
video1712.webm,0.9153673449982423,0
video1713.webm,0.8251708668445485,0
video1720.webm,0.79007629323094,0
video1723.webm,0.8410126759913465,0
video1726.webm,0.8669595434068212,0
video1728.webm,0.8935693214465609,0
video174.webm,0.860262597918125,0
video1752.webm,0.8719426609525693,0
video1754.webm,0.8902699572666697,0
video1775.webm,0.8470190387145444,0
video1776.webm,0.8482796744323096,0
video1783.webm,0.8669307544935487,0
video1787.webm,0.7949413304929158,0
video1788.webm,0.8155248993706752,0
video1791.webm,0.8510772945757404,0
video1792.webm,0.825793025736596,0
video1796.webm,0.8389105305614106,0
video1798.webm,0.8638961568333812,0
video1808.webm,0.9010993540113001,0
video181.webm,0.918844247628799,0
video1816.webm,0.9052741953449199,0
video1820.webm,0.7997582885144515,0
video1831.webm,0.8698833022601352,0
video1836.webm,0.9191291084465288,0
video1840.webm,0.8599964950054382,0
video1842.webm,0.8217834318098329,0
video1845.webm,0.8741857975440442,0
video1853.webm,0.8846220623002254,0
video1856.webm,0.8438369274061917,0
video1870.webm,0.842373672306868,0
video1875.webm,0.8303821584606536,0
video1876.webm,0.8639790537044478,0
video4436.webm,0.8397933857282307,0
video4437.webm,0.8037283086822964,0
video4438.webm,0.8678873464670077,0
video4445.webm,0.8554935230155265,0
video445.webm,0.8391820726963993,0
video4454.webm,0.8800284304013318,0
video4457.webm,0.840287561345571,0
video4466.webm,0.8882799494956486,0
video4489.webm,0.8167913759355253,0
video4490.webm,0.9246001411922226,0
video450.webm,0.8786013028019937,0
video4502.webm,0.8466836312791688,0
video4509.webm,0.8642098415525508,0
video4514.webm,0.8893358411950015,0
video4517.webm,0.8539645153416545,0
video4521.webm,0.8446266314323568,0
video4532.webm,0.9148636696210816,0
video4535.webm,0.8651750344367904,0
video4541.webm,0.8841827170354823,0
video1318.webm,0.8311149318895756,0
video1320.webm,0.8624745762671264,0
video1323.webm,0.8856156228433584,0
video1326.webm,0.8134215766280893,0
video1327.webm,0.9430279837458548,0
video1331.webm,0.8596546572440638,0
video1334.webm,0.8405922171781961,0
video1339.webm,0.8417255752787413,0
video134.webm,0.8765224967814675,0
video1344.webm,0.9051684767612721,0
video1349.webm,0.89315421346872,0
video135.webm,0.8444380513839881,0
video1350.webm,0.8923363122888007,0
video1360.webm,0.9009617970386137,0
video1361.webm,0.9034710631113118,0
video1362.webm,0.8350418990007853,0
video1370.webm,0.8776458147716055,0
video1372.webm,0.9024965851052755,0
video1374.webm,0.8609016103720278,0
video1376.webm,0.8698105291780293,0
video1379.webm,0.854237452314129,0
video1381.webm,0.8353085677396216,0
video1384.webm,0.873513235183005,0
video6787.webm,0.8806231758057081,0
video6805.webm,0.8736940121484265,0
video6818.webm,0.8934424187833856,0
video6821.webm,0.9137126621330155,0
video6824.webm,0.8147608829157983,0
video6827.webm,0.9007387501164446,0
video6835.webm,0.9145529410416812,0
video6837.webm,0.8276294596879179,0
video6838.webm,0.8480653792801939,0
video6840.webm,0.8825925852390077,0
video6843.webm,0.7888329664010696,0
video6848.webm,0.9107616832250051,0
video685.webm,0.8639751858900377,0
video6855.webm,0.8239744678193682,0
video6857.webm,0.847572720731781,0
video6867.webm,0.8670833474571622,0
video6868.webm,0.8500217907801759,0
video6874.webm,0.874291448869363,0
video6881.webm,0.8627683739750219,0
video6884.webm,0.864208127783889,0
video6892.webm,0.8728835650502671,0
video6902.webm,0.8978838390259434,0
video6906.webm,0.8498488376417233,0
video3279.webm,0.8921057062193408,0
video328.webm,0.8155771768031999,0
video3289.webm,0.8410417877485861,0
video3290.webm,0.8731648965322062,0
video3293.webm,0.8667189721562454,0
video3295.webm,0.8674718688316697,0
video3296.webm,0.8316019428333905,0
video3298.webm,0.911644643271666,0
video3300.webm,0.864620075717496,0
video3302.webm,0.8770444598031084,0
video3303.webm,0.8748054353795072,0
video3306.webm,0.8669451964206447,0
video3310.webm,0.8834225811047509,0
video3312.webm,0.840689907850963,0
video3320.webm,0.9156599753997018,0
video3326.webm,0.8869583025814415,0
video3332.webm,0.8594202925723955,0
video3336.webm,0.8734540035199594,0
video3337.webm,0.8928563269373591,0
video3342.webm,0.8623995652273552,0
video3345.webm,0.8042678858149703,0
video3347.webm,0.8997100456799773,0
video97.webm,0.9524792135923095,0
video9700.webm,0.885401253127211,0
video971.webm,0.8984181741418051,0
video9713.webm,0.8765620344865147,0
video9721.webm,0.8126603681854027,0
video9722.webm,0.8741279261616075,0
video9724.webm,0.8812495094233903,0
video9726.webm,0.9048672684003095,0
video9727.webm,0.8814050617059783,0
video9728.webm,0.9259987967848948,0
video973.webm,0.8181132357604181,0
video9734.webm,0.8592319188157084,0
video9735.webm,0.9127384177177352,0
video9750.webm,0.8668189479827819,0
video9759.webm,0.8726520023182976,0
video9761.webm,0.828019415131352,0
video9763.webm,0.8428052862368747,0
video977.webm,0.8594692554102762,0
video9770.webm,0.8365223290517543,0
video9774.webm,0.8675380401035091,0
video4757.webm,0.8325202332018385,0
video4762.webm,0.903083520263965,0
video4767.webm,0.8752465748558883,0
video4778.webm,0.8559048682921111,0
video4784.webm,0.8806999109625758,0
video4785.webm,0.896683080605566,0
video4786.webm,0.9012084947129819,0
video4789.webm,0.8596922765653178,0
video4792.webm,0.805627466724876,0
video4806.webm,0.8677282479064539,0
video482.webm,0.8911381689558593,0
video4847.webm,0.8318994029473752,0
video4849.webm,0.8722194179614567,0
video4856.webm,0.8424412151802506,0
video4859.webm,0.8909002343345047,0
video4861.webm,0.8597835618448209,0
video4875.webm,0.845971468921187,0
video4880.webm,0.8894021929452797,0
video4883.webm,0.789532250200215,0
video4603.webm,0.9073702414300778,0
video4608.webm,0.8090268174618841,0
video4616.webm,0.9332715226340356,0
video4624.webm,0.8678865721364482,0
video4633.webm,0.849774352652845,0
video4636.webm,0.8236244476007696,0
video4638.webm,0.8318848135102968,0
video4641.webm,0.9306811353711548,0
video4650.webm,0.880615102149902,0
video4656.webm,0.8993643900867426,0
video4659.webm,0.9036816702376854,0
video466.webm,0.8676762376626591,0
video4665.webm,0.8829642549964971,0
video4669.webm,0.9100089352656505,0
video4672.webm,0.8897792833720812,0
video4673.webm,0.916758558695383,0
video4675.webm,0.8623360793222722,0
video4676.webm,0.8669543610194295,0
video9411.webm,0.7996580785946756,0
video9413.webm,0.9011114737983533,0
video9418.webm,0.7957030994572495,0
video9429.webm,0.8793159169354208,0
video9436.webm,0.7774874990779769,0
video944.webm,0.8591613320617889,0
video9442.webm,0.8765726606433266,0
video9444.webm,0.8485984236691728,0
video9447.webm,0.8544953661114889,0
video945.webm,0.8749934170403179,0
video9458.webm,0.8597439146608247,0
video9459.webm,0.8745448553197699,0
video946.webm,0.8298240560830576,0
video9467.webm,0.8666097699485635,0
video9471.webm,0.9161637793339215,0
video9482.webm,0.8794828199819241,0
video9489.webm,0.9415681497438254,0
video9491.webm,0.8803485794289374,0
video9494.webm,0.8352878514010383,0
video9498.webm,0.8306505968262509,0
video950.webm,0.8850061655175285,0
video9514.webm,0.9037708601297144,0
video9520.webm,0.9081559881692046,0
video9539.webm,0.8622142770744267,0
video9540.webm,0.8389773454074064,0
video955.webm,0.8725954736783978,0
video9563.webm,0.9031698276465996,0
video9569.webm,0.8778574226302671,0
video9570.webm,0.8729121191629315,0
video9578.webm,0.8924586164131214,0
video9579.webm,0.7800736747158161,0
video230.webm,0.8653361074704593,0
video2305.webm,0.8466519568353077,0
video2307.webm,0.8637757536009789,0
video2313.webm,0.8366559193321265,0
video232.webm,0.916407952009819,0
video2320.webm,0.8803704207058971,0
video2331.webm,0.8990816036712589,0
video2333.webm,0.9116053519929888,0
video2338.webm,0.8601173181771352,0
video2346.webm,0.8916384501611657,0
video235.webm,0.8170432331330241,0
video2350.webm,0.8589783813287949,0
video2366.webm,0.8567210559917002,0
video2368.webm,0.9075035027374587,0
video2371.webm,0.8531109181200063,0
video2378.webm,0.8799244869181133,0
video2384.webm,0.858337654747276,0
video2390.webm,0.846046613560334,0
video2392.webm,0.8829420340588474,0
video7968.webm,0.8749293575901442,0
video7971.webm,0.8583328543384825,0
video7974.webm,0.8795424300155812,0
video7978.webm,0.895106654044383,0
video7979.webm,0.87951936774715,0
video7982.webm,0.8262620025296354,0
video7989.webm,0.8581566907617609,0
video8003.webm,0.8712743411748,0
video8005.webm,0.8933180329978084,0
video8006.webm,0.8738589966968144,0
video8007.webm,0.8799909587750855,0
video8011.webm,0.9384786830324658,0
video8017.webm,0.8909559001529921,0
video802.webm,0.8029691885629413,0
video8020.webm,0.9316795250794567,0
video8025.webm,0.9085852135564911,0
video8031.webm,0.8664042224066193,0
video8034.webm,0.7694658014675145,0
video8039.webm,0.8930317705514975,0
video804.webm,0.8695886890230702,0
video8046.webm,0.8608158876608031,0
video8053.webm,0.8591366893588233,0
video8055.webm,0.8704501379929515,0
video8070.webm,0.8738698569893515,0
video8083.webm,0.8220605441720739,0
video8093.webm,0.8992224423557379,0
video9126.webm,0.816547869599884,0
video9129.webm,0.8851578019122868,0
video913.webm,0.8819773161137522,0
video9136.webm,0.8792374621877763,0
video9144.webm,0.9174200130581542,0
video9146.webm,0.7869919794516154,0
video9148.webm,0.82988134548714,0
video9149.webm,0.8397210137103794,0
video9154.webm,0.867046625745592,0
video9156.webm,0.7804912449073594,0
video9161.webm,0.9446065425006076,0
video9164.webm,0.8649682768801249,0
video9173.webm,0.8655922790338771,0
video9178.webm,0.831345331129921,0
video9182.webm,0.9072528085238413,0
video9189.webm,0.8835998960348413,0
video9195.webm,0.8975695954634505,0
video9196.webm,0.8422010488777207,0
video9199.webm,0.8706495066189618,0
video9200.webm,0.8288028432380484,0
video9201.webm,0.9053516772035584,0
video4002.webm,0.8769223044099153,0
video4013.webm,0.8564806344424887,0
video4019.webm,0.8325326459380253,0
video4021.webm,0.861636291488876,0
video4023.webm,0.8839904392044438,0
video4025.webm,0.8556221688731062,0
video4027.webm,0.8397992283848248,0
video4034.webm,0.8180913516897347,0
video4036.webm,0.8342211837202889,0
video4037.webm,0.8959613880738061,0
video4038.webm,0.9101711641803211,0
video4041.webm,0.8853072135530329,0
video4042.webm,0.9480484647281874,0
video4048.webm,0.8640266494013608,0
video4053.webm,0.8686845413689261,0
video406.webm,0.8644889742322318,0
video4072.webm,0.840336595154734,0
video4073.webm,0.903711155029656,0
video4076.webm,0.8748888526188258,0
video4084.webm,0.8975052550411976,0
