video1.webm,0.7939014216021423,0
video1000.webm,0.7760852897751297,0
video1002.webm,0.7982960114525188,0
video1008.webm,0.7918052644249644,0
video1010.webm,0.7804899648201061,0
video1011.webm,0.7859779651457312,0
video1013.webm,0.7855908538607989,0
video1016.webm,0.7982051844675321,0
video1018.webm,0.7924576760395343,0
video1026.webm,0.7866471853591912,0
video1029.webm,0.799195092435573,0
video103.webm,0.7669427627052319,0
video1034.webm,0.7895437346495671,0
video1037.webm,0.8015259638967743,0
video1058.webm,0.7895852152364257,0
video1059.webm,0.7801651583829996,0
video1062.webm,0.7907147119856797,0
video1072.webm,0.7970499765603782,0
video1082.webm,0.8021964499107009,0
video1087.webm,0.7690250485931317,0
video109.webm,0.7874737272542328,0
video1092.webm,0.7752457186864226,0
video1094.webm,0.8002641142932806,0
video1096.webm,0.8083270129429345,0
video1098.webm,0.7825791830009808,0
video11.webm,0.7866661853482101,0
video1101.webm,0.7961795477530673,0
video1108.webm,0.7952267513353768,0
video111.webm,0.7964584889645886,0
video1113.webm,0.7665660201763379,0
video1120.webm,0.7826489718325216,0
video1123.webm,0.7890136366850714,0
video1126.webm,0.7872590777845119,0
video1130.webm,0.757830346705611,0
video6125.webm,0.8048463067958233,0
video613.webm,0.8113513198417514,0
video6130.webm,0.7816842960765363,0
video6137.webm,0.7857997633392073,0
video6144.webm,0.7761600832786016,0
video6147.webm,0.7895769189277676,0
video6153.webm,0.7892089199101721,0
video6159.webm,0.7939280304209814,0
video6176.webm,0.8025048212374142,0
video6180.webm,0.8041073182667751,0
video6181.webm,0.7899927229659542,0
video6193.webm,0.7977830926726381,0
video6197.webm,0.7987768129162239,0
video6200.webm,0.7593016446834742,0
video6202.webm,0.770267171169802,0
video6211.webm,0.8160211087154736,0
video6217.webm,0.8251536879670277,0
video3350.webm,0.7862256629559884,0
video3355.webm,0.8168747192655583,0
video3356.webm,0.7927745074769531,0
video3360.webm,0.8036126137435766,0
video3364.webm,0.7920609164191844,0
video3366.webm,0.8020389104989167,0
video3369.webm,0.7947343827199449,0
video337.webm,0.7763526679195679,0
video3372.webm,0.7519591728097486,0
video3374.webm,0.7887338851838741,0
video3378.webm,0.7746932257148568,0
video3381.webm,0.7846845884896682,0
video3383.webm,0.7794619619594806,0
video3385.webm,0.789945621868499,0
video3413.webm,0.7900664993838439,0
video3419.webm,0.7818686057839329,0
video3422.webm,0.8159263638912151,0
video1068.webm,0.8192410829113633,0
video1138.webm,0.8006819091525983,0
video1248.webm,0.8028425028496783,0
video1316.webm,0.8009684963627157,0
video139.webm,0.7681316475485784,0
video15.webm,0.807986292370573,0
video1653.webm,0.7797231631888386,0
video1773.webm,0.8067371786459483,0
video1890.webm,0.7861684785939774,0
video2040.webm,0.7923625347742771,0
video2102.webm,0.7983477810914935,0
video2225.webm,0.7830577513825414,0
video2299.webm,0.7851410294356513,0
video24.webm,0.7603679475490215,0
video2481.webm,0.806628868218443,0
video2631.webm,0.781610091174424,0
video270.webm,0.7932281839739506,0
video2790.webm,0.8344860463238826,0
video2873.webm,0.7805294634926019,0
video2993.webm,0.7882108081616319,0
video3081.webm,0.7824124966495689,0
video3429.webm,0.8201004977353394,0
video343.webm,0.767409209358277,0
video3432.webm,0.7925222631465821,0
video3437.webm,0.784909969670904,0
video3438.webm,0.7854494036724257,0
video3443.webm,0.7656386332295654,0
video3445.webm,0.812797940131448,0
video3446.webm,0.797187659707499,0
video3458.webm,0.7976260252423173,0
video3461.webm,0.8025594049201815,0
video3464.webm,0.80884776056032,0
video3467.webm,0.7680303322704263,0
video3469.webm,0.7933578919779369,0
video3473.webm,0.746770305924417,0
video3475.webm,0.7987737044967943,0
video3483.webm,0.808097626643405,0
video3484.webm,0.8175295272555198,0
video3485.webm,0.7922063524486765,0
video2043.webm,0.7912815572564181,0
video2047.webm,0.7434387095356717,0
video2048.webm,0.7775217890406199,0
video2053.webm,0.7791702118596525,0
video2056.webm,0.8170920195077251,0
video2057.webm,0.789223656777192,0
video2067.webm,0.7971678233915447,0
video2080.webm,0.7847216408825356,0
video2081.webm,0.7853081517941257,0
video2083.webm,0.7597643962299869,0
video2084.webm,0.7940270077667904,0
video2085.webm,0.7876154614712991,0
video2090.webm,0.7951319481114694,0
video2092.webm,0.791245442329781,0
video2094.webm,0.7730072075017034,0
video2096.webm,0.8120214075480684,0
video2099.webm,0.7621991479927179,0
video1892.webm,0.7880825209161697,0
video1902.webm,0.7803738824232508,0
video1910.webm,0.794632400779775,0
video1917.webm,0.7823677441610684,0
video1925.webm,0.7933455070204998,0
video1927.webm,0.8077608192317215,0
video1930.webm,0.8094641422126185,0
video1932.webm,0.7846544060370286,0
video1935.webm,0.7939847694060451,0
video194.webm,0.8051636181866909,0
video1945.webm,0.8237826098660267,0
video1949.webm,0.794402303520954,0
video1959.webm,0.8053807242049363,0
video197.webm,0.7768211406612592,0
video1970.webm,0.8280128694236926,0
video1972.webm,0.740357314021463,0
video1978.webm,0.7974993308187547,0
video1987.webm,0.8075741281458961,0
video1992.webm,0.7940420528879676,0
video1994.webm,0.7933223407555684,0
video2.webm,0.7905953901863731,0
video2000.webm,0.7817523162173254,0
video2006.webm,0.7654999662527354,0
video2007.webm,0.7934818645163213,0
video2010.webm,0.7816409081311824,0
video2015.webm,0.763808677782956,0
video2017.webm,0.777180019961412,0
video202.webm,0.8289410290292284,0
video2021.webm,0.7724322661456323,0
video2023.webm,0.776062822201666,0
video2039.webm,0.7972872529709266,0
video204.webm,0.7955271450980187,0
video7881.webm,0.7735101575940877,0
video7882.webm,0.7996886220258296,0
video7900.webm,0.7945613922533561,0
video7905.webm,0.7975613927178223,0
video7911.webm,0.8040507667737088,0
video7914.webm,0.815489829620298,0
video7922.webm,0.7853523317970277,0
video7924.webm,0.8058534273474105,0
video7932.webm,0.7714818965998391,0
video7934.webm,0.7912460885960665,0
video7937.webm,0.8046554184812965,0
video7938.webm,0.8151937240744059,0
video7943.webm,0.7945329265469382,0
video7949.webm,0.8117416527349969,0
video7950.webm,0.8095827154302987,0
video7960.webm,0.7888687994106864,0
video7965.webm,0.7849423827979336,0
video7178.webm,0.7899663463711475,0
video7182.webm,0.7851730288345664,0
video7186.webm,0.7648716224369558,0
video7187.webm,0.7665250399366098,0
video7190.webm,0.7835025702656142,0
video7212.webm,0.7925656908745803,0
video7228.webm,0.7937805438777068,0
video7232.webm,0.818116222929015,0
video7234.webm,0.8115048140757669,0
video7236.webm,0.7911068468333746,0
video7247.webm,0.7995272066532739,0
video7252.webm,0.7827471830553714,0
video7254.webm,0.7920881349244264,0
video7268.webm,0.8293961252569608,0
video7272.webm,0.801146489517344,0
video7277.webm,0.7877834473705798,0
video7280.webm,0.7866049587523303,0
video8841.webm,0.7888299268914198,0
video8844.webm,0.7767428762934229,0
video8847.webm,0.7890258903389179,0
video8848.webm,0.7919762476475753,0
video8850.webm,0.7874451227298086,0
video8854.webm,0.823255296804953,0
video8857.webm,0.7707706110640868,0
video8864.webm,0.803304894220155,0
video8867.webm,0.7920733169386625,0
video888.webm,0.804472900929707,0
video8880.webm,0.7940340575215499,0
video8882.webm,0.8017282819072299,0
video8884.webm,0.7877945067495928,0
video8886.webm,0.79955888460959,0
video8898.webm,0.7721061140708919,0
video8899.webm,0.7768122460876568,0
video890.webm,0.7817873842456206,0
video2633.webm,0.7873426152873816,0
video264.webm,0.8130362196325802,0
video2644.webm,0.7910151709736345,0
video2648.webm,0.7960710889147383,0
video2657.webm,0.7986203336424448,0
video266.webm,0.7980757191271369,0
video2661.webm,0.7579780496021175,0
video2662.webm,0.7920416672251815,0
video2675.webm,0.782932577089134,0
video2676.webm,0.7988295807568997,0
video2679.webm,0.8055675417615116,0
video268.webm,0.8245180005179296,0
video2683.webm,0.8166865373330543,0
video2692.webm,0.7984334715539382,0
video2697.webm,0.8092778957231425,0
video2698.webm,0.7829969993472623,0
video2699.webm,0.7845191602307084,0
video4351.webm,0.7816147479804874,0
video436.webm,0.8249971539054839,0
video4361.webm,0.7813002335921412,0
video4362.webm,0.7630194796083308,0
video4364.webm,0.8076193054968811,0
video4366.webm,0.7707984807937276,0
video4367.webm,0.7897335262975061,0
video4372.webm,0.7723678450127819,0
video4377.webm,0.7770944806350834,0
video4383.webm,0.8037950998320886,0
video4384.webm,0.7984433423298155,0
video4395.webm,0.8001506101622434,0
video4398.webm,0.8364687092686091,0
video4401.webm,0.7532700977701919,0
video4414.webm,0.7641079982904978,0
video4415.webm,0.7906749781009358,0
video4417.webm,0.814415024079769,0
video4421.webm,0.7621980381865173,0
video5021.webm,0.7933336725633169,0
video5027.webm,0.7889492547352712,0
video5035.webm,0.8038930674748751,0
video5040.webm,0.7926968142811047,0
video5046.webm,0.7969054229779424,0
video5052.webm,0.7722602770246857,0
video5053.webm,0.7924826312011517,0
video5054.webm,0.7473208132358271,0
video5057.webm,0.7892772101449094,0
video5065.webm,0.792210724169729,0
video5067.webm,0.7678888317995176,0
video507.webm,0.7918138630107014,0
video5071.webm,0.8005914036197432,0
video5073.webm,0.787691166780854,0
video5077.webm,0.7804392371055269,0
video5079.webm,0.8050418646447841,0
video5092.webm,0.805458541395419,0
video8908.webm,0.7741130493760142,0
video8917.webm,0.7869771704531521,0
video8919.webm,0.7951419049697424,0
video8921.webm,0.7737726299897428,0
video8922.webm,0.7900194073106341,0
video8925.webm,0.79090757540521,0
video8927.webm,0.7531265405328789,0
video893.webm,0.7813626121314794,0
video8936.webm,0.7965773650885417,0
video8939.webm,0.7965523790584508,0
video894.webm,0.7938160496086323,0
video8941.webm,0.7965103222955908,0
video8943.webm,0.7904576490749877,0
video8947.webm,0.8082700617558409,0
video8951.webm,0.7922978498752608,0
video8958.webm,0.7784404983559409,0
video8966.webm,0.7822221585958835,0
video897.webm,0.8041596771181261,0
video1390.webm,0.8107308859536424,0
video1391.webm,0.7813687790515024,0
video1396.webm,0.7901925273075139,0
video14.webm,0.783019980034709,0
video1400.webm,0.780491547563032,0
video1418.webm,0.8091054943787408,0
video1424.webm,0.7898445789378172,0
video1425.webm,0.7774998553423342,0
video144.webm,0.803337258533072,0
video1442.webm,0.7934076224440413,0
video1448.webm,0.7676162475427604,0
video1450.webm,0.7875711214185545,0
video1468.webm,0.7806592018120715,0
video1469.webm,0.7903030477075071,0
video147.webm,0.8025170632719362,0
video1475.webm,0.7870569390634851,0
video148.webm,0.7586503979075061,0
video1495.webm,0.781924766090035,0
video6548.webm,0.7842810386329304,0
video6549.webm,0.7716636447623418,0
video655.webm,0.8105359708256874,0
video6553.webm,0.7868090144778016,0
video6571.webm,0.7820681604629515,0
video6575.webm,0.772874121611452,0
video658.webm,0.7823727444782552,0
video6580.webm,0.7983049286535704,0
video659.webm,0.8094162997407878,0
video6597.webm,0.8330422395643916,0
video6603.webm,0.8059494226190406,0
video6605.webm,0.7713428495460539,0
video6606.webm,0.7851716266556252,0
video6612.webm,0.8117849999839385,0
video6614.webm,0.7598012967716313,0
video6615.webm,0.77508921071574,0
video6620.webm,0.7686286112008127,0
video3878.webm,0.8120381503113207,0
video3879.webm,0.8146325895466972,0
video388.webm,0.8099955339230447,0
video3883.webm,0.7945209119586405,0
video3888.webm,0.793913125675394,0
video3900.webm,0.8246011592620835,0
video3902.webm,0.803619625083879,0
video3906.webm,0.7818404093035932,0
video3911.webm,0.7920674253100859,0
video3915.webm,0.7961876949021073,0
video3916.webm,0.7417830298295649,0
video3920.webm,0.7750298578219146,0
video3921.webm,0.7815874573453561,0
video3930.webm,0.7982635471919032,0
video3934.webm,0.8025242421082289,0
video3935.webm,0.7871704852867356,0
video3939.webm,0.800968156775,0
video3945.webm,0.8060628127766973,0
video8440.webm,0.7778593123855805,0
video8445.webm,0.8066570935141816,0
video845.webm,0.8140322692471282,0
video8450.webm,0.7966822852218781,0
video8457.webm,0.7889243884062704,0
video8460.webm,0.7948641758411307,0
video8462.webm,0.8028213430181558,0
video8463.webm,0.7539227450160211,0
video8467.webm,0.7680487888025378,0
video8469.webm,0.7860876381822975,0
video8483.webm,0.7793127219026174,0
video8484.webm,0.7706781745256013,0
video8486.webm,0.7782572903528174,0
video8490.webm,0.8099074496067186,0
video8501.webm,0.7711873908830842,0
video8502.webm,0.799307373784758,0
video8511.webm,0.8139756605245705,0
video2229.webm,0.7879164401027494,0
video2230.webm,0.7897857902467186,0
video2231.webm,0.822383482341271,0
video2241.webm,0.824821230083905,0
video2243.webm,0.7897203951564915,0
video2247.webm,0.7828607102865508,0
video226.webm,0.7689617507366322,0
video2265.webm,0.8023302991532814,0
video2269.webm,0.8015560237249332,0
video2271.webm,0.8047215689848244,0
video2277.webm,0.826074855036357,0
video2279.webm,0.798738890416496,0
video2281.webm,0.794798216564846,0
video2287.webm,0.7711613142646064,0
video2288.webm,0.7786081128823197,0
video229.webm,0.8151123359656631,0
video2294.webm,0.7943805128561557,0
video5096.webm,0.7908304127947943,0
video5098.webm,0.7813725242296571,0
video5102.webm,0.824394102428791,0
video5116.webm,0.8108979328627895,0
video5118.webm,0.8209667005665728,0
video5119.webm,0.7935326562263887,0
video5125.webm,0.7723122076680455,0
video5139.webm,0.8249244804115992,0
video514.webm,0.7894462798135545,0
video5148.webm,0.8105151776398605,0
video5149.webm,0.7801775582968752,0
video5152.webm,0.7889572214241681,0
video5175.webm,0.8081169605136374,0
video5180.webm,0.7651622269916134,0
video5188.webm,0.7973833789746899,0
video5190.webm,0.7970957184104668,0
video5191.webm,0.7957224134596032,0
video520.webm,0.8097427283835029,0
video7284.webm,0.797174215325888,0
video7294.webm,0.7842738840530551,0
video7316.webm,0.809518500344614,0
video7323.webm,0.8219519876042992,0
video7326.webm,0.7845513222703933,0
video7327.webm,0.7935231278886489,0
video7330.webm,0.8005363424398304,0
video7332.webm,0.7560616189386042,0
video7340.webm,0.816332254556729,0
video7353.webm,0.8103567432721803,0
video7354.webm,0.7985370642397385,0
video7356.webm,0.7777176549884253,0
video7357.webm,0.7660883955225289,0
video7366.webm,0.7929160905160129,0
video7368.webm,0.7609994342367832,0
video7369.webm,0.7886744377019254,0
video7371.webm,0.8027034331888149,0
video7379.webm,0.8122808412425199,0
video7653.webm,0.8127614386402944,0
video7658.webm,0.8038177550270561,0
video766.webm,0.7994711516217503,0
video7663.webm,0.7868924330581194,0
video7666.webm,0.7786323970723539,0
video7668.webm,0.7875683941547649,0
video768.webm,0.8034773671641513,0
video7684.webm,0.8033317123523684,0
video7685.webm,0.7682721404407901,0
video7693.webm,0.8227587271956862,0
video7695.webm,0.7860399067325822,0
video7700.webm,0.8170369207910927,0
video7708.webm,0.8116935239531493,0
video7709.webm,0.7883778636818323,0
video7712.webm,0.781247752247215,0
video772.webm,0.7810187155554391,0
video7727.webm,0.8007913756422596,0
video2716.webm,0.7917883587653635,0
video2720.webm,0.7974167696399322,0
video2721.webm,0.8033838271921333,0
video2723.webm,0.8026964834654623,0
video2725.webm,0.799584818113545,0
video2730.webm,0.7943089076085795,0
video2735.webm,0.8026232851522214,0
video2746.webm,0.7813834080262507,0
video2751.webm,0.7754686807459559,0
video2752.webm,0.7801436155680124,0
video2753.webm,0.8006892765827124,0
video2754.webm,0.8073753640784559,0
video2766.webm,0.7939064882598074,0
video2768.webm,0.789354647651227,0
video2776.webm,0.8012321697130902,0
video2778.webm,0.8032680862224688,0
video2783.webm,0.7833815654535065,0
video2877.webm,0.7936102830309981,0
video2885.webm,0.7931388896850243,0
video289.webm,0.8012497378420874,0
video2890.webm,0.7931999820169453,0
video2905.webm,0.784311909061138,0
video2912.webm,0.7780677025803374,0
video2918.webm,0.7952399749921427,0
video2926.webm,0.8120856305007268,0
video2940.webm,0.7706955408836512,0
video2950.webm,0.7774402243436042,0
video2957.webm,0.8004503590906276,0
video2966.webm,0.8120664751324518,0
video2969.webm,0.7837137408191153,0
video2975.webm,0.7863026836071829,0
video2976.webm,0.8206504516986987,0
video2980.webm,0.8028501756040222,0
video2989.webm,0.8017715659257261,0
video9581.webm,0.7700865894783389,0
video9594.webm,0.7905948838814524,0
video9597.webm,0.7986446492881039,0
video9603.webm,0.7737794942619525,0
video9616.webm,0.7684799963084488,0
video9617.webm,0.777491943748059,0
video9622.webm,0.7898518548966904,0
video9626.webm,0.7812323437366936,0
video9629.webm,0.7725656624195477,0
video9644.webm,0.8030322295700384,0
video9664.webm,0.7754976990882406,0
video9666.webm,0.8256750171091068,0
video9669.webm,0.7694422717815111,0
video9678.webm,0.7868408843622409,0
video968.webm,0.7977469024847073,0
video9682.webm,0.8096958496712824,0
video9696.webm,0.7994667369238645,0
video9237.webm,0.7844258251719224,0
video9238.webm,0.7951918903524494,0
video9244.webm,0.8052126403719404,0
video9264.webm,0.806710504488481,0
video9265.webm,0.8071212044289158,0
video9267.webm,0.775562721728718,0
video9272.webm,0.793237716239101,0
video9274.webm,0.7942451367426785,0
video9279.webm,0.7744027457549235,0
video9281.webm,0.8043651221150859,0
video9285.webm,0.7896384079437847,0
video9286.webm,0.7902434308875053,0
video9287.webm,0.8014852700622078,0
video9306.webm,0.7884966765533209,0
video9308.webm,0.7604291291474639,0
video9314.webm,0.7779123412308931,0
video9320.webm,0.7881810382947355,0
video6636.webm,0.7962635313690012,0
video6638.webm,0.7971128186424565,0
video6642.webm,0.7620753931742328,0
video6644.webm,0.8019386939585768,0
video6653.webm,0.7876126705422134,0
video6657.webm,0.7757178915349474,0
video666.webm,0.7827466097793551,0
video6665.webm,0.7826929251129692,0
video6666.webm,0.7989894509607158,0
video6679.webm,0.7958697650903998,0
video6685.webm,0.8055685593194185,0
video6693.webm,0.8077171536022856,0
video6697.webm,0.7951162171509473,0
video6698.webm,0.7878808028318013,0
video670.webm,0.7821958716242515,0
video6701.webm,0.7634123300847685,0
video6705.webm,0.783349109604135,0
video6916.webm,0.7665681336051788,0
video693.webm,0.8058985089847279,0
video6930.webm,0.769071844827806,0
video6938.webm,0.7798926971395498,0
video694.webm,0.7979460820053667,0
video6943.webm,0.8005512134556946,0
video6944.webm,0.7671498910461751,0
video6957.webm,0.7657938214793552,0
video6963.webm,0.8029558728311201,0
video6967.webm,0.8102916929936906,0
video6969.webm,0.8228276474581843,0
video6971.webm,0.8037771061992849,0
video6972.webm,0.7951062364455203,0
video698.webm,0.7858589778492128,0
video6980.webm,0.7765313179477913,0
video6982.webm,0.7650036283087567,0
video6986.webm,0.7929024526232773,0
video6987.webm,0.8117514295243659,0
video5603.webm,0.7688457983866166,0
video5613.webm,0.7706445918693829,0
video5631.webm,0.7913832977014699,0
video5632.webm,0.7994220515056494,0
video5633.webm,0.7908361378649974,0
video5634.webm,0.7653045886026411,0
video5635.webm,0.8031395066338011,0
video5636.webm,0.7504933918321552,0
video5642.webm,0.782651374933442,0
video5647.webm,0.7750870823558417,0
video5652.webm,0.8049542859646018,0
video5659.webm,0.7705993883076276,0
video5672.webm,0.8122511927464419,0
video5680.webm,0.7996018390406724,0
video5683.webm,0.7956226627203267,0
video5690.webm,0.7967456509900381,0
video5692.webm,0.7800153175680676,0
video5356.webm,0.7636221555769702,0
video5366.webm,0.7519231670376215,0
video5370.webm,0.7723223861207482,0
video5374.webm,0.8023672464651006,0
video5378.webm,0.7960702170515829,0
video5380.webm,0.8246001038265884,0
video5385.webm,0.7970262517161589,0
video5393.webm,0.7873732846585252,0
video5399.webm,0.7917166675830938,0
video5402.webm,0.7961013139692467,0
video5412.webm,0.810292679128068,0
video5415.webm,0.7622830014089776,0
video5416.webm,0.8120572795850813,0
video5423.webm,0.8126000819827386,0
video5428.webm,0.7782511163493475,0
video5430.webm,0.7761483664813961,0
video5431.webm,0.8232692936927485,0
video4682.webm,0.7717380589769076,0
video4683.webm,0.8201137502994482,0
video469.webm,0.7976155701534559,0
video4691.webm,0.7874210393452379,0
video4693.webm,0.761084210443158,0
video4694.webm,0.7998667778561601,0
video4696.webm,0.7879015608617249,0
video4698.webm,0.7715243242690344,0
video4705.webm,0.7868664563319212,0
video471.webm,0.7541800692948768,0
video4711.webm,0.7873851393340672,0
video4713.webm,0.7913150622263935,0
video4724.webm,0.7932713890259445,0
video4727.webm,0.7952069747443932,0
video4728.webm,0.8050907778313314,0
video474.webm,0.7839642924313761,0
video4744.webm,0.786312489812118,0
video4748.webm,0.7826201274418118,0
video9777.webm,0.791186539172955,0
video978.webm,0.8011882290923757,0
video9784.webm,0.8214265145940584,0
video979.webm,0.8021777801163343,0
video9791.webm,0.793271251655867,0
video9794.webm,0.7892373111633498,0
video9798.webm,0.799387006286159,0
video98.webm,0.785842894428514,0
video9800.webm,0.8141734871205927,0
video9804.webm,0.782255404186156,0
video9811.webm,0.7963617635661937,0
video9814.webm,0.8244024285103135,0
video9817.webm,0.7700740445996253,0
video9818.webm,0.7871842073804382,0
video9830.webm,0.792094929410855,0
video9836.webm,0.7946268498695803,0
video9837.webm,0.7851666052241913,0
video9841.webm,0.8247911792063544,0
video1252.webm,0.7851395657115472,0
video1262.webm,0.7990003366698089,0
video1268.webm,0.7983792811104009,0
video1269.webm,0.7860296493390293,0
video127.webm,0.7961816849858815,0
video1271.webm,0.7896839658722854,0
video1276.webm,0.8009147944512478,0
video1279.webm,0.7599831850883194,0
video1287.webm,0.785318623326797,0
video1292.webm,0.7587391011333781,0
video1302.webm,0.8024836044766624,0
video1303.webm,0.7854568236695331,0
video1304.webm,0.773208043094835,0
video1306.webm,0.776049085129307,0
video1308.webm,0.7899701236677984,0
video1313.webm,0.7960592274307242,0
video1314.webm,0.8100506334598198,0
video360.webm,0.7892051381656194,0
video3600.webm,0.762889227172539,0
video3609.webm,0.7781486628814686,0
video3615.webm,0.8191200202251924,0
video3621.webm,0.7949159632688447,0
video3623.webm,0.7896514094505316,0
video3625.webm,0.8036382252403678,0
video363.webm,0.8109319462699281,0
video3630.webm,0.7935759360328045,0
video3633.webm,0.7649996322505815,0
video3638.webm,0.7828908406957499,0
video3640.webm,0.8052172144200834,0
video3644.webm,0.7862130292786609,0
video3645.webm,0.7794574574026536,0
video3646.webm,0.7814757402401046,0
video3648.webm,0.7907454268533076,0
video3651.webm,0.8011178679150694,0
video739.webm,0.7926120885828892,0
video7393.webm,0.7884477643108834,0
video7395.webm,0.7901793308542486,0
video7403.webm,0.7867998078430302,0
video7412.webm,0.8089282873674966,0
video7413.webm,0.8293356249557411,0
video7418.webm,0.7791257125302907,0
video7420.webm,0.8389307610963549,0
video7425.webm,0.756784855100939,0
video7430.webm,0.799108130934407,0
video7440.webm,0.7941958340145678,0
video7441.webm,0.7992691264841888,0
video7449.webm,0.8104827380814669,0
video7450.webm,0.7878076809505755,0
video7455.webm,0.7844681956848938,0
video7459.webm,0.7852603568137779,0
video7460.webm,0.7773478855811724,0
video5209.webm,0.7928514151814559,0
video5353.webm,0.8088420419970537,0
video5449.webm,0.7777800240718059,0
video5599.webm,0.8133650571422169,0
video5695.webm,0.793985097942304,0
video5839.webm,0.7888756016068309,0
video5917.webm,0.7855210359713272,0
video6008.webm,0.8087161855422998,0
video6124.webm,0.8228061725980551,0
video6220.webm,0.7462439574783898,0
video6345.webm,0.7990617436773404,0
video6411.webm,0.7808680627701664,0
video653.webm,0.7985777212079229,0
video6631.webm,0.7382722546293653,0
video6709.webm,0.8020850744558917,0
video6778.webm,0.7852490812231766,0
video691.webm,0.8090561952148794,0
video6995.webm,0.7971224261839109,0
video7062.webm,0.7893216697210018,0
video7171.webm,0.8239005627662848,0
video7282.webm,0.7788999557159384,0
video822.webm,0.795974801552648,0
video8223.webm,0.7939105690064703,0
video8232.webm,0.7714304730945966,0
video8237.webm,0.7841280228306977,0
video8242.webm,0.7906344596148889,0
video8244.webm,0.7818069642570008,0
video8248.webm,0.8081854947427584,0
video8250.webm,0.8168649002717151,0
video8255.webm,0.760049574182221,0
video8257.webm,0.7964119001604757,0
video8258.webm,0.7770954130529091,0
video826.webm,0.7905625442744223,0
video8262.webm,0.8150310823509536,0
video8264.webm,0.786714127182812,0
video8270.webm,0.7670395851785337,0
video8273.webm,0.7774994577258667,0
video8278.webm,0.8026122144231514,0
video1500.webm,0.8009008185839446,0
video1501.webm,0.8100779222529331,0
video1512.webm,0.8080586321060744,0
video152.webm,0.8069817530495126,0
video1520.webm,0.7659886609222146,0
video1521.webm,0.7971924646550959,0
video1523.webm,0.8056156883595711,0
video1532.webm,0.7971844361664762,0
video1545.webm,0.7514859277950906,0
video1552.webm,0.809670231838651,0
video1557.webm,0.7695771146104509,0
video1566.webm,0.783670362772018,0
video1567.webm,0.7954137074063334,0
video1568.webm,0.7846130737180597,0
video1577.webm,0.822540150725286,0
video1578.webm,0.7986375254715279,0
video1579.webm,0.7949206355263525,0
video1582.webm,0.8285156357045208,0
video1585.webm,0.8091883982144208,0
video1587.webm,0.7749730514555314,0
video1588.webm,0.763746519921348,0
video1589.webm,0.7744889495315844,0
video1616.webm,0.7747851189523819,0
video1617.webm,0.7635302499436124,0
video1620.webm,0.7973854318362267,0
video1621.webm,0.7641898348214201,0
video1622.webm,0.8003533947604383,0
video1623.webm,0.8117991658765368,0
video1624.webm,0.7680199920917403,0
video1626.webm,0.766765351607421,0
video1635.webm,0.7773933415734728,0
video1641.webm,0.7957007449719876,0
video1650.webm,0.7655323566692165,0
video1651.webm,0.7750288149382384,0
video6355.webm,0.7909984704151096,0
video6360.webm,0.7952474716744231,0
video6364.webm,0.7764798422053217,0
video6365.webm,0.7739515981733701,0
video6367.webm,0.7911512486951383,0
video6369.webm,0.7969958433902152,0
video637.webm,0.7707469053097462,0
video6371.webm,0.8022793688165891,0
video6372.webm,0.7988820799174642,0
video6374.webm,0.7864465313060791,0
video6375.webm,0.8088670980988582,0
video6383.webm,0.8014762354871791,0
video6384.webm,0.7975523395835586,0
video6389.webm,0.787598803525672,0
video6394.webm,0.7990100452512308,0
video64.webm,0.7862434439355062,0
video6405.webm,0.786171711902247,0
video2995.webm,0.7611653761008924,0
video3008.webm,0.7881164309876573,0
video3011.webm,0.7993237490580062,0
video3013.webm,0.7806191093786283,0
video3016.webm,0.7940269041395212,0
video3017.webm,0.7812822390216526,0
video3027.webm,0.8089858726532775,0
video3033.webm,0.8051617533580199,0
video3034.webm,0.8128864389509328,0
video3038.webm,0.7580219474977321,0
video3045.webm,0.8088580541568134,0
video3052.webm,0.8095059160273426,0
video3064.webm,0.7953080132528186,0
video307.webm,0.8011526062050642,0
video3070.webm,0.8144626508067275,0
video3071.webm,0.78507660495723,0
video3075.webm,0.8189569179430058,0
video5844.webm,0.7933913657953879,0
video5847.webm,0.793075699058453,0
video5855.webm,0.8000982839696117,0
video5857.webm,0.7871681971918555,0
video5858.webm,0.7932079657931608,0
video5868.webm,0.7797571300859167,0
video5870.webm,0.7815321259473019,0
video5878.webm,0.7850619191308597,0
video588.webm,0.8043210350048926,0
video5882.webm,0.7972545395330387,0
video5885.webm,0.7818785793081594,0
video5894.webm,0.7979859522806345,0
video59.webm,0.807233274033924,0
video5905.webm,0.8046730447184066,0
video5908.webm,0.8071297094616057,0
video5915.webm,0.7953468888530999,0
video5916.webm,0.7889287754164163,0
video4093.webm,0.7740362774206099,0
video4096.webm,0.8072690049111965,0
video4102.webm,0.8206634488287554,0
video4105.webm,0.7874154123324068,0
video4112.webm,0.7907751255534131,0
video4114.webm,0.8073688040443324,0
video4115.webm,0.7868062860225518,0
video4126.webm,0.7972490276061442,0
video4127.webm,0.7716396906368049,0
video4132.webm,0.8125413885175473,0
video4133.webm,0.8051460380283604,0
video4134.webm,0.7850894239434021,0
video4137.webm,0.7921376602441295,0
video414.webm,0.7981774826268697,0
video4146.webm,0.7930550202533251,0
video415.webm,0.7869965297754923,0
video4151.webm,0.818064088364462,0
video2401.webm,0.7769133089875889,0
video2407.webm,0.7779323370663629,0
video2409.webm,0.8064624404390771,0
video2415.webm,0.8242021995461508,0
video2416.webm,0.7808529649236184,0
video2417.webm,0.7667741410615245,0
video242.webm,0.7766702747297344,0
video2427.webm,0.8023471342757599,0
video2428.webm,0.8242614342005369,0
video2439.webm,0.7822905908089852,0
video2442.webm,0.8033487185710269,0
video2451.webm,0.7466146807411531,0
video2452.webm,0.8232598808435145,0
video246.webm,0.78257577002826,0
video2462.webm,0.7922407790220012,0
video2465.webm,0.783205421921586,0
video2468.webm,0.8100931078012695,0
video8523.webm,0.7962596834389012,0
video8527.webm,0.762715172414674,0
video8528.webm,0.8255229629179287,0
video8533.webm,0.7844414937333564,0
video8534.webm,0.777508842615115,0
video8536.webm,0.7923559298142325,0
video8537.webm,0.7865740566324075,0
video8539.webm,0.7889618646293396,0
video854.webm,0.7930598495080582,0
video8540.webm,0.8180678883434211,0
video8541.webm,0.7796403328116842,0
video8548.webm,0.7851322991545635,0
video8555.webm,0.8076751787480663,0
video8559.webm,0.806596895120775,0
video856.webm,0.7810303434865897,0
video8564.webm,0.7905823485743673,0
video8567.webm,0.7956488468535492,0
video8569.webm,0.8112992496754289,0
video8570.webm,0.8006548196230351,0
video8571.webm,0.7852522494665144,0
video8574.webm,0.7843322369852249,0
video8589.webm,0.7897444980882414,0
video8599.webm,0.8001556805588238,0
video8608.webm,0.7638527527943016,0
video8610.webm,0.7929549131159433,0
video8612.webm,0.7987136524233549,0
video8617.webm,0.7968480249183251,0
video8620.webm,0.7947523420912106,0
video8626.webm,0.7874476822366221,0
video8627.webm,0.8031979561992257,0
video863.webm,0.7844787073385753,0
video8634.webm,0.7910388857910959,0
video8639.webm,0.7821869192285662,0
video8645.webm,0.8234761112736028,0
video8651.webm,0.7816733930185414,0
video4888.webm,0.7551998135401009,0
video4889.webm,0.8012540579106672,0
video4895.webm,0.8078466989272339,0
video4898.webm,0.7696034538973063,0
video4899.webm,0.7651092697521422,0
video490.webm,0.794047412222185,0
video4905.webm,0.7996339595676395,0
video4908.webm,0.8158672717887127,0
video4913.webm,0.8109098190173529,0
video4915.webm,0.789549320420408,0
video4919.webm,0.8167981368247974,0
video493.webm,0.8082244692713121,0
video4937.webm,0.8092548227076642,0
video4939.webm,0.770006468498475,0
video4942.webm,0.775811755376396,0
video4945.webm,0.8094395099991929,0
video4947.webm,0.8054096155860898,0
video4952.webm,0.7897559879485346,0
video4953.webm,0.8142489275575188,0
video4955.webm,0.7851300237428313,0
video4957.webm,0.799731127696356,0
video4958.webm,0.7801134872278827,0
video4969.webm,0.810711348852261,0
video4981.webm,0.7747139961985426,0
video4982.webm,0.8177947728956512,0
video4985.webm,0.7882051152703752,0
video4988.webm,0.7819127889464123,0
video5.webm,0.804939258845509,0
video50.webm,0.7892577967819459,0
video5003.webm,0.7989236969605764,0
video5005.webm,0.7827208839948747,0
video5009.webm,0.7919863975714397,0
video5011.webm,0.7914897349134086,0
video4555.webm,0.7864747873144926,0
video4556.webm,0.8241252461373902,0
video4560.webm,0.7858948549883218,0
video4561.webm,0.7646555192041827,0
video457.webm,0.7702617901298963,0
video4572.webm,0.7821406458137383,0
video4574.webm,0.7896081559988624,0
video4579.webm,0.806146272731507,0
video4584.webm,0.7841297629729952,0
video4586.webm,0.8082259022885919,0
video4588.webm,0.7909788760133762,0
video4589.webm,0.8044016568867287,0
video459.webm,0.800004436138481,0
video4591.webm,0.798460981897604,0
video4592.webm,0.7827120729518041,0
video4593.webm,0.7972115063354503,0
video4596.webm,0.791123824557611,0
video7733.webm,0.7922807976931904,0
video7734.webm,0.7935413582562956,0
video7735.webm,0.764916800058121,0
video774.webm,0.7906132580713969,0
video7744.webm,0.789344942948407,0
video7747.webm,0.8049799317312308,0
video7750.webm,0.7893952741816052,0
video7755.webm,0.8001520999773275,0
video7764.webm,0.7978844836737824,0
video7765.webm,0.7737796961378457,0
video7766.webm,0.8072239935953502,0
video7767.webm,0.8214557443176584,0
video7768.webm,0.783279908646852,0
video7776.webm,0.7909489010810605,0
video7778.webm,0.7999789392440648,0
video7779.webm,0.7834158037784504,0
video7781.webm,0.7866740230435253,0
video7790.webm,0.7228194915219063,0
video7794.webm,0.8041056278501171,0
video7796.webm,0.7841346334283181,0
video7797.webm,0.7933263295567305,0
video7798.webm,0.8271691989232245,0
video780.webm,0.8131898972416302,0
video7810.webm,0.8012264865097164,0
video7814.webm,0.8009060069908858,0
video7827.webm,0.7918485721270102,0
video7829.webm,0.7916075702843279,0
video7836.webm,0.7957731962941491,0
video784.webm,0.7811502017984064,0
video7843.webm,0.8178111882849199,0
video7845.webm,0.7692386995865692,0
video7847.webm,0.7708721152529538,0
video7850.webm,0.7922851619633249,0
video7855.webm,0.7635182236877629,0
video7857.webm,0.8060810572060594,0
video7859.webm,0.7905989915157744,0
video7860.webm,0.812317909098413,0
video7864.webm,0.7745183219953459,0
video7866.webm,0.7654006463596147,0
video7870.webm,0.7844123211133331,0
video7871.webm,0.7945737932492993,0
video7876.webm,0.792176308844041,0
video6715.webm,0.775923518439965,0
video6720.webm,0.7810594960434878,0
video6723.webm,0.8102967553359424,0
video6724.webm,0.793757320582452,0
video6729.webm,0.8177373069964093,0
video673.webm,0.8033972808356021,0
video6732.webm,0.8042109756669075,0
video6738.webm,0.779773281807186,0
video6739.webm,0.7872916529535287,0
video6744.webm,0.7816416195396334,0
video6750.webm,0.7769583818062097,0
video6758.webm,0.7874033415041014,0
video6761.webm,0.7823769513675245,0
video6768.webm,0.784089638847687,0
video6770.webm,0.755740975612588,0
video6774.webm,0.7747880285353761,0
video6775.webm,0.7830649627795262,0
video5210.webm,0.7753950149459853,0
video5216.webm,0.7873841326039193,0
video5217.webm,0.7884808164405229,0
video523.webm,0.830718004920851,0
video5236.webm,0.7971770381856278,0
video5256.webm,0.7685473036578426,0
video526.webm,0.8312080530912256,0
video5261.webm,0.7877255880529326,0
video5267.webm,0.7859669139323276,0
video527.webm,0.7977683033401028,0
video5273.webm,0.8042032324417361,0
video5276.webm,0.7824319749586754,0
video5277.webm,0.7835803033604968,0
video5278.webm,0.797502864637917,0
video528.webm,0.7850341633975709,0
video5288.webm,0.7525692039863412,0
video5294.webm,0.7883197465075048,0
video5295.webm,0.8023653137259326,0
video5297.webm,0.7827087337152989,0
video5299.webm,0.7986071048057957,0
video5307.webm,0.7644887911783571,0
video5308.webm,0.7980024200157081,0
video5313.webm,0.7561262270518385,0
video5315.webm,0.7872922843728868,0
video5322.webm,0.7829186983400248,0
video5324.webm,0.7903324553898327,0
video5325.webm,0.7917517194692547,0
video5333.webm,0.7906192632444137,0
video5335.webm,0.7802971118916057,0
video5347.webm,0.8016696594584304,0
video2109.webm,0.8036255326041883,0
video2110.webm,0.7995488408515905,0
video2113.webm,0.7714140436998909,0
video2123.webm,0.7975865043683618,0
video213.webm,0.7785144245259246,0
video2134.webm,0.8020018314106833,0
video2139.webm,0.793274243295002,0
video2142.webm,0.7859911283345519,0
video2154.webm,0.7847277471745523,0
video2158.webm,0.801712025578113,0
video2160.webm,0.7962768572673674,0
video2161.webm,0.7884307383186655,0
video2164.webm,0.7842986794325996,0
video2167.webm,0.801481687864345,0
video2170.webm,0.7982976535038199,0
video2174.webm,0.7778330933285631,0
video219.webm,0.7976862356603454,0
video2194.webm,0.7892754144877346,0
video2195.webm,0.7901939129246884,0
video2196.webm,0.7954602256978576,0
video2198.webm,0.7918569756460719,0
video2204.webm,0.7962512961839835,0
video2216.webm,0.812935303782738,0
video2219.webm,0.7904723129726228,0
video8099.webm,0.7942516842695052,0
video810.webm,0.8045623606948472,0
video8106.webm,0.7868176039987628,0
video8107.webm,0.7730558575403411,0
video8116.webm,0.7984973743450701,0
video8117.webm,0.7822922640282314,0
video8119.webm,0.783067165886062,0
video8125.webm,0.8093085105303481,0
video8129.webm,0.8180301826798202,0
video8130.webm,0.7984407523970145,0
video8133.webm,0.776777582844585,0
video8135.webm,0.7968862900368441,0
video8139.webm,0.7689171333082169,0
video8141.webm,0.7912306523897703,0
video8143.webm,0.7975988382432708,0
video8144.webm,0.7855318960620095,0
video8148.webm,0.7833348365961159,0
video815.webm,0.7846190968827695,0
video8154.webm,0.8158853569710329,0
video8160.webm,0.7640787035756285,0
video8164.webm,0.787400264672318,0
video8173.webm,0.8217576939246887,0
video8176.webm,0.8082982612697316,0
video8177.webm,0.8169866266749152,0
video8183.webm,0.8153779307621419,0
video8203.webm,0.8153873185024267,0
video8204.webm,0.793599429899094,0
video8212.webm,0.7886536923876394,0
video9326.webm,0.7985160964728955,0
video9332.webm,0.7957602211797132,0
video9336.webm,0.810005573452395,0
video9338.webm,0.7979172085264407,0
video9340.webm,0.7982859884098576,0
video9346.webm,0.8047810334216189,0
video935.webm,0.7630043768055899,0
video9351.webm,0.7924038070882072,0
video9352.webm,0.7951509897085818,0
video9355.webm,0.8079235146896772,0
video9363.webm,0.8196594408605017,0
video9364.webm,0.7867600121048288,0
video9378.webm,0.7996644523786911,0
video9383.webm,0.7974562647585601,0
video9384.webm,0.7645020339511732,0
video940.webm,0.8005138812499016,0
video9401.webm,0.8036602867028755,0
video3660.webm,0.7605487421392134,0
video3661.webm,0.7762428492972139,0
video3670.webm,0.7718523064609109,0
video3671.webm,0.8009719417053288,0
video3674.webm,0.7801235248378297,0
video3678.webm,0.7726859140738269,0
video3681.webm,0.7853362298725353,0
video3684.webm,0.7708146657847622,0
video3687.webm,0.7806360737063133,0
video3689.webm,0.8124271191355965,0
video3695.webm,0.8200266989107377,0
video3703.webm,0.7563742968331826,0
video3706.webm,0.7951633811276778,0
video3708.webm,0.7772631875733111,0
video3709.webm,0.8080798843716579,0
video3716.webm,0.8107407740390279,0
video3722.webm,0.7989637320241763,0
video3725.webm,0.7918208063934946,0
video374.webm,0.8035494254033777,0
video3743.webm,0.7999767538989346,0
video3744.webm,0.7970028318592239,0
video3753.webm,0.8113762655379158,0
video376.webm,0.7652324008164706,0
video3774.webm,0.7995020444631415,0
video3775.webm,0.789189703195746,0
video3781.webm,0.7699203835402915,0
video3782.webm,0.7792837191662247,0
video3796.webm,0.791945423997751,0
video380.webm,0.8051853080351097,0
video3805.webm,0.7923330091122842,0
video3806.webm,0.761460975297467,0
video3808.webm,0.7972906552010017,0
video3823.webm,0.814346785070832,0
video3826.webm,0.811513821519111,0
video3827.webm,0.7843335398015714,0
video383.webm,0.7977956026518719,0
video3830.webm,0.8199321513726191,0
video3841.webm,0.782852996078351,0
video3848.webm,0.7964373396559484,0
video3856.webm,0.7825822397390396,0
video3865.webm,0.7523676005310289,0
video3870.webm,0.7666854835640822,0
video3875.webm,0.8050824188679554,0
video6997.webm,0.7928647280319671,0
video7.webm,0.7824380655373371,0
video70.webm,0.8017317747865027,0
video700.webm,0.7918146943963427,0
video7000.webm,0.7937549468151878,0
video7014.webm,0.8008744600996641,0
video7019.webm,0.8073330258435626,0
video702.webm,0.8237063592224078,0
video7020.webm,0.8040758821627054,0
video7032.webm,0.8016907868153232,0
video7035.webm,0.8041949355179976,0
video7036.webm,0.7919386834671429,0
video7039.webm,0.8187654907303844,0
video7049.webm,0.8017691494848886,0
video7053.webm,0.8066810477266961,0
video7054.webm,0.7934943945269134,0
video7055.webm,0.8207944386270958,0
video706.webm,0.802782584285066,0
video7068.webm,0.7926852987755157,0
video707.webm,0.7911500477241787,0
video7075.webm,0.7909932450407275,0
video7076.webm,0.7713365257120708,0
video7092.webm,0.788395876301078,0
video71.webm,0.7657322220194424,0
video710.webm,0.7947628074492694,0
video7107.webm,0.817895497293738,0
video7111.webm,0.8176279571756614,0
video7120.webm,0.8049637743389069,0
video7123.webm,0.7893598171692322,0
video7124.webm,0.7958048683061146,0
video7130.webm,0.7848937524627537,0
video7137.webm,0.8038040712437143,0
video7139.webm,0.8217791526743677,0
video714.webm,0.775438532674288,0
video7158.webm,0.7818781277808766,0
video7169.webm,0.7979727755001298,0
video3494.webm,0.8090728555246273,0
video350.webm,0.7946913045538766,0
video3502.webm,0.7974057145020143,0
video3514.webm,0.7885096241861267,0
video3520.webm,0.8081977771491409,0
video3521.webm,0.7971861517477067,0
video3522.webm,0.7911255232850138,0
video3531.webm,0.7661127030009867,0
video3541.webm,0.7898567135996762,0
video3542.webm,0.791421368338846,0
video3544.webm,0.7900174942755648,0
video3548.webm,0.8264608389913429,0
video3549.webm,0.7977505124432349,0
video3550.webm,0.7885883383629183,0
video3552.webm,0.776552699765319,0
video3559.webm,0.7655182340215506,0
video3562.webm,0.7948108266438297,0
video3565.webm,0.8226821322872423,0
video3566.webm,0.789244313802045,0
video3568.webm,0.7747213832564122,0
video3573.webm,0.7992984480285505,0
video3581.webm,0.8045490796642358,0
video3586.webm,0.8005915680962469,0
video3587.webm,0.8044593833292848,0
video3589.webm,0.8013654338738632,0
video2795.webm,0.8088645658678717,0
video2806.webm,0.7830469302508901,0
video2810.webm,0.7766487565810487,0
video2814.webm,0.8035338262358357,0
video2815.webm,0.7571082424168815,0
video2818.webm,0.8094141877742809,0
video2820.webm,0.8104795196565275,0
video2822.webm,0.8056390102205523,0
video2824.webm,0.8071369715265666,0
video2837.webm,0.8252664312303852,0
video2842.webm,0.8096414643453157,0
video2847.webm,0.7858638281867509,0
video285.webm,0.8309431489847587,0
video2851.webm,0.7962993213849323,0
video2852.webm,0.7953943711804404,0
video2854.webm,0.7483498636807363,0
video2856.webm,0.7611228586204217,0
video2858.webm,0.7613225623295324,0
video286.webm,0.7643903032484402,0
video2864.webm,0.7823735062698335,0
video2870.webm,0.7935032280391666,0
video2872.webm,0.7972051879987978,0
video9865.webm,0.7774202388509523,0
video9866.webm,0.8065933180117758,0
video9867.webm,0.8214904015491341,0
video9868.webm,0.7945995029283274,0
video9869.webm,0.7913383571524633,0
video987.webm,0.7997259347327499,0
video9880.webm,0.7865789211074709,0
video9882.webm,0.7824760187928642,0
video9886.webm,0.8142200257205483,0
video9887.webm,0.7788809051247713,0
video989.webm,0.7839942489674477,0
video9899.webm,0.7887291614782355,0
video99.webm,0.7865529088581824,0
video9902.webm,0.7990754999879504,0
video9910.webm,0.7961827385301427,0
video9911.webm,0.8113682417107341,0
video9912.webm,0.8000535948779492,0
video9916.webm,0.8062346285623694,0
video9919.webm,0.7585707856817854,0
video9921.webm,0.7914340878898692,0
video9922.webm,0.789830316753523,0
video9924.webm,0.798455496843379,0
video9933.webm,0.7864025119682511,0
video9934.webm,0.7887882335700377,0
video9937.webm,0.7832049096734537,0
video9941.webm,0.813031863427227,0
video9947.webm,0.7762846271762673,0
video9953.webm,0.8051362453768719,0
video9955.webm,0.7957459802769025,0
video996.webm,0.7758256573120909,0
video9962.webm,0.7769576385759223,0
video9973.webm,0.7979331523175749,0
video9978.webm,0.7569573656057639,0
video9979.webm,0.7801965497680818,0
video5923.webm,0.8093113238127279,0
video5928.webm,0.7727304135084362,0
video5933.webm,0.7819982526624067,0
video5946.webm,0.7972500075869488,0
video595.webm,0.8051433486419832,0
video596.webm,0.7749367236978091,0
video597.webm,0.802532994241018,0
video5971.webm,0.7987266361088067,0
video5973.webm,0.799697946942517,0
video5982.webm,0.779979659598312,0
video5983.webm,0.8322925203087134,0
video5985.webm,0.7505811398419879,0
video5987.webm,0.8187052585559913,0
video5988.webm,0.8009738364109013,0
video5996.webm,0.7979253831425644,0
video5997.webm,0.7948619029522832,0
video5999.webm,0.8178672105687508,0
video601.webm,0.7960276207451826,0
video6014.webm,0.7887243878869123,0
video6020.webm,0.776351599134718,0
video6023.webm,0.831348691080463,0
video6025.webm,0.7876137231604996,0
video6029.webm,0.8049914510632701,0
video6035.webm,0.7972417300403141,0
video6045.webm,0.7978978072227241,0
video6046.webm,0.808325804869687,0
video6053.webm,0.80003021066977,0
video6066.webm,0.7919441825451018,0
video6070.webm,0.7513023833085216,0
video6078.webm,0.806350914757111,0
video6082.webm,0.7865622489818903,0
video6083.webm,0.7820773879815636,0
video6085.webm,0.783812225982057,0
video6090.webm,0.7738982019965562,0
video6101.webm,0.7983674303825369,0
video6108.webm,0.8099430388970742,0
video6113.webm,0.7743626397248562,0
video6118.webm,0.7795372781916994,0
video2487.webm,0.7595028378965732,0
video2493.webm,0.8045693026477932,0
video2503.webm,0.8129571893672275,0
video2504.webm,0.7940461794163445,0
video2506.webm,0.7724567829635344,0
video2510.webm,0.7884774214456767,0
video2511.webm,0.7982283768196848,0
video2518.webm,0.7986478069164499,0
video252.webm,0.778913844082582,0
video2521.webm,0.7676759870990673,0
video2522.webm,0.787738676927127,0
video2526.webm,0.8043505716652929,0
video2534.webm,0.8134050943881932,0
video2537.webm,0.7947016743013114,0
video2544.webm,0.7990295511657816,0
video2560.webm,0.7859585889798694,0
video2563.webm,0.7924235213773535,0
video2565.webm,0.8051627717381914,0
video2572.webm,0.7715055419179583,0
video2577.webm,0.7702428931862242,0
video2578.webm,0.7971489818915258,0
video2579.webm,0.787766795431867,0
video2590.webm,0.7869729186511322,0
video2595.webm,0.7659796837578239,0
video2606.webm,0.788453864317981,0
video2611.webm,0.7805345050586874,0
video2612.webm,0.7774015666263895,0
video2617.webm,0.7885184437698808,0
video262.webm,0.7876316537378271,0
video2624.webm,0.7872968818036338,0
video2626.webm,0.7827474751839442,0
video263.webm,0.8143096550280503,0
video4167.webm,0.8019770420992421,0
video4176.webm,0.7722371801134281,0
video4177.webm,0.7911004708051035,0
video4181.webm,0.8024645772357959,0
video4188.webm,0.7835478778103774,0
video4197.webm,0.8004022343884738,0
video4199.webm,0.7884772845708814,0
video42.webm,0.7975195807596303,0
video420.webm,0.7734465279913573,0
video4201.webm,0.8006388075515936,0
video4215.webm,0.7926628290585044,0
video422.webm,0.784803783227795,0
video4221.webm,0.7987039607976045,0
video4222.webm,0.7927680469342883,0
video4225.webm,0.7949271609647419,0
video4232.webm,0.7719651503129359,0
video4234.webm,0.7997057196585485,0
video4244.webm,0.7892727022521799,0
video4253.webm,0.788019302261008,0
video4259.webm,0.7635916135136431,0
video426.webm,0.7991059974195588,0
video4267.webm,0.7953825502935248,0
video4268.webm,0.8252803420458801,0
video427.webm,0.7729772990335356,0
video4270.webm,0.8166451626565093,0
video4271.webm,0.812316361207206,0
video4289.webm,0.811791681606312,0
video429.webm,0.8253826563973751,0
video4290.webm,0.7994023562394,0
video4300.webm,0.7747808754520639,0
video4301.webm,0.7717818620500204,0
video4304.webm,0.7848002032090247,0
video4311.webm,0.8171350532015601,0
video4313.webm,0.7692600132476279,0
video4317.webm,0.798534259285915,0
video432.webm,0.7996809558351201,0
video4320.webm,0.7856603228426545,0
video4326.webm,0.7945821592429881,0
video4330.webm,0.8129723503975151,0
video4333.webm,0.7775039292807563,0
video3948.webm,0.7706493932923186,0
video3950.webm,0.8017955530403662,0
video3951.webm,0.785938546098638,0
video3954.webm,0.8021497293621439,0
video3958.webm,0.7902583387482157,0
video3959.webm,0.7815124142772156,0
video3963.webm,0.7935028140382612,0
video3966.webm,0.7742586681227618,0
video397.webm,0.8122303496590367,0
video3973.webm,0.7830388125708299,0
video3978.webm,0.797967148626437,0
video3987.webm,0.7823273131648795,0
video3990.webm,0.8089472448432483,0
video3992.webm,0.7829854418282417,0
video3996.webm,0.7832390783963907,0
video3998.webm,0.8083651332145848,0
video3999.webm,0.7831222507039889,0
video8285.webm,0.7742745289081618,0
video8298.webm,0.7948465602013784,0
video8302.webm,0.8124899606704078,0
video8307.webm,0.7643715066915429,0
video8312.webm,0.7884044217434991,0
video8315.webm,0.7957356775076698,0
video832.webm,0.815375876949647,0
video8320.webm,0.7847928734140887,0
video8321.webm,0.8031879797934524,0
video8332.webm,0.803366677982013,0
video8340.webm,0.8041618386701176,0
video8342.webm,0.7959645294741092,0
video8343.webm,0.7713483170613971,0
video836.webm,0.7927185049956704,0
video8362.webm,0.7985559467412957,0
video8370.webm,0.798345435603124,0
video8372.webm,0.7744950443094887,0
video8373.webm,0.7902400545266699,0
video8376.webm,0.7837797504770633,0
video8388.webm,0.8014211572877838,0
video8391.webm,0.7731469741948724,0
video8392.webm,0.7946795293106943,0
video8393.webm,0.7791161967143686,0
video8404.webm,0.8112683289862426,0
video8408.webm,0.7788233523599674,0
video841.webm,0.8034098142427836,0
video8411.webm,0.7867218473215835,0
video8412.webm,0.7879905971154162,0
video8413.webm,0.8012541411032797,0
video8416.webm,0.7786541337507191,0
video8417.webm,0.8124482001900122,0
video8418.webm,0.807026376391856,0
video8419.webm,0.825134910955571,0
video8424.webm,0.8099842165989551,0
video8431.webm,0.8218789878211681,0
video5463.webm,0.8015154905258413,0
video5464.webm,0.7644923404271887,0
video5468.webm,0.8017151906618378,0
video5469.webm,0.8119008541629171,0
video5471.webm,0.8089575306541453,0
video5473.webm,0.7759205406035056,0
video5475.webm,0.7862056927971598,0
video5485.webm,0.7741141005682558,0
video5492.webm,0.7641107785247975,0
video5493.webm,0.779893018002066,0
video5499.webm,0.7825783534290554,0
video551.webm,0.765942146988937,0
video5515.webm,0.7938707098076513,0
video5517.webm,0.8002577330840217,0
video5523.webm,0.8140796099994442,0
video5527.webm,0.7694879941726611,0
video5529.webm,0.791664009812215,0
video5531.webm,0.8031250470565061,0
video5532.webm,0.8004800847849302,0
video5534.webm,0.7721860385192763,0
video5537.webm,0.8045915673808725,0
video5540.webm,0.7991569599192105,0
video5549.webm,0.789784314192616,0
video5556.webm,0.7806276571524219,0
video5557.webm,0.8334017621062874,0
video5558.webm,0.7910969439022217,0
video5572.webm,0.7915698929779826,0
video5574.webm,0.7577383398099348,0
video5583.webm,0.7567863233284472,0
video5586.webm,0.7905598253259684,0
video7464.webm,0.805732316854626,0
video7645.webm,0.7536463062945734,0
video7730.webm,0.7888642795753124,0
video7791.webm,0.7863573244216532,0
video7877.webm,0.7926079600088701,0
video7966.webm,0.7869940091724359,0
video8094.webm,0.7924533434466307,0
video8213.webm,0.791924040545569,0
video8281.webm,0.8006101436001077,0
video8432.webm,0.7955426690814028,0
video8519.webm,0.7791537445301467,0
video8656.webm,0.7978221010640038,0
video873.webm,0.7749422681485718,0
video8839.webm,0.7649927046165158,0
video8901.webm,0.779889491083709,0
video8971.webm,0.7997020475377308,0
video9043.webm,0.7954110182506673,0
video9124.webm,0.8061086926991798,0
video9233.webm,0.7792839047361201,0
video9325.webm,0.7657843913566628,0
video9410.webm,0.7753734340393519,0
video9580.webm,0.7991986638048307,0
video9697.webm,0.8141337765472353,0
video9775.webm,0.7673015000681053,0
video9863.webm,0.797909018135022,0
video320.webm,0.7763498513260348,0
video3203.webm,0.7860825711255794,0
video3209.webm,0.7930181036423234,0
video3210.webm,0.8043093638676093,0
video3219.webm,0.799452503454462,0
video3222.webm,0.791055214155912,0
video3226.webm,0.7987968090652694,0
video3228.webm,0.7790395447684526,0
video3229.webm,0.8132455094796067,0
video3233.webm,0.7914938811672364,0
video3234.webm,0.7897132086827854,0
video3240.webm,0.8114597353425014,0
video3241.webm,0.7972234634876727,0
video3253.webm,0.7910891876927829,0
video3257.webm,0.7645447983322786,0
video3260.webm,0.7966805052169327,0
video3267.webm,0.8259712384852078,0
video3272.webm,0.7874826781943054,0
video3083.webm,0.7766054087871624,0
video3085.webm,0.8064004662351822,0
video3088.webm,0.7857923452292643,0
video309.webm,0.8055750902487365,0
video3108.webm,0.8131966196943643,0
video3110.webm,0.8143691551092289,0
video3115.webm,0.7822475402756139,0
video312.webm,0.7945015698001908,0
video314.webm,0.8122497344501354,0
video3140.webm,0.7925709305147124,0
video3141.webm,0.8022373512060929,0
video3143.webm,0.7832492236485455,0
video3148.webm,0.7954937649995896,0
video3156.webm,0.7992588873474362,0
video3157.webm,0.8015632766915478,0
video3164.webm,0.7594566597666144,0
video3166.webm,0.8004213319202612,0
video3170.webm,0.7966235715644465,0
video3174.webm,0.8122547756970283,0
video1140.webm,0.8065684662786197,0
video1141.webm,0.79838066264386,0
video1142.webm,0.7762195395847687,0
video1151.webm,0.7748402681157466,0
video1155.webm,0.806592319936757,0
video1157.webm,0.7975625187602642,0
video1158.webm,0.8073502946867533,0
video116.webm,0.7836039699849104,0
video1169.webm,0.7902718654954232,0
video117.webm,0.7749368354144043,0
video1172.webm,0.7761767634711378,0
video1179.webm,0.7880525317469078,0
video118.webm,0.7881149047402721,0
video1180.webm,0.7910087014650777,0
video1187.webm,0.7950892564449306,0
video1206.webm,0.7894315502449388,0
video1209.webm,0.7614347540583846,0
video1218.webm,0.8081200307023939,0
video1226.webm,0.7546777580465047,0
video1227.webm,0.7918820360969956,0
video1232.webm,0.8052418902774705,0
video1237.webm,0.7992537495230005,0
video1240.webm,0.7889561963324929,0
video3274.webm,0.8206911158190082,0
video3349.webm,0.804379784270182,0
video3424.webm,0.7956647752946824,0
video3486.webm,0.7820301971825737,0
video3594.webm,0.7835478955359368,0
video3658.webm,0.8000831216988643,0
video3729.webm,0.7773367525212145,0
video3876.webm,0.7839276953007415,0
video3947.webm,0.8175795560694076,0
video4001.webm,0.7947916954126458,0
video4090.webm,0.7897887169865762,0
video4166.webm,0.7935487905291029,0
video4248.webm,0.7927845640095461,0
video4346.webm,0.7991920233045734,0
video4426.webm,0.7972740060434425,0
video4551.webm,0.79358296938755,0
video4600.webm,0.7705059167725191,0
video468.webm,0.768664880441252,0
video4755.webm,0.7970636978934853,0
video4887.webm,0.7832353628002552,0
video5014.webm,0.7828048704719116,0
video3198.webm,0.7622588961018886,0
video5094.webm,0.8065425273900322,0
video7384.webm,0.786197094864034,0
video6222.webm,0.7692378568026825,0
video6223.webm,0.7638490976114038,0
video6226.webm,0.7764500056315987,0
video6228.webm,0.8058170897875174,0
video6229.webm,0.7802531047744334,0
video6238.webm,0.7963959194531485,0
video6241.webm,0.8217495324012573,0
video6242.webm,0.757636633971973,0
video6249.webm,0.7841845716369573,0
video6251.webm,0.7673699209902307,0
video6253.webm,0.7944668383304891,0
video6259.webm,0.8035887747977043,0
video6263.webm,0.8050887826531202,0
video6267.webm,0.8057361539658534,0
video6273.webm,0.7920719026762535,0
video6274.webm,0.7718602512027111,0
video6282.webm,0.7782848074179701,0
video6283.webm,0.8307896170572636,0
video6287.webm,0.8029174229377342,0
video6292.webm,0.7941010437067931,0
video630.webm,0.7847278484780656,0
video6300.webm,0.7655811254414208,0
video6301.webm,0.7935930663331617,0
video6302.webm,0.827141475079225,0
video6308.webm,0.7908363928307487,0
video6314.webm,0.7973765161059689,0
video6327.webm,0.8192811557059423,0
video6334.webm,0.8057135180425006,0
video6341.webm,0.7904982494285963,0
video6414.webm,0.7845427656875958,0
video6417.webm,0.7970176265618274,0
video6424.webm,0.8001504469256011,0
video6428.webm,0.7683626598297456,0
video6430.webm,0.7998950136246692,0
video6435.webm,0.7684849389820275,0
video6443.webm,0.7675160675456968,0
video6445.webm,0.8134738271020113,0
video6449.webm,0.792358694534051,0
video645.webm,0.7911616782939327,0
video6451.webm,0.793072891408746,0
video6455.webm,0.7890355467853095,0
video6459.webm,0.7747359646703049,0
video6464.webm,0.7830210953100113,0
video6468.webm,0.8056455965161042,0
video6469.webm,0.7838868645408805,0
video6471.webm,0.7962445890493715,0
video6472.webm,0.7933126887094275,0
video6482.webm,0.8033079272341206,0
video6487.webm,0.8066102156641982,0
video6490.webm,0.8075790669726445,0
video6495.webm,0.7914891481143629,0
video6497.webm,0.756727200545696,0
video6500.webm,0.7990028613972344,0
video6511.webm,0.7922320885162063,0
video6513.webm,0.7954667968250062,0
video6514.webm,0.7963123251555566,0
video6520.webm,0.798013533102308,0
video6522.webm,0.7952049454717286,0
video6529.webm,0.7962091551435009,0
video7467.webm,0.8195322001072689,0
video7476.webm,0.7903387557152314,0
video748.webm,0.8098453187449957,0
video7482.webm,0.7753872001010742,0
video7484.webm,0.7750828513511686,0
video7487.webm,0.8292907455504184,0
video7490.webm,0.8086686774878918,0
video7501.webm,0.7945539069114177,0
video7509.webm,0.8048412900126938,0
video7512.webm,0.7900277904121763,0
video7514.webm,0.7879759229832616,0
video7529.webm,0.8041963696863009,0
video7537.webm,0.7904744004351851,0
video7547.webm,0.8034225750286048,0
video7551.webm,0.7722293766876717,0
video7553.webm,0.7785437341826958,0
video7557.webm,0.7906506815458404,0
video7559.webm,0.8012336192827293,0
video756.webm,0.8311414513503648,0
video7561.webm,0.8054330317262257,0
video7564.webm,0.7746251245906141,0
video7570.webm,0.7829237585334856,0
video7577.webm,0.8049222135665052,0
video7583.webm,0.8312116159063937,0
video7586.webm,0.7798358415132692,0
video7594.webm,0.8025068224177746,0
video7595.webm,0.8154107239290481,0
video7601.webm,0.8128788808511102,0
video7620.webm,0.7934998420993377,0
video7622.webm,0.7967610855383319,0
video7623.webm,0.8103463231421961,0
video7630.webm,0.8030916394936471,0
video7639.webm,0.7925952456338623,0
video8662.webm,0.7924789549498835,0
video8666.webm,0.8106088083249825,0
video8675.webm,0.8003596121002666,0
video8681.webm,0.7909333019989544,0
video8682.webm,0.8004704382001023,0
video8686.webm,0.7801657095843926,0
video8688.webm,0.791748032279857,0
video8690.webm,0.8065925928659984,0
video8697.webm,0.8255659297809649,0
video8699.webm,0.7809880550163553,0
video8703.webm,0.7986337465579684,0
video8706.webm,0.7944941841730622,0
video8707.webm,0.8014462404803837,0
video8712.webm,0.8111062579040834,0
video8715.webm,0.8034932085393818,0
video8716.webm,0.7870126178326952,0
video8721.webm,0.7888669924890138,0
video8728.webm,0.7705104366953823,0
video9046.webm,0.8035169828341241,0
video9049.webm,0.8024581108730379,0
video9051.webm,0.7426101500486847,0
video9054.webm,0.7883429724227954,0
video9062.webm,0.7898274602071432,0
video9077.webm,0.7944552748548102,0
video9080.webm,0.7998594311147238,0
video9081.webm,0.7975823086086888,0
video9085.webm,0.8083972083093053,0
video9087.webm,0.7845710698448989,0
video9099.webm,0.792909367051603,0
video91.webm,0.787013865816759,0
video910.webm,0.7905330339212298,0
video9104.webm,0.8003693535185982,0
video911.webm,0.7846371017868541,0
video9111.webm,0.7585001606830072,0
video9122.webm,0.790405025190972,0
video8737.webm,0.7739950818525231,0
video8745.webm,0.8017761796696796,0
video8747.webm,0.8007654296514262,0
video875.webm,0.77643997106268,0
video876.webm,0.7858207865355246,0
video8761.webm,0.8229975724974035,0
video8767.webm,0.7821353227403081,0
video8769.webm,0.7964815225091807,0
video8773.webm,0.8084272709326918,0
video8777.webm,0.7864920781352417,0
video8787.webm,0.8039518237000242,0
video8793.webm,0.7944114397543931,0
video8798.webm,0.7607442440805798,0
video8801.webm,0.7786737688316302,0
video8809.webm,0.7906000763998778,0
video8812.webm,0.8257268195326751,0
video882.webm,0.787471473156534,0
video8823.webm,0.7659256768697127,0
video8824.webm,0.7706942281035289,0
video8831.webm,0.7815759030956938,0
video8832.webm,0.8125189411226951,0
video8836.webm,0.8146205223900449,0
video570.webm,0.8141709655281414,0
video5708.webm,0.7605218329979709,0
video5714.webm,0.7856673828346359,0
video572.webm,0.7789320432450312,0
video5726.webm,0.798865737975332,0
video5727.webm,0.7683789730507025,0
video5728.webm,0.7945715268854989,0
video5732.webm,0.8149347266854474,0
video5735.webm,0.761001292361115,0
video5738.webm,0.7767205790892304,0
video5741.webm,0.8026589764115954,0
video5744.webm,0.763490082259711,0
video5749.webm,0.8128123698508741,0
video575.webm,0.7984668946852473,0
video5752.webm,0.8052971481913319,0
video5774.webm,0.7881101339592848,0
video5782.webm,0.7883339126359717,0
video5787.webm,0.7830625952556726,0
video5789.webm,0.7609164432564767,0
video5792.webm,0.780431322551696,0
video5795.webm,0.7892531486004527,0
video5796.webm,0.8052022263993821,0
video5798.webm,0.7897226184497399,0
video5803.webm,0.79485318815013,0
video5814.webm,0.7783980115154672,0
video5820.webm,0.8116465865494031,0
video5827.webm,0.8042098491588234,0
video5830.webm,0.7904776035905828,0
video5834.webm,0.8009302017893323,0
video5836.webm,0.7911024453165466,0
video8975.webm,0.8031143057897229,0
video8982.webm,0.7904927668799142,0
video8991.webm,0.7760766070774936,0
video8993.webm,0.7729715844616589,0
video8996.webm,0.7869067074388197,0
video9.webm,0.7812623062944336,0
video9002.webm,0.7734173157723065,0
video9015.webm,0.8032115126221069,0
video9019.webm,0.8019855895864435,0
video9021.webm,0.7784154659341141,0
video9023.webm,0.8215055469886775,0
video9024.webm,0.8048663064843573,0
video9029.webm,0.8013766284782339,0
video903.webm,0.8087157164301836,0
video9030.webm,0.7933837204576921,0
video9036.webm,0.8298380454448446,0
video904.webm,0.802895720581148,0
video9040.webm,0.8053140117604214,0
video1659.webm,0.7908048483480267,0
video1666.webm,0.7965019690246095,0
video1668.webm,0.8090510530207944,0
video1671.webm,0.7996159049806512,0
video169.webm,0.7732511758652317,0
video1692.webm,0.7972003327861664,0
video1706.webm,0.7801278967843053,0
video1710.webm,0.7863132580250042,0
video1712.webm,0.8047840682813446,0
video1713.webm,0.7558969653168215,0
video1720.webm,0.7766243263513984,0
video1723.webm,0.7768348333230959,0
video1726.webm,0.7823193473660954,0
video1728.webm,0.8144916564802754,0
video174.webm,0.7898273107627704,0
video1752.webm,0.790015922028378,0
video1754.webm,0.808322079622376,0
video1775.webm,0.8002788564875185,0
video1776.webm,0.7696107343297083,0
video1783.webm,0.7769516548204907,0
video1787.webm,0.7629404287765102,0
video1788.webm,0.7684478237599099,0
video1791.webm,0.7847824331871903,0
video1792.webm,0.7698093127993492,0
video1796.webm,0.7963979848468224,0
video1798.webm,0.7886728162711857,0
video1808.webm,0.7748848996662935,0
video181.webm,0.7916320742311973,0
video1816.webm,0.8045785672891026,0
video1820.webm,0.7598280461533917,0
video1831.webm,0.7910602656830156,0
video1836.webm,0.8024577123263625,0
video1840.webm,0.7891134541055607,0
video1842.webm,0.7798953967968988,0
video1845.webm,0.7864266778074073,0
video1853.webm,0.7922081331347984,0
video1856.webm,0.7817646054426423,0
video1870.webm,0.7714166280509402,0
video1875.webm,0.8020842387811787,0
video1876.webm,0.7780384278135819,0
video4436.webm,0.7729874876981082,0
video4437.webm,0.7742363232162026,0
video4438.webm,0.791337476085005,0
video4445.webm,0.7690545205344248,0
video445.webm,0.7967654613448261,0
video4454.webm,0.7843626762374486,0
video4457.webm,0.7859373455819018,0
video4466.webm,0.8037970204524706,0
video4489.webm,0.7872579692435195,0
video4490.webm,0.7918377015249789,0
video450.webm,0.7929289190645329,0
video4502.webm,0.788664226592666,0
video4509.webm,0.7912757757430867,0
video4514.webm,0.8074467026339566,0
video4517.webm,0.785980919243937,0
video4521.webm,0.7969030430129561,0
video4532.webm,0.7829222478764104,0
video4535.webm,0.8020852682788817,0
video4541.webm,0.8142227253449871,0
video1318.webm,0.7759242255514153,0
video1320.webm,0.7911464425185217,0
video1323.webm,0.7994898833552965,0
video1326.webm,0.7815562245451453,0
video1327.webm,0.7857941004719452,0
video1331.webm,0.7883324282449665,0
video1334.webm,0.7807143510009531,0
video1339.webm,0.7693884162595619,0
video134.webm,0.7836357730669529,0
video1344.webm,0.7790570092163601,0
video1349.webm,0.7833824200854783,0
video135.webm,0.7623133910083851,0
video1350.webm,0.8040900471216728,0
video1360.webm,0.7980895269813062,0
video1361.webm,0.8023258903439161,0
video1362.webm,0.7943420731276489,0
video1370.webm,0.7880378320802953,0
video1372.webm,0.7991077034059894,0
video1374.webm,0.8221946284507511,0
video1376.webm,0.820447424239949,0
video1379.webm,0.7743814134606594,0
video1381.webm,0.7955382826939177,0
video1384.webm,0.7875132542729637,0
video6787.webm,0.8007974295946869,0
video6805.webm,0.792570990362333,0
video6818.webm,0.7976054866740797,0
video6821.webm,0.7954466831670404,0
video6824.webm,0.773536220400799,0
video6827.webm,0.8091625322935665,0
video6835.webm,0.801515749757879,0
video6837.webm,0.7721894573137421,0
video6838.webm,0.7794748919431406,0
video6840.webm,0.7951928114288802,0
video6843.webm,0.7724262187593954,0
video6848.webm,0.8005942185750529,0
video685.webm,0.7933087325981467,0
video6855.webm,0.7575763886824092,0
video6857.webm,0.7846825058656328,0
video6867.webm,0.7976824626652133,0
video6868.webm,0.7575183113087621,0
video6874.webm,0.8117742136634015,0
video6881.webm,0.8193514195721672,0
video6884.webm,0.7885583034182861,0
video6892.webm,0.7929199887940109,0
video6902.webm,0.8053632144071361,0
video6906.webm,0.7950132072854565,0
video3279.webm,0.8039634398989723,0
video328.webm,0.7707982249290961,0
video3289.webm,0.7819766706369988,0
video3290.webm,0.7910985244548576,0
video3293.webm,0.7843474522487609,0
video3295.webm,0.76912340736669,0
video3296.webm,0.7802806330822947,0
video3298.webm,0.8322015553580925,0
video3300.webm,0.7961372260949158,0
video3302.webm,0.7932607919621046,0
video3303.webm,0.7946756669664353,0
video3306.webm,0.7943622139065843,0
video3310.webm,0.816917923352899,0
video3312.webm,0.7800386678046614,0
video3320.webm,0.8026865993477388,0
video3326.webm,0.7834068860389929,0
video3332.webm,0.7655304481100529,0
video3336.webm,0.8240929364963038,0
video3337.webm,0.8075213188485275,0
video3342.webm,0.8064200027427851,0
video3345.webm,0.7725459845022592,0
video3347.webm,0.7946709137032104,0
video97.webm,0.8150585767109387,0
video9700.webm,0.7977695828438598,0
video971.webm,0.792872106610681,0
video9713.webm,0.804863716667277,0
video9721.webm,0.7728348257332298,0
video9722.webm,0.8047655742660551,0
video9724.webm,0.7894992910912699,0
video9726.webm,0.7996914890335556,0
video9727.webm,0.7958831343339519,0
video9728.webm,0.8077731221009732,0
video973.webm,0.7820700364828124,0
video9734.webm,0.8122000639585848,0
video9735.webm,0.8063315023699548,0
video9750.webm,0.790544670911522,0
video9759.webm,0.7923307682081724,0
video9761.webm,0.7781407753071017,0
video9763.webm,0.7817707970969933,0
video977.webm,0.8003597585961608,0
video9770.webm,0.7670289722169681,0
video9774.webm,0.770906289972116,0
video4757.webm,0.788280678897691,0
video4762.webm,0.7965715339437974,0
video4767.webm,0.8017530887596697,0
video4778.webm,0.7889932198352069,0
video4784.webm,0.7917462340980059,0
video4785.webm,0.7892675299878039,0
video4786.webm,0.8065851702768796,0
video4789.webm,0.7929017477804702,0
video4792.webm,0.794359715024502,0
video4806.webm,0.811671597161413,0
video482.webm,0.8058472939357747,0
video4847.webm,0.7818114677312132,0
video4849.webm,0.7932633125811608,0
video4856.webm,0.7772549007470234,0
video4859.webm,0.7999300400607917,0
video4861.webm,0.7823998685849622,0
video4875.webm,0.7903224425224775,0
video4880.webm,0.7862131543477583,0
video4883.webm,0.7650854113294859,0
video4603.webm,0.7848655772718026,0
video4608.webm,0.7834119987983482,0
video4616.webm,0.8183060219020519,0
video4624.webm,0.7905024498215034,0
video4633.webm,0.7874664083887282,0
video4636.webm,0.7789977317099329,0
video4638.webm,0.7827112834190878,0
video4641.webm,0.8151695370384107,0
video4650.webm,0.8041859729763102,0
video4656.webm,0.8118343791287234,0
video4659.webm,0.7802035120828346,0
video466.webm,0.7842774839433573,0
video4665.webm,0.7922726519185154,0
video4669.webm,0.8040935768425262,0
video4672.webm,0.7605242891068357,0
video4673.webm,0.8017005235429008,0
video4675.webm,0.7866020308088616,0
video4676.webm,0.7856104085165468,0
video9411.webm,0.7752362426615433,0
video9413.webm,0.8109769203723074,0
video9418.webm,0.7782200302148153,0
video9429.webm,0.7909131698222194,0
video9436.webm,0.7871370343902396,0
video944.webm,0.7946499589981454,0
video9442.webm,0.8193230838465239,0
video9444.webm,0.8014675016150418,0
video9447.webm,0.7870633229716892,0
video945.webm,0.7862734109559377,0
video9458.webm,0.7780665823096273,0
video9459.webm,0.7919241983047751,0
video946.webm,0.7426178422050908,0
video9467.webm,0.7890453892673028,0
video9471.webm,0.7908833724291385,0
video9482.webm,0.8020770310553104,0
video9489.webm,0.8160688967677369,0
video9491.webm,0.7852637207280919,0
video9494.webm,0.787457840745442,0
video9498.webm,0.7924894038371263,0
video950.webm,0.7808200973114303,0
video9514.webm,0.8075756458274005,0
video9520.webm,0.8203640474225412,0
video9539.webm,0.7731154086824316,0
video9540.webm,0.796294949908705,0
video955.webm,0.7988659199667271,0
video9563.webm,0.7847102312968194,0
video9569.webm,0.7935392387555182,0
video9570.webm,0.8157736218558224,0
video9578.webm,0.8278092228346157,0
video9579.webm,0.7385517399001723,0
video230.webm,0.7995805076876716,0
video2305.webm,0.7717940569134268,0
video2307.webm,0.7886809263233147,0
video2313.webm,0.7770821990678011,0
video232.webm,0.792670816187676,0
video2320.webm,0.7960576340771186,0
video2331.webm,0.7920736560810319,0
video2333.webm,0.8429793513918964,0
video2338.webm,0.7936756136873042,0
video2346.webm,0.803339139942643,0
video235.webm,0.7770944536199726,0
video2350.webm,0.7990137012669299,0
video2366.webm,0.7921342264515093,0
video2368.webm,0.7937747602642713,0
video2371.webm,0.775389535630884,0
video2378.webm,0.7930161128083753,0
video2384.webm,0.8077822363303684,0
video2390.webm,0.7654275816710427,0
video2392.webm,0.7868788258601016,0
video7968.webm,0.7919165314947028,0
video7971.webm,0.7895943872871309,0
video7974.webm,0.81974856353581,0
video7978.webm,0.7777840661927524,0
video7979.webm,0.7825640984168284,0
video7982.webm,0.7676504063636057,0
video7989.webm,0.8015744759287581,0
video8003.webm,0.7784664217077426,0
video8005.webm,0.811137050452003,0
video8006.webm,0.7933404623098765,0
video8007.webm,0.794025933685501,0
video8011.webm,0.8211298239861129,0
video8017.webm,0.8048394054624363,0
video802.webm,0.7718783454755146,0
video8020.webm,0.797743278626951,0
video8025.webm,0.7995999914856257,0
video8031.webm,0.7699233954779716,0
video8034.webm,0.7633503135604504,0
video8039.webm,0.8068001214199308,0
video804.webm,0.7843297654080904,0
video8046.webm,0.7702012345275823,0
video8053.webm,0.7705803308346141,0
video8055.webm,0.7927204137398579,0
video8070.webm,0.7873667388277986,0
video8083.webm,0.7630143825153626,0
video8093.webm,0.8182395559024224,0
video9126.webm,0.7700311868910209,0
video9129.webm,0.8030363944700484,0
video913.webm,0.7718796160568908,0
video9136.webm,0.80996340840135,0
video9144.webm,0.7991562925634221,0
video9146.webm,0.7593319276948157,0
video9148.webm,0.7742227826778423,0
video9149.webm,0.7776071964441109,0
video9154.webm,0.7810001258045274,0
video9156.webm,0.7667375896376825,0
video9161.webm,0.8237107941861146,0
video9164.webm,0.7884065134319677,0
video9173.webm,0.8076093971811483,0
video9178.webm,0.7655176361289311,0
video9182.webm,0.7916388306869453,0
video9189.webm,0.8010035231050024,0
video9195.webm,0.8318964017220993,0
video9196.webm,0.7790921470421722,0
video9199.webm,0.7979152190398359,0
video9200.webm,0.7956127019094262,0
video9201.webm,0.7847261239797605,0
video4002.webm,0.792189683448661,0
video4013.webm,0.8029007773863662,0
video4019.webm,0.7582983826378193,0
video4021.webm,0.7857302248957739,0
video4023.webm,0.8151107118935879,0
video4025.webm,0.77643838747777,0
video4027.webm,0.7779541419342664,0
video4034.webm,0.7731833046409645,0
video4036.webm,0.7894625368038447,0
video4037.webm,0.8005301929353754,0
video4038.webm,0.8071947432688366,0
video4041.webm,0.8105872659190128,0
video4042.webm,0.8021011398537439,0
video4048.webm,0.7886733247673782,0
video4053.webm,0.7995451757305789,0
video406.webm,0.8016019851318611,0
video4072.webm,0.7862700862695244,0
video4073.webm,0.8062555141046396,0
video4076.webm,0.780935531995224,0
video4084.webm,0.8093357131234254,0
